name,acne_score,irritant_score,safety_score
Sodium Lauroyl Sarcosinate,,,3
PEG-3 Glyceryl Cocoate,,,
Glyceryl Glucoside,,,1
Sodium PCA,0,0,1
Propanediol,,,1
SALIXALBA,,,1
Allium Cepa Bulb Extract,,,1
Iris Florentina Root Extract,,,
Citric Acid,,,2
Allantoin,0,0,1
Panthenol,0,0,1
Disodium EDTA,,,1
Zinc Sulfate,,,4
Water,,,1
Magnesium Aluminum Silicate,0,0,1
Glycerin,0,0,2
Sodium C14-16 Olefin Sulfonate,,,2
PEG-75,,,3
Laureth-2,,,3
Phenoxyethanol,,,4
Xanthan Gum,,,1
Poloxamer 124,,,2
Sodium Hyaluronate,0,0,1
Hamamelis Virginiana Extract,,,1
Chlorphenesin,,,3
Disodium lauryl sulfosuccinate,,,1
Potassium stearate,,,1
Sodium taurine cocoyl methyltaurate,,,
Aesculus Hippocastanum Bark Extract,,,1
Potassium myristate,,,1
Sodium Cocoyl Glycinate,,,1
Parfum,,,4
Sodium Laureth Sulfate,3,2,3
Sodium Methyl Cocoyl Taurate,,,1
Acrylates Copolymer,,,2
Sodium Lactate,,,3
PEG150DISTEARATE,2,0,3
Potassium Hydroxide,,,5
Niacinamide,,,1
Aqua,,,1
Glycerol,0,0,2
Butyl Stearate,4,0,1
Potassium Cocoyl Glycinate,,,1
C12,4,1,1
Glyceryl Stearate,,,
Centella asiatica,,,1
Zinc PCA,,,3
SLES,3,2,3
Cocamide MEA,,,4
Hyaluronan,,,1
Silanetriol,,,1
Butylene Glycol,1,0,1
Bentonite,0,0,2
Maltooligosyl glucoside,,,1
Polyquaternium-7,,,4
Edetate Disodium,,,1
Methylparaben,0,0,4
Cocamidopropyl Betaine,,,5
PEG-7 Glyceryl Cocoate,,,4
CurcumaLonga,,,1
Aloe Barbadensis Leaf Juice,,,3
Melaleuca alternifolia oil,,,6
Chrysanthellum Indicum Extract,,,1
Zingiber Officinale Extract,,,1
Salicylic Acid,,,4
Cucumber Extract,,,1
Hazel Extract,,,
Sodium chloride,,3,1
Caprylic/capric Glycerides Polyglycerin-10 Esters,,,1
PEG150Distearate,2,0,3
DMDM Hydantoin,,,6
Benzyl Alcohol,,,6
Centella Asiatica Leaf Extract,,,1
Caprylyl Glycol,,,1
Magnesium chloride,,,1
Magnesium nitrate,,,1
Methylchloroisothiazolinone,,,5
Methylisothiazolinone,,,7
Ophiopogon japonicus root extract,,,1
Serine,,,1
Histidine,,,1
Alanine,,,1
Arginine,,,1
Glycosyl Trehalose,,,1
Pueraria Lobata Root Extract,,,1
Lysine,,,1
Stearic Acid,2,0,1
Hydrogenated starch hydrolysate,,,1
Cinnamomum Zeylanicum Bark Extract,,,3
Lauric Acid,4,1,1
Glycine,,,1
Sophora Flavescens Root Extract,,,1
Potassium cocoate,,,1
Sodium laurate,,,1
Threonine,,,1
Sarcosine,,,1
Anemarrhena Asphodeloides Root Extract,,,1
Trehalose,,,1
Valine,,,1
Sodium Benzoate,,,3
Isoleucine,,,1
Pentylene Glycol,,,1
Tyrosine,,,1
Opuntia Streptacantha Stem Extract,,,1
Hydroxypropyl methylcellulose,,,1
Phenylalanine,,,1
Glycol Distearate,,,1
Capryloyl glycine,,,1
Citrus Limon Fruit Extract,,,2
Polyquaternium-22,,,1
Polyacrylate Crosspolymer-6,,,1
Maltitol,,,1
Pentaerythrityl Tetra-di-t-butyl Hydroxyhydrocinnamate,,,1
Coco-betaine,,,1
PEG-120 Methyl Glucose Dioleate,0,,3
Calcium gluconate,,,1
Gluconolactone,,,1
Saccharide Isomerate,,,1
Shea Butteramidopropyl Betaine,,,3
Benzoic Acid,2,3,3
Capryl/Capramidopropyl Betaine,,,3
Cholesterol,0,0,1
C12-13 alkyl lactate,,,1
Sodium Citrate,,,1
Carbomer,1,1,1
Laureth-9,,,3
Ceramide EOP,,,
Ceramide AP,,,1
Ethoxydiglycol,,,2
Ethylhexylglycerin,,,2
Sodium lauroyl lactylate,,,1
Hexylene Glycol,2,1,1
Hydrolyzed Hyaluronic Acid,,,1
Phytosphingosine,,,1
Glycolic Acid,,,4
Lauryl hydroxysultaine,,,1
"1,2-Hexanediol",,,1
Nymphaea Alba Flower Extract,,,1
Madecassoside,,,1
Acrylates/C10-30 alkyl acrylate crosspolymer,,,1
Tromethamine,,,2
Glutamic Acid,,,1
Poloxamer 184,,,4
Ammonium polyacryloyldimethyl taurate,,,1
Decyl Glucoside,,,1
Polyglyceryl-4 Caprylate/caprate,,,1
Polyglyceryl-6 Caprylate,,,1
Sorbitan sesquioleate,,,1
Synthetic fluorphlogopite,,,1
Tin oxide,,,2
Titanium Dioxide,0,0,6
Ammonium Laureth Sulfate,,,3
Methyl perfluorobutyl ether,,,4
Centella Asiatica Extract,,,1
Madecassic acid,,,1
Asiaticoside,,,1
Asiatic acid,,,1
Carica Papaya Fruit Extract,,,1
Prunus Mume Fruit Extract,,,1
Vitis Vinifera Fruit Extract,,,1
Ceramide NS,,,1
Ceramide AS,,,
Saccharomyces/rice Ferment Filtrate,,,1
Disodium cocoamphodiacetate,,,1
Dipropylene glycol,,,2
Hydroxyacetophenone,,,1
Caramel,,,1
Cetearyl Alcohol,2,2,1
Dipotassium Glycyrrhizate,,,1
CI 42090,,,7
Tocopheryl Acetate,0,0,3
Sodium Hydroxide,,,4
Mannitol,,,1
Sodium Cocoyl Alaninate,,,1
Chromium Hydroxide Green,0,0,4
Zea mays starch,,,1
Disodium Coco-Glucoside Citrate,,,1
Melaleuca alternifolia leaf oil,,,6
Sorbitol,0,0,1
Arachidic acid,2,0,1
Oleic Acid,5,,1
Coco-glucoside,,,1
Myristic acid,3,0,1
Houttuynia Cordata Extract,,,1
Palmitic Acid,3,0,1
Lactose,,,1
Eau,,,1
Caprylic/Capric Triglyceride,1,,1
Glycolipids,,,1
Tocopherol,3,2,1
Ananas Sativus Fruit Extract,,,1
Hippophae Rhamnoides Fruit Oil,,,1
Camellia Oleifera Leaf Extract,,,1
Lauroyl lysine,,,1
Polyglutamic Acid,,,1
Lactobacillus ferment,,,1
Polyglyceryl-4 caprate,,,1
Caprylyl Glyceryl Ether,,,1
Leuconostoc/Radish Root Ferment Filtrate,,,1
SodiumHydroxide,,,4
Potassium benzoate,,,1
Styrene/acrylates copolymer,,,2
Rosmarinus Officinalis Leaf Oil,,,1
Melia Azadirachta Leaf Extract,,,1
Theobroma Cacao Seed Extract,,,
Artemisia Vulgaris Oil,,,
Melia Azadirachta Flower Extract,,,1
Dextrin,,,1
Leptospermum Scoparium Leaf Extract,,,
Limnanthes Alba Seed Oil,,,1
Ceramide NP,,,1
Honey Extract,,,1
Disodium laureth sulfosuccinate,,,2
Cocamide DEA,,,7
Propylene Glycol,0,0,3
Lactic Acid,,,4
"1,2-Pentanediol",,,
Hyaluronic Acid,,,1
Potassium hyaluronate,,,1
Sodium Hyaluronate Crosspolymer,,,1
Hydrolyzed Sodium Hyaluronate,,,1
Sodium Acetylated Hyaluronate,,,1
Hydroxypropyltrimonium Hyaluronate,,,1
Tetrasodium EDTA,,,2
PEG-250 Distearate,,,3
Hydrogenated vegetable oil,3,1,1
Ozokerite,0,0,1
Hydrogenated Palm Acid,,,1
Polyquaternium-39,,,2
Fragrance,,,4
Capric acid,2,2,1
Iodopropynyl Butylcarbamate,,,5
Calendula Officinalis Flower Extract,,,1
Potassium Sorbate,,,2
Acetyl Tetrapeptide-5,,,1
Sodium Cocoyl Isethionate,,,1
Glycereth-18,,,1
Stearyl Alcohol,2,2,1
Oryza Sativa Bran Extract,,,2
Avena Sativa Kernel Extract,,,1
Oligopeptide-10,,,1
Behenyl Alcohol,,,1
Disodium Carboxyethyl Siliconate,,,1
Linalool,,,3
Acrylamide/Sodium acryloyldimethyltaurate copolymer,,,2
Xylitylglucoside,,,1
Betaine,,,1
Anhydroxylitol,,,1
Polysorbate 80,0,0,3
Sorbitan Oleate,3,0,1
Geraniol,,,5
Citronellol,,,4
Dicaprylyl Carbonate,,,1
Cetyl Ethylhexanoate,,,1
Hexanediol,,,1
Corallina Officinalis Extract,,,1
Caprae lac,,,1
Simmondsia Chinensis Seed Wax,,,1
Lactobacillus/punica Granatum Fruit Ferment Extract,,,1
AmmoniumAcryloyldimethyltaurateVPCopolymer,,,1
Iron Oxides,0,0,2
Yogurt,,,1
Microcrystalline Cellulose,,,2
Sucrose,,,1
Mica,,,2
Ectoin,,,1
Sodium lauroyl methylaminopropionate,,,1
Hydroxypropyl Starch Phosphate,,,1
Sorbitan Olivate,,,1
Polyquaternium-67,,,1
Sodium acetate,,,1
Chamaecyparis Obtusa Water,,,1
Melaleuca Alternifolia Leaf Water,,,1
Polysorbate 20,0,0,3
PEG-100 Stearate,1,0,3
Guar hydroxypropyltrimonium chloride,,,1
Hamamelis Virginiana Water,,,1
Aloe Barbadensis Leaf Extract,,,3
Camellia Sinensis Leaf Water,,,1
Lauryl glucoside,,,1
Dehydroxanthan gum,,,1
Inulin,,,1
Alpha-glucan oligosaccharide,,,1
Ceramide NG,,,1
PEG-8,,,3
Palmitoyl myristyl serinate,,,1
PEG-40 GLYCERYL COCOATE,,,4
Urea,,,3
Triethanolamine,2,0,5
Paraffinum Liquidum,0,0,4
PEG-12 Dimethicone,,,3
Ceteareth-20,2,,3
Isopropyl Palmitate,4,1,1
PEG-8/SMDI Copolymer,,,3
Sodium Polyacrylate,,,2
Aloe Barbadensis,0,0,2
Didecyldimonium chloride,,,
Cetrimonium chloride,,,4
BambooCharcoal,,,
Cocamidopropylamine oxide,,,1
EucalyptusGlobulus,,,1
BergamotFruitOil,,,2
Distilled Water,,,
Citrus Junos Fruit Water,,,
Vigna Radiata Seed Extract,,,1
Simmondsia Chinensis Seed Oil,2,2,1
Propylene glycol dicaprylate/dicaprate,1,0,1
Glycine Soja Seed Extract,,,1
Glycine Soja Oil,3,0,1
Polyglyceryl-3 methylglucose distearate,,,1
Schisandra Chinensis Fruit Extract,,,1
Glycine Max Seed Extract,,,
Glycine Soja Peptide,,,
Avena Sativa Peptide,,,1
Glycine Max Polypeptide,,,
Triticum Aestivum Peptide,,,
Lactococcus ferment,,,1
Rehmannia Glutinosa Root Extract,,,1
Cornus Officinalis Fruit Extract,,,1
Coptis Japonica Root Extract,,,1
Dioscorea Japonica Root Extract,,,1
Paeonia Suffruticosa Root Extract,,,1
Smilax Glabra Root Extract,,,
Artemisia Annua Extract,,,1
Lepidium Meyenii Root Extract,,,1
Stellaria Media Extract,,,1
Avena Sativa Meal Extract,,,1
Hydrolyzed vegetable protein,,,1
Glycoproteins,,,1
Sodium stearoyl glutamate,,,1
Polyquaternium-51,,,1
Cyanocobalamin,,,1
Sorbitan Stearate,0,1,1
Sodium Lauroyl Methyl Isethionate,,,1
CocoBetaine,,,1
AloeBarbadensis,0,0,2
ButyrospermumParkiiButter,,,1
TheobromaCacaoButter,4,0,1
Organic Molasses,,,1
RosmarinusOfficinalis,,,1
CalendulaOfficinalis,1,0,1
Prunus Armeniaca Kernel Oil,5,0,1
Sunflower Seed Oil,0,0,1
CaprylicCapricTriglyceride,1,,1
Polyglyceryl-4 oleate,,,1
Vitis vinifera,,,1
Morinda Citrifolia Extract,,,1
Hippophae Rhamnoides Fruit Extract,,,1
Calendula Officinalis Extract,,,1
Disodium phosphate,,,1
Nordihydroguaiaretic Acid,,,1
PEG-60 Almond Glycerides,,,3
Litchi Chinensis Seed Extract,,,1
Moringa Oleifera Seed Extract,,,1
Farnesol,,,4
Hamamelis Virginiana Leaf Extract,,,1
Laureth-4,5,4,3
Oleanolic acid,,,1
Acetyl cysteine,,,1
Sodium Ascorbyl Phosphate,,,1
Citrus Limon Peel Oil,,,6
Cananga Odorata Flower Oil,,,5
Aniba Rosaeodora Wood Oil,,,
Lavandula Angustifolia Oil,,,2
SantalumAlbumOil,,,1
Hydroxyethyl Acrylate/Sodium Acryloyldimethyl Taurate Copolymer,,,1
Glycyrrhetinic acid,,,1
Polysorbate 60,,,3
Sorbitan isostearate,2,,1
Ranunculus Ficaria Extract,,,1
Sodiumhydroxide,,,4
Prunus Amygdalus Dulcis Oil,3,,1
SimmondsiaChinensis,,,1
Ascorbyl Tetraisopalmitate,,,1
Persea gratissima oil,2,0,1
Cocos Nucifera Oil,5,1,1
Helianthus Annuus Seed Oil,0,0,1
Limonene,,,5
Cetearyl Wheat Straw Glycosides,,,1
Squalane,1,0,1
Curcuma Longa Root Extract,,,1
Acacia Seyal Gum Extract,,,
Olea Europaea Fruit Oil,2,0,1
Sorbeth-30 Tetraoleate,,,1
Synthetic wax,,,1
Sphingolipids,,,3
Sodium Cocoyl Apple Amino Acids,,,1
Sodium Lauroyl Oat Amino Acids,,,1
Caprylhydroxamic acid,,,1
Hydroxyphenyl Propamidobenzoic Acid,,,1
Beta-Glucan,,,1
Ascorbyl Palmitate,2,0,1
Ubiquinone,,,1
Saccharum Officinarum Extract,,,1
Citrus Aurantium Dulcis Fruit Extract,,,4
CaprylicCapricTriglycerides,1,,1
Nicotinamide adenine dinucleotide,,,
BenzylAlcohol,,,6
Acer Saccharum Extract,,,1
Soybean oil,3,0,1
Glyceryl stearate citrate,,,1
Cetearyl Glucoside,,,2
Vaccinium Myrtillus Fruit/Leaf Extract,,,
Lecithin,,,2
Methylpropanediol,,,1
Sedum Sarmentosum Extract,,,
Sodium phytate,,,1
Sodium bicarbonate,,,1
Aspartic acid,,,1
Leucine,,,1
Proline,,,1
Cysteine,,,1
Laminaria Japonica Extract,,,1
Eclipta Prostrata Leaf Extract,,,1
Fructooligosaccharides,,,1
Hydrogenated lecithin,,,2
Melaleuca Alternifolia Extract,,,1
Citrus Unshiu Peel Extract,,,1
Carnitine,,,1
Garcinia Cambogia Fruit Extract,,,
Maris sal,,,1
Magnolia Officinalis Bark Extract,,,1
Trisodium EDTA,,,1
Propylparaben,0,0,9
PEG-6 caprylic/capric glycerides,,,3
PEG-150 Pentaerythrityl Tetrastearate,,,3
Cocamidopropyl hydroxysultaine,,,1
XANTHANGUM,,,1
Vanilla Planifolia Fruit Extract,,,1
Cocos Nucifera Fruit Extract,,,1
Prunus Armeniaca Fruit Extract,,,1
Juniperus Mexicana Oil,,,1
Portulaca Oleracea Extract,,,1
Glycerine,0,0,2
Ocimum Basilicum Oil,,,1
Mentha Suaveolens Leaf Extract,,,1
Ethylhexyl Palmitate,4,1,1
Carthamus Tinctorius Seed Oil,0,0,1
Polyglyceryl-3 laurate,,,1
Polyhydroxystearic acid,,,1
Polyglyceryl-10 laurate,,,1
Sclerocarya Birrea Seed Oil,,,1
Euterpe Oleracea Fruit Oil,,,1
FRAGARIAANANASSA,,,1
Vaccinium Macrocarpon Seed Oil,,,1
Borago Officinalis Seed Oil,,,1
Polyglyceryl-2 caprate,,,1
Citrullus Lanatus Seed Oil,,,1
Schinziophyton Rautanenii Kernel Oil,,,1
Vaccinium Angustifolium Fruit Extract,,,1
Ximenia Americana Seed Oil,,,1
Charcoal powder,,,1
Trideceth-9,,,1
Triclosan,,,7
PEG-40 Hydrogenated Castor Oil,,,3
Fomes Officinalis Extract,,,1
Glycyrrhiza Glabra Root Extract,,,5
Alcohol,,,1
Salvia Officinalis Oil,,,1
Pelargonium Graveolens Flower Oil,,,4
Pogostemon Cablin Oil,,,1
Cocamide Methyl MEA,,,3
Polyglyceryl-10 oleate,,,1
Isatis Tinctoria Root Extract,,,
Potassium cetyl phosphate,,,1
Brassica Campestris (Rapeseed) Sterols,,,1
Benzyl Glycol,,,1
Rhodomyrtus Tomentosa Fruit Extract,,,1
Citrus Aurantium Bergamia Fruit Oil,,,2
Xylitol,,,1
Capryloyl salicylic acid,,,1
Glyceryl oleate,,,1
Sesamum indicum Seed Oil,2,0,1
Arachis Hypogaea Oil,2,2,2
Decyl Oleate,3,0,1
Octyldodecanol,4,,1
PEG-40 sorbitan peroleate,,,3
Bisabolol,,,2
Quillaja Saponaria Bark Extract,,,1
Lauramidopropyl betaine,,,3
Sodium gluconate,,,1
Aloe Barbadensis Leaf Juice Powder,,,3
Moringa Oleifera Seed Oil,,,1
Brassica Oleracea Gemmifera Extract,,,1
Brassica Oleracea Italica Sprout Extract,,,1
Achillea Millefolium Extract,,,2
Lavandula Angustifolia Flower/leaf/stem Extract,,,1
Salvia Officinalis Extract,,,1
Dimethyl sulfone,,,1
Illite,,,1
Gardenia Florida Fruit Extract,,,
Malic Acid,,,4
Sodium myreth sulfate,,,1
Pantolactone,,,1
PEG-200 Hydrogenated Glyceryl Palmate,,,3
Rosa Damascena Flower Oil,,,3
Hydrolyzed Jojoba Esters,,,1
Panax Ginseng Root Extract,,,1
Centaurea Cyanus Flower Water,,,1
Hydrolyzed soy protein,,,
Rosa Damascena Extract,,,3
Rosa Damascena Flower Water,,,1
Purified Water,,,
Cannabis Sativa Seed Extract,,,
Cannabis Sativa Flower/leaf/stem Extract,,,5
Pinus Pinaster Bark Extract,,,1
Camellia Sinensis Leaf Extract,,,2
Chamomilla Recutita Flower Extract,,,1
Citrus Nobilis Peel Oil,,,2
Citrus Aurantium Dulcis Peel Oil,,,5
Butyrospermum Parkii Butter,,,1
Mangifera Indica Seed Butter,,,1
Citrus Tangerina Extract,,,1
Apium Graveolens Extract,,,1
Spinacia Oleracea Leaf Extract,,,1
Triticum Vulgare Sprout Extract,,,1
Beta Vulgaris Root Extract,,,1
Citrus Aurantium Dulcis Juice,,,1
Citrus Paradisi Juice,,,2
Sodium myristoyl glutamate,,,1
Ascorbic Acid,0,0,1
Lactobacillus/pumpkin Ferment Extract,,,
Sucrose laurate,,,1
Ocimum Sanctum Leaf Extract,,,1
Sucrose palmitate,,,1
Ocimum Basilicum Flower/leaf Extract,,,
Silicone quaternium-8,,,1
3-o-ethyl ascorbic acid,,,1
Citrullus Lanatus Fruit Extract,,,1
PPG-26-Buteth-26,,,2
Maltodextrin,,,1
Lens Esculenta Fruit Extract,,,1
Trisodium Ethylenediamine Disuccinate,,,1
PEG-120 Methyl Glucose Trioleate,,,3
Sodium phosphate,,,1
Caprylyl/capryl glucoside,,,1
CI15985,,,7
Polyquaternium-10,,,1
Cymbopogon Citratus Leaf/stem Oil,,,
Lavandula Hybrida Oil,,,1
Menthol,,,1
Phoenix Dactylifera Fruit Extract,,,1
Sodium Lauryl Glucose Carboxylate,,,1
Althaea Officinalis Root Extract,,,1
Ethylene brassylate,,,1
Sodium cocoyl glutamate,,,1
Litsea Cubeba Fruit Oil,,,
TetrasodiumEDTA,,,2
Salix Alba Bark Extract,,,1
Mineral Oil,0,0,4
PEG-40 Stearate,,,3
Macadamia Ternifolia Seed Oil,,,1
Dimethicone,1,0,3
Sucrose stearate,0,,1
Sparassis Crispa Extract,,,
Ganoderma Lucidum Extract,,,1
Phellinus Linteus Extract,,,1
12Hexanediol,,,1
CI 17200,2,0,4
Houttuynia Cordata Powder,,,
Coconut alcohol,,,1
Glycereth-18 Ethylhexanoate,,,1
Boswellia Serrata Extract,,,1
CI 77891,0,0,6
Isohexadecane,,,1
Macadamia Integrifolia Seed Oil,,,
Polyacrylamide,,,4
C13-14 Isoparaffin,,,1
Laureth-7,,,3
Anthemis Nobilis Flower Extract,,,2
Alteromonas Ferment Extract,,,1
Polysorbate20,0,0,3
Glyceryl caprylate,,,1
PotassiumHydroxide,,,5
Clitoria Ternatea Flower Extract,,,
Nelumbo Nucifera Extract,,,1
Phaseolus radiatus seed extract,,,1
Oryza Sativa Extract,,,2
Propylene glycol laurate,0,,1
Punica Granatum Extract,,,1
Prunus Mume Fruit Water,,,
Morinda Citrifolia Fruit Extract,,,1
Cryptomeria Japonica Leaf Extract,,,
Malachite Extract,,,1
Coptis Chinensis Root Extract,,,1
Gluconic acid,,,1
Pyrus Communis Fruit Extract,,,1
Prunus Persica Fruit Extract,,,1
Pimpinella Anisum Fruit Extract,,,1
Cucumis Melo Seed Extract,,,1
PCA,,,2
PPG-5-CETETH-20,,,3
Trideceth-6,,,1
Hydroxyethyl Urea,,,1
Polyquaternium-53,,,2
Sodium Hydroxypropylsulfonate Laurylglucoside Crosspolymer,,,1
Sodium cocoamphoacetate,,,1
Mandelic acid,,,1
Polyacrylate-1 Crosspolymer,,,
Sodium Hydroxypropylsulfonate Decylglucoside Crosspolymer,,,
Potassium Azeloyl Diglycinate,,,1
Honey,,,1
Dimethylmethoxy chromanol,,,1
Citrus Sinensis Peel Extract,,,1
Cucumis Sativus Fruit Extract,,,1
Orchis Mascula Extract,,,
Daucus Carota Sativa Seed Extract,,,1
Ginkgo Biloba Leaf Extract,,,1
Sodium lauroyl isethionate,,,1
Ceramide EOS,,,1
3oEthylAscorbicAcid,,,1
Citrus Reticulata Fruit Extract,,,2
Lemon,,,1
PEG-14M,,,3
Polymnia Sonchifolia Root Juice,,,1
Aspergillus Ferment,,,1
Lactobacillus,,,
PEG150PENTAERYTHRITYLTETRASTEARATE,,,3
COCAMIDOPROPYLBETAINE,,,5
CAPRYLYLGLYCOL,,,1
SODIUMBENZOATE,,,3
PEG400,4,0,3
Cetyl Phosphate,,,1
Ceteth-3,,,3
Ceteth5,,,3
Sodium Hydrolyzed Potato Starch Dodecenylsuccinate,,,1
Linoleamidopropyl PG-dimonium chloride phosphate,,,3
Potassium Acrylates Copolymer,,,
HelianthusAnnus,,,
Beeswax,2,2,1
Cotton Flower Extract,,,1
Theobroma Cacao Seed Butter,4,0,1
Yucca Schidigera Leaf/root/stem Extract,,,
Artemisia Umbelliformis Extract,,,1
Silica,,,
Fructose,,,1
AlcoholDenat,0,5,4
Ammonium Acryloyldimethyltaurate/VP Copolymer,,,1
Dehydroacetic Acid,,,1
Cetostearyl Alcohol,2,2,1
CaprylylGlycol,,,1
Wheat Germ Oil,5,2,1
Deionized Water,0,0,
PEG-6 STEARATE,,,3
Hydrogenated polyisobutene,1,,1
o-Cymen-5-ol,,,2
SodiumBenzoate,,,3
Hamamelis Virginiana Bark/Leaf Extract,,,
Glyceryl laurate,,,3
Persea Gratissima Fruit Extract,,,1
Phytosteryl/Octyldodecyl Lauroyl Glutamate,,,1
Jasminum Officinale Flower/leaf Extract,,,
Cucumis Melo Fruit Extract,,,1
Pyrus Malus Fruit Extract,,,1
Rose Extract,,,1
Rubus Idaeus Leaf Extract,,,1
Santalum Album Wood Extract,,,1
Solanum Melongena Fruit Extract,,,1
CorallinaOfficinalisExtract,,,1
Cyclodextrin,,,1
Cocoamidopropyl Betaine,,,5
Ammonium sulfate,,,2
Glyoxal,,,9
Ammonium Hydroxide,,,3
Ammonium Lauryl Sulfate,,,1
Laureth-10,,,3
ROSMARINUSOFFICINALISLEAFEXTRACT,,,1
Ammonium chloride,,,2
Malus Domestica Fruit Extract,,,1
Sodium lauroyl glutamate,,,1
Smectite,,,1
Sclerotium Gum,,,1
Cellulose gum,0,0,1
Glucose,,,1
CI75810,,,4
Benzyl Benzoate,,,5
Papain,0,3,2
Aniba Rosaeodora Wood Extract,,,
Bromelain,0,0,2
Lactobacillus/Pumpkin Fruit Ferment Filtrate,,,1
CetearylPhosphate,,,1
Sodium Lauryl Sulfate,5,2,2
Sodium Stearate,,,1
Lavender Oil,,,2
Rose Absolute,,,1
Tetrasodium etidronate,,,2
KOH,,,5
Shea Butter,,,1
Perilla Ocymoides Seed Oil,,,
Sorbic Acid,,,2
Disodium cocoyl glutamate,,,1
PEG-55 Propylene Glycol Oleate,,,3
Kaolin,0,0,1
Coconut acid,,,1
2Oleamido13Octadecanediol,,,1
TEALAUROYLCOLLAGENAMINOACIDS,,,2
Glycol stearate,,,1
Ceteareth-25,,,1
Polyquaternium-43,,,2
Euglena Gracilis Extract,,,1
Hydroxyethylcellulose,,,1
BHT,,,3
Arbutin,,,1
Disodium 2-Sulfolaurate,,,1
Althaea Rosea Flower Extract,,,1
Chitosan,,,1
Polygonum Fagopyrum Seed Extract,,,1
Amaranthus Caudatus Seed Extract,,,1
NELUMBONUCIFERAFLOWERWATER,,,1
Potentilla Anemonifolia Extract,,,
Pyrus Malus Fruit Water,,,1
Acmella Oleracea Extract,,,1
Fragaria Indica Extract,,,
Lithospermum Erythrorhizon Root Extract,,,1
Kochia Scoparia Fruit Extract,,,
Rosin,,,2
Undaria Pinnatifida Extract,,,1
Ulmus Davidiana Root Extract,,,
Rosmarinus Officinalis Extract,,,2
Codonopsis Lanceolata Root Extract,,,
Ficus Carica Fruit Extract,,,1
DANDELION LEAFEXTRACT,,,1
Tetrasodium Glutamate Diacetate,,,1
Agrimonia Eupatoria Extract,,,1
Melaleuca Alternifolia Leaf Extract,,,1
LitseaCubebaFruitOil,,,
Oenothera Biennis Oil,3,2,1
Soy Protein,,,1
Sodium Palmitoyl Proline,,,1
Polyester-11,,,
Nymphaea Tetragona Extract,,,
Glutathione,,,1
Ceramide 3,,,1
Hydrolyzed Glycosaminoglycans,,,1
L-Lysine,,,1
Spirulina Platensis Extract,,,1
Palmitoyl Glycine,,,1
Castanea Crenata Shell Extract,,,1
Capric/Caprylic Triglycerides,1,,1
Methionine,,,1
Methyl Perfluoroisobutyl Ether,,,
Hexamidine diisethionate,,,1
2-aminobutanol,,,
Azelaic Acid,,,1
Hydroxypropyl guar hydroxypropyltrimonium chloride,,,1
Sorbitan laurate,2,1,1
CI 19140,,,5
CI 16035,,,6
Pyridoxine HCL,,,1
Retinyl Palmitate,2,1,9
Distearyl Phthalic Acid Amide,,,1
Cetyl Alcohol,2,2,1
Sargassum Fulvellum Extract,,,
Rosa Centifolia Flower Water,,,1
Hydrolyzed Coral,,,
Olive Oil,2,0,1
Palm oil,,,1
Butylphenyl Methylpropional,,,7
Coconut Oil,5,1,1
Lonicera Japonica Flower Extract,,,1
Argan Oil,3,,1
Rubus Idaeus Fruit Extract,,,1
Actinidia Chinensis Fruit Extract,,,
Brassica Oleracea Acephala Leaf Extract,,,1
Cabbage Leaf Extract,,,1
Artemisia Princeps Leaf Extract,,,1
Centella Asiatica Flower/Leaf/Stem Extract,,,
Forsythia Suspensa Fruit Extract,,,1
Angelica Gigas Root Extract,,,1
Cnidium Officinale Root Extract,,,1
Gardenia Jasminoides Fruit Extract,,,1
Juniperus Virginiana Oil,,,1
Mentha Arvensis Leaf Oil,,,
Potassium Laureth Phosphate,,,2
Potassium Cocoyl Glutamate,,,1
Cholesteryl macadamiate,,,
Betaine Salicylate,,,1
Hydrolyzed lupine protein,,,1
Guaiazulene,,,4
Piroctone olamine,,,2
Disodium PEG-5 Laurylcitrate Sulfosuccinate,,,3
Starch Hydroxypropyltrimonium Chloride,,,1
Biosaccharide Gum-2,,,1
Taraxacum Officinale Extract,,,1
Polyglyceryl10Myristate,,,1
Lauryl Betaine,,,1
Camellia Sinensis Leaf Powder,,,1
Illicium Verum Fruit Extract,,,1
Streptococcus Thermophilus Ferment,,,
Bifida Ferment lysate,,,1
Lactobacillus Ferment Lysate,,,1
Brassica Oleracea Capitata Leaf Extract,,,1
PotassiumHyaluronate,,,1
Acrylates/Beheneth-25 Methacrylate Copolymer,,,1
Sodium carbonate,,,1
Imidazolidinyl Urea,,,5
Lauramine oxide,,,1
Glyceryl Stearate SE,3,2,1
Ethylene Glycol Monostearate,,,1
Nigella Sativa Seed Oil,,,1
PEG-90M,,,3
Terminalia Ferdinandiana Fruit Extract,,,1
Glycosphingolipids,,,1
PentyleneGlycol,,,1
Tangerine,,,1
Chondrus Crispus,,,1
Saccharum officinarum,,,1
Disodiumlaurylsulfosuccinate,,,1
LArginine,,,
Sodium Lauroamphoacetate,,,1
Aquaxyl,,,
Fragaria Vesca Fruit Extract,,,1
Strawberry,,,1
EuterpeOleracea,,,1
Blueberry,,,
Raspberry,,,1
Lycium Barbarum Seed Oil,,,1
Rubus Fruticosus Leaf Extract,,,1
Blackberry,,,1
VacciniumMacrocarpon,,,1
VacciniumMyrtillus,,,1
Morus Nigra Root Extract,,,1
Mulberry,,,1
MyrciariaDubia,,,1
Triethylene glycol,,,4
Polygonum Cuspidatum Root Extract,,,1
Rosmarinus Officinalis Leaf Extract,,,1
GlycerylStearate,,,
Laureth-4 carboxylic acid,,,2
Cannabis Sativa Seed Oil,,,2
Methyl Gluceth-20,,,1
Lavandula Angustifolia Flower Extract,,,1
Isopentyldiol,,,1
Phragmites Communis Extract,,,1
Biotin,,,1
Isopropyl Alcohol,0,4,2
Bulnesia Sarmientoi Wood Oil,,,1
Amyris Balsamifera Bark Oil,,,1
Daucus Carota Sativa Seed Oil,,,1
Mimosa Tenuiflora Bark Extract,,,1
Ormenis Multicaulis Oil ,,,1
Piper Nigrum Fruit Extract,,,1
Salvia Sclarea Oil,,,1
Santalum Album Oil,,,1
Prunus Amygdalus Amara Kernel Oil,,,1
Hedera Helix Leaf/stem Extract,,,1
Oenothera Biennis Flower Extract,,,1
Centella Asiatica Leaf Water,,,
Cladosiphon Okamuranus Extract,,,1
Coffea Arabica Seed Extract,,,1
Hydrogenated Phosphatidylcholine,,,1
Citrus Aurantium Bergamia Leaf Extract,,,1
Pinus Densiflora Leaf Extract,,,
Castor Oil,1,0,2
Grapeseedoil,,,1
Almond oil,2,0,1
Dendrobium Phalaenopsis Flower Extract,,,1
Chondrus Crispus Extract,,,1
DMDMHYDANTOIN,,,6
Potassium Cocoyl Hydrolyzed Oat Protein,,,1
Centella Asiatica Root Extract,,,
Lactobacillusleuconostocblueberryfruitextractfermentfiltrate,,,
Lactobacillusleuconostoccoconutfruitextractfermentfiltrate,,,
Lactobacillusleuconostoctomatofruitextractfermentfiltrate,,,
12hexanediol,,,1
Hydroxystearic acid,,,1
PPG-20 METHYL GLUCOSE ETHER,,,1
SodiumMetabisulfite,,,4
Sodiumlaurylglucosecarboxylate,,,1
Laurylglucoside,,,1
Hyssopus Officinalis Extract,,,1
Helichrysum Arenarium Flower Extract,,,
Azadirachta Indica Leaf Extract,,,1
Oleaeuropaealeafextract,,,1
Populus Tremuloides Bark Extract,,,1
Citrus Reticulata Peel Oil,,,5
Cetyl hydroxyethylcellulose,,,1
PCA ethyl cocoyl arginate,,,1
Bakuchiol,,,1
Artemisia Vulgaris Extract,,,1
Cinnamomum Cassia Bark Extract,,,
ZingiberOfficinaleRootExtract,,,1
Glycol stearate se,,,1
Benzophenone-4,,,3
10HydroxydecanoicAcid,,,1
110Decanediol,,,1
Magnolia Sieboldii Extract,,,
Malt Extract,,,1
L-Arginine,,,
Camellia Oleifera Seed Extract,,,1
Cymbopogon Citratus Leaf Oil,,,1
Citral,,,5
Arnica Montana Flower Extract,,,2
Propolis Extract,,,1
EDTA,,,2
PotassiumSorbate,,,2
Sapindus Trifoliatus Fruit Extract,,,1
Erythritol,,,1
Sodium isethionate,,,1
Succinoglycan,,,
Citrus Aurantium Amara Flower Oil,,,1
Lespedeza Capitata Leaf/stem Extract,,,
Camellia Japonica Flower Extract,,,1
Seawater,,,1
Artemisia Capillaris Extract,,,1
Phenethyl alcohol,,,1
Laminaria Digitata Extract,,,1
Olea Europaea Fruit Extract,,,
Chlorella Vulgaris Extract,,,1
Aluminum stearate,,,1
AnthemisNobilis,0,0,1
Aloe Barbadensis Extract,,,
Algae Extract,,,1
Diheptyl Succinate,,,1
Shea Butter Ethyl Esters,,,1
Capryloyl Glycerin/Sebacic Acid Copolymer,,,1
Adansonia Digitata Seed Oil,,,1
Agastache Mexicana Flower/leaf/stem Extract,,,
Sodium methyl oleoyl taurate,,,
Octyldodecyl Xyloside,,,1
Glyceryl Undecylenate,,,1
Phospholipids,,,1
PEG-30 Dipolyhydroxystearate,,,3
PEG-60 Hydrogenated Castor Oil,,,3
Codium Tomentosum Extract,,,1
Citrus Paradisi Fruit Extract,,,2
Saponaria Officinalis Leaf/root Extract,,,
Maris Aqua,,,1
CeramideEOP,,,
Panax Ginseng Extract,,,1
UndariaPinnatifidaExtract,,,1
Lauryl Laurate,,,1
Helianthus Annuus Seed Wax,,,1
Mangifera Indica Fruit Extract,,,1
Jojoba esters,,,1
Ormenis mixta,,,1
Lauroyl/myristoyl Methyl Glucamide,,,
Capsaicin,,,1
Cocamide mipa,,,1
Aloe Vera,0,0,2
CamelliaSinensis,,,1
Capryloyl/caproyl Methyl Glucamide,,,
Citrus Paradisi Seed Extract,,,3
Bambusa Arundinacea Stem Extract,,,1
HydrolyzedHyaluronicAcid,,,1
Coffea Robusta Seed Extract,,,1
PEG-120 Methyl Glucose Triisostearate,,,
Coffea Arabica Seed Oil,,,1
Caffeine,,,1
Macrocystis Pyrifera Extract,,,1
Scutellaria Baicalensis Root Extract,,,1
Paeonia Lactiflora Root Extract,,,1
Tween 20,0,0,3
Aloe Barbadensis Leaf,,,3
TocopherylAcetate,0,0,3
"2-oleamido-1,3-octadecanediol",,,1
Cetearyl Olivate,,,1
Lactobacillus/papaya Fruit Ferment Extract,,,1
Salix Nigra,,,
Menthyl Ethylamido Oxalate,,,1
Salix Nigra Bark Extract,,,1
Psidium Guajava Leaf Extract,,,1
Passiflora Incarnata Fruit Extract,,,1
Propylene Glycol Dibenzoate,,,
Polygonum Cuspidatum Extract,,,1
Gelidium Cartilagineum Extract,,,1
GrapefruitExtract,,,1
Iris Root Extract,,,1
Perilla Leaf Extract,,,1
Triethyl citrate,,,1
Hectorite,1,,2
BENZOICACID,2,3,3
Hydrogenated Castor Oil,1,0,1
Hydrolyzed rice protein,,,2
Lonicera Caprifolium Flower Extract,,,1
Yogurt Powder,,,1
Porphyridium Cruentum Extract,,,1
Hydrolyzed Rice Extract,,,3
Laminaria Saccharina Extract,,,1
Behenic acid,0,0,1
PEG-8 GLYCERYL ISOSTEARATE,,,3
Phellodendron Amurense Bark Extract,,,1
C14-15 Dialkyl Carbonate,,,
PEG-20 Glyceryl Triisostearate,,,3
PPG-9 DIGLYCERYL ETHER,,,1
Salvia Officinalis Leaf Extract,,,1
Diglycerin,,,1
Dicaprylyl ether,,,1
Sorbeth-230 Tetraoleate,,,1
Apricot Kernel Oil,5,0,1
Distearyl Ether,,,1
Ascorbyl Glucoside,,,1
Dextran,,,1
Red 30,3,0,5
Resveratrol,,,1
Talc,1,0,8
TEA-Lauryl Sulfate,,,
Cellulose,,,1
Caproic Acid,0,,1
Bis-PEG-18 Methyl Ether Dimethyl Silane,,,3
HYDROXYPROPYLMETHYlCELLULOSE,,,1
ButyleneGlycol,1,0,1
Lauryl Alcohol,2,,1
Sodium sulfate,,,1
Diazolidinyl Urea,,,5
Coconut,,,1
Hydroxycapric Acid,,,1
Magnesium oxide,,,1
Sodium cetearyl sulfate,,,1
Sodium lauryl sulfoacetate,,,1
Cera alba,2,2,1
Mel,,,1
Aminomethyl propanol,,,3
Coumarin,,,5
Polydextrose,,,1
Polyvinyl Alcohol,,,1
Calendula Extract,1,0,1
Tea Leaf Extract,2,0,5
Rosemary Leaf Extract,,,1
Hydroxybenzoate,,,
Caprylic acid,1,3,1
Toluene sulfonic acid,,,1
Saccharomyces ferment,,,1
Nelumbo Nucifera Leaf Extract,,,
DisodiumEDTA,,,1
Lactobionic acid,,,1
Tartaric acid,,,1
Colostrum,,,1
Vaccinium Myrtillus Fruit Extract,,,1
Eryngium Alpinum Flower Extract,,,
SymphytumOfficinaleRhizomeRootExtract,,,
Whey Protein,,,1
C10-18 triglycerides,,,1
Ceteareth-30,,,3
Potassium chloride,5,3,1
Ceteareth-29,,,3
Ceteareth-33,,,3
Acacia senegal gum,,,1
Saccharomyces Ferment Filtrate,,,1
Castoryl Maleate,,,1
Glyceryl hydroxystearate,,,3
Mushroom Extract,,,1
Mother Of Pearl Extract,,,1
Hydrolyzed Pearl,,,1
Sodium Lauryl ether Sulfate,3,2,3
Zinc lactate,,,3
Amylopectin,,,1
Potassiumsorbate,,,2
Rice Bran Oil,,,2
Papaya enzyme,0,3,2
Guava Extract,,,1
RoseGeranium,,,1
vitamin E,3,2,1
Caprylyl Glucoside,,,1
Avena sativa,,,1
Lavandula Angustifolia Flower,,,1
LinumUsitatissimum,,,1
Coconut Milk,,,1
Calendula officinalis,1,0,1
Rosa Centifolia Flower,,,1
EchinaceaPurpurea,,,1
PelargoniumGraveolens,,,1
Glyceryl caprate,,,1
Polycaprolactone,,,1
Hydrated silica,,,1
Hydroxypropyl Cyclodextrin,,,1
PALMITAMIDEMEA,,,3
Sodium cocoyl collagen amino acids,,,1
Acrylates/steareth-20 methacrylate copolymer,,,2
Ceramide 4,,,1
Helianthus Annuus Oil,0,0,1
Vegetable Glycerin,,,1
Cucumber,,,1
Leuconostoc/aloe Barbadensis Leaf/sorbus Aucuparia Fruit Ferment Filtrate,,,
Sodium myristoyl sarcosinate,,,2
LeuconostocRadishRootFermentFiltrate,,,1
Matricaria Flower Extract,,,1
CitrusAurantium,,,2
P-anisic acid,,,1
Argania spinosa Kernel Oil,3,,1
Ethyl Hexanediol,,,3
Fragrances,,,4
Sodium Lauryl Glycol Carboxylate,,,1
PPG-10 glyceryl ether,,,
Sericin,,,1
Ethanol,,,1
SodiumCitrate,,,1
Isoamyl laurate,,,1
Argania spinosa Oil,3,,1
Polyglyceryl-2 sesquioleate,,,1
Daucuscarota,,,1
Millet Seed Extract,,,1
Hypericumperforatum,,,1
Santalumspicatum,,,1
Yucca Schidigera Root Extract,,,
TEA-COCOYL GLUTAMATE,,,2
Aspalathus Linearis Extract,,,1
Commiphora Myrrha Resin Extract,,,1
Perilla Frutescens Leaf Extract,,,1
Mentha Piperita Oil,,,4
Chlorhexidine Digluconate,,,4
Hippophae Rhamnoides Extract,,,1
Grape Fruit Extract,,,1
Pinus Densiflora Bark Extract,,,
Pinus Palustris Leaf Extract,,,2
Eucalyptus Globulus Leaf Oil,,,2
Lactobacillus/kelp Ferment Filtrate,,,1
Acrylates Crosspolymer-4,,,
Vetiveria Zizanoides Root Oil,,,2
Tocotrienols,,,1
LoniceraJaponicaFlowerExtract,,,1
Mentha piperita,,,1
Oryza Sativa Bran Oil,,,2
Citrus Aurantium Bergamia Peel Oil,,,4
CocoGlucoside,,,1
Sucrose cocoate,,,1
Sambucus Nigra Extract,,,
Superoxide dismutase,,,1
Galactooligosaccharides,,,
Rosmarinus Officinalis Oleoresin,,,1
Origanum Vulgare Leaf Oil,,,1
Thymol,,,4
Vitis vinifera Seed Extract,,,1
Citrus Grandis Peel Oil,,,3
Sapindus Mukurossi Peel Extract,,,1
PEG-20 Methyl Glucose Sesquistearate,,,3
Hexadecene,,,
Artemisia Princeps Leaf Water,,,1
Brassica Oleracea Italica Extract,,,1
Saccharomyces/Xylinum Black Tea Ferment,,,1
Litchi Chinensis Fruit Extract,,,1
Octanediol,,,1
Distarch phosphate,,,1
Hydrogenated vegetable glycerides,,,1
Hydrogenated Palm Glycerides Citrate,,,1
Coconut Alkanes,,,1
Vaccinium Vitis-idaea Seed Oil,,,1
Coco-caprylate/Caprate,,,1
Moringa Pterygosperma Seed Extract,,,1
Cymbopogon Schoenanthus Extract,,,1
Equisetum Arvense Leaf Extract,,,1
Chamomilla Recutita Flower,,,4
Hydrolyzed wheat protein,,,2
Rose Oil,,,1
BetaCarotene,1,0,2
Hydrogenated Polydecene,,,2
SACCHAROMYCESXYLINUMBLACKTEAFERMENT,,,1
Candida Bombicola/Glucose/Methyl Rapeseedate Ferment,,,1
Bletilla Striata Root Extract,,,1
Echinacea Purpurea Extract,,,1
Bacillus/Soybean Ferment Extract,,,1
Perilla Ocymoides Leaf Extract,,,1
DisodiumLaurethSulfosuccinate,,,2
Rosmarinus Officinalis Flower/leaf/stem Extract,,,1
Lavandula Intermedia Flower/Leaf/Stem Extract,,,1
Chamomilla Recutita Flower/leaf/stem Extract,,,
Mentha Piperita Flower/leaf/stem Extract,,,
Melissa Officinalis Flower/leaf/stem Extract,,,
CI42090,,,7
Acetamidoethoxyethanol,,,1
Squalene,,,1
Dipotassium phosphate,,,1
Behentrimonium methosulfate,,,4
Potassium phosphate,,,1
Lactucasativa,,,1
Tilia Cordata Flower Extract,,,1
Cupressus Sempervirens Leaf/Nut/Stem Oil,,,
Santalumalbum,,,1
Triticum Vulgare Germ Oil,5,2,1
Decylene Glycol,,,1
Biosaccharide Gum-1,,,1
Amodimethicone,,,1
Alcohol Denat,0,5,4
Vitamin C,0,0,1
AcetylTetrapeptide2,,,1
Passiflora Edulis Fruit Extract,,,
Decylglucoside,,,1
Glycereth-26,0,,1
Disodium PEG-12 Dimethicone Sulfosuccinate,,,3
Lauryl methyl gluceth-10 hydroxypropyldimonium chloride,,,3
Zingiber Officinale Root Extract,,,1
Magnesium stearate,1,0,1
Aluminum starch octenylsuccinate,,,2
Tea tree oil,,,6
Aloe Extract,,,
Eucalyptus Oil,,,1
Camellia Japonica Flower Water,,,
Jasminum Officinale Flower Water,,,1
Pullulan,,,1
Lactococcus Ferment Lysate,,,1
Betula Alba Juice,,,
Ferulic Acid,,,2
Inositol,,,1
Raffinose,,,1
Chamomilla Recutita Extract,,,2
Melissa Officinalis Extract,,,2
Avena Sativa Kernel Flour,,,1
Emulsifying Wax NF,2,2,
TrisodiumEthylenediamineDisuccinate,,,1
Simmondsia Chinensis Seed Extract,,,1
Aesculus Hippocastanum Seed Extract,,,1
Rosa Gallica Flower Oil,,,3
SaccharomycesXylinumBlackTeaFerment,,,1
Citrus Limon Peel Extract,,,5
Coffee Seed Oil,,,1
CI 75810,,,4
Levulinic acid,,,1
Citrus Medica Limonum Fruit Extract,,,2
Cucumis Melo Cantalupensis Fruit Extract,,,1
Taraxacum Officinale Leaf Extract,,,1
Clove Flower Extract,,,4
Citrus Aurantifolia Peel Extract,,,4
Lavandula Angustifolia Extract,,,1
Elettaria Cardamomum Seed Extract,,,1
Aroma,,,4
Acrylates/Steareth-20 Methacrylate Crosspolymer,,,
Withania Somnifera Root Extract,,,1
Cordyceps Sinensis Extract,,,1
Rubus Fruticosus Fruit Extract,,,1
Euterpe Oleracea Fruit Extract,,,1
CitrusSinensis,,,1
Fucus Vesiculosus Extract,,,1
Piper Nigrum Fruit Oil,,,1
Eugenia Caryophyllus Flower Oil,,,4
Myroxylon Pereirae Oil,,,1
Elettaria Cardamomum Seed Oil,,,1
DipteryxOdorata,,,
Canarium Commune Gum Oil,,,1
Canarium Luzonicum Gum Nonvolatiles,,,1
Sodium levulinate,,,1
Spirodela Polyrhiza Extract,,,
Hydrolyzed Gardenia Florida Extract,,,1
Sodium Benzotriazolyl Butylphenol Sulfonate,,,1
Helianthusannus,,,
Gossypium Herbaceum Seed Oil,3,5,1
Zinc Oxide,1,0,6
Potassiumcocoylglycinate,,,1
Cinnamomum Japonicum Leaf Extract,,,
Camphor Leaf Extract,,,1
Laurus Nobilis Leaf Extract,,,1
Coriander Extract,,,1
Eucalyptus Globulus Leaf Extract,,,1
Kappaphycus Alvarezii Extract,,,1
Hydrolyzed oat protein,,,1
Citrus Aurantifolia Oil,,,4
Juniperus Communis Fruit Oil,,,1
Jasminum Officinale Oil,,,1
Sodium anisate,,,1
Cocamidopropyl dimethylamine,,,5
Snail Secretion Filtrate,,,1
PEG-7 Caprylic/Capric Glycerides,,,3
Lauramide DEA,,,3
Albizia Julibrissin Bark Extract,,,1
OrmenisMulticaulis,0,0,1
Potassium lactate,,,4
Copper PCA,,,1
Cinnamomum camphora linalooliferum wood oil,,,3
PogostemonCablin,,,1
Lilium Tigrinum Extract,,,1
Methyldihydrojasmonate,,,1
Glucose oxidase,,,1
Lactoperoxidase,,,1
Yellow 5,,,5
Red 33,2,0,4
Chamomilla Recutita Flower Oil,,,2
Sodium guaiazulene sulfonate,,,1
Betula Platyphylla Japonica Juice,,,1
Camellia Sinensis Leaf,,,1
Pentaerythrityl tetraethylhexanoate,,,1
Foeniculum Vulgare Seed Extract,,,1
Betula Papyrifera Bark Extract,,,
Foeniculum Vulgare Oil,,,1
Carrageenan,,,1
Sodium carboxymethyl cellulose,,,
Polybutene,,,1
Bis-Diglyceryl Polyacyladipate-2,,,1
CANDELILLAWAX,1,1,1
VP/Eicosene Copolymer,,,1
Hydrogenated Polycyclopentadiene,,,1
Ethylene/Propylene copolymer,,,1
CARNAUBAWAX,1,1,1
CI 15850,3,0,10
CI 15985,,,7
CI 77492,,,1
CI77891,0,0,6
AloeVera,0,0,2
Hydrogenated coconut acid,,,1
Myristyl alcohol,2,,1
Montmorillonite,,,1
Myristyl glucoside,,,1
Styrax Japonicus Branch/Fruit/Leaf Extract,,,
Lippia Citriodora Flower/leaf/stem Water,,,
Tilia Platyphyllos Flower Extract,,,
Zingiber Officinale Root Oil,,,1
Hypericum Perforatum Extract,,,1
Gentiana Lutea Extract,,,
Equisetum Hiemale Extract,,,1
Olus Oil,,,1
Ricinus Communis Seed Oil,1,0,2
Greentea,,,1
Vitis Vinifera Seed Oil,,,1
Sodiumlaurylglucosideshydroxypropylsulfonate,,,1
Glyceryl Oleate Citrate,,,1
Glyceryl caprylate/caprate,,,3
Plumeria Acutifolia Flower Extract,,,1
Sorbitan Sesquicaprylate,,,1
Pentaclethra Macroloba Seed Oil,,,1
Callitris Intratropica Wood Oil,,,1
Artemisia Pallens Flower Oil,,,1
Santalum Paniculatum Wood Oil,,,
Eugenia Caryophyllus Bud Oil,,,4
Mentha Spicata Leaf Extract,,,
Benzyl salicylate,,,5
Eugenol,,,5
Isoeugenol,,,4
Pineapple,,,1
Sambucus Nigra Flower Extract,,,1
Sodium bisulfite,,,3
Citrus Aurantium Dulcis Peel Extract,,,2
Gardenia Tahitensis Flower Extract,,,1
Hedychium Spicatum Extract,,,1
Hibiscus Abelmoschus Seed Extract,,,
Plumeria Rubra Flower Extract,,,1
BuddlejaOfficinalis,,,1
Panax Quinquefolium Root Extract,,,1
Oryza sativa Starch,,,2
Hedera Helix Leaf Extract,,,
Stachys Officinalis Flower/leaf/stem Extract,,,
Humulus Lupulus Extract,,,1
Cochlearia Armoracia Root Extract,,,
Rosa Canina Fruit Extract,,,3
Paullinia Cupana Fruit Extract,,,
LavandulaOfficinalis,,,1
Medicago Sativa Leaf Extract,,,
Mentha Piperita Leaf Extract,,,1
MelilotusOfficinalis,,,1
Capsicum Frutescens Fruit Extract,,,
Acorus Calamus Root Extract,,,1
Thymus Vulgaris Leaf Extract,,,1
Symphytum Officinale Root Extract,,,4
Cocoglucoside,,,1
Prunus Yedoensis Leaf Extract,,,
Citrus Paradisi Peel Oil,,,1
Bergamot Oil,,,1
Trihydroxystearin,,,1
Disteardimonium Hectorite,,,1
SAMBUCUSNIGRA,,,1
Cucumis Sativus Seed Oil,,,
Propylene carbonate,,,1
Theobroma Cacao Butter,4,0,1
Ceramide III,,,1
Sea Water Extract,,,
Imperata cylindrica,,,1
Paeonia Albiflora Root Extract,,,1
Saccharomyces Lysate Extract,,,1
Scutellaria Baicalensis Root Powder,,,
Avena Sativa Kernel Oil,,,1
Collagen,,,1
Disodium succinate,,,1
Lavender Flower Oil,,,1
Sorbitan caprylate,,,1
Calophyllum Tacamahaca Seed Oil,,,1
White Willow Bark,,,1
Menthyl lactate,,,1
Ethyl menthane carboxamide,,,1
Sodium Polyaspartate,,,1
Methyl diisopropyl propionamide,,,1
Algin,4,4,1
Lavandula Angustifolia Water,,,1
Borago Officinalis Extract,,,1
Centaurea Cyanus Flower Extract,,,1
Chamomilla Recutita Flower/leaf Extract,,,
Salvia Sclarea Extract,,,1
Sesamum Indicum Seed Extract,,,1
Hyacinthus Orientalis Extract,,,1
Avena Strigosa Seed Extract,,,1
Thymus Vulgaris Extract,,,1
Origanum Vulgare Flower/leaf/stem Extract,,,
Citrus Junos Fruit Extract,,,1
Pueraria Mirifica Root Extract,,,1
Chamaecyparis Obtusa Leaf Extract,,,
Acetyl Tetrapeptide-3,,,1
Trifolium Pratense Flower Extract,,,
Hydrolyzed pea protein,,,1
Lactobacillus/soybean Ferment Extract,,,1
Gentiana Lutea Root Extract,,,1
Ruscus Aculeatus Root Extract,,,1
Fragaria Chiloensis Fruit Extract,,,1
Berberis Vulgaris Root Extract,,,
Morus Nigra Fruit Extract,,,1
Copper Tripeptide-1,,,1
Tripeptide-1,,,1
Palmitoyl Pentapeptide-4,,,1
Hexapeptide-9,,,1
Hexapeptide-11,,,1
Myristoyl Pentapeptide-17,,,1
Malus Domestica Fruit Cell Culture Extract,,,1
Tropolone,,,1
Acetyl Tetrapeptide-11,,,
Benzalkonium Chloride,,,5
Nymphaea Caerulea Flower Extract,,,
Myristoyl Pentapeptide-4,,,1
Sodiumhyaluronate,0,0,1
Polygonum Multiflorum Extract,,,1
Folic Acid,,,1
EuphorbiaCeriferaCandelillaWax,1,1,1
Angelica Pubescens Root,,,
Nonapeptide-1,,,1
Tripeptide-3,,,1
Vitis Vinifera Flower Cell Extract,,,1
Tasmannia Lanceolata Fruit/leaf Extract,,,
Cetyl-PG hydroxyethyl palmitamide,,,2
Cetearyl Ethylhexanoate,,,1
Dimethiconol,,,1
Isopropyl Myristate,5,3,1
Bifida Ferment Filtrate,,,1
Hexacarboxymethyl Dipeptide-12,,,
Retinol,,,9
Hydrolyzed collagen,0,0,1
Musa Sapientum Fruit Extract,,,1
Camelia sinensis,,,
Rosa Damascena Flower Extract,,,3
Chenopodium Quinoa Seed Extract,,,1
Daucus Carota Sativa Root Extract,,,1
Palmitoyl Tripeptide-37,,,1
PEG-20 SORBITAN ISOSTEARATE,,,4
Propoxytetramethyl Piperidinyl Dimethicone,,,1
Sodium Metabisulfite,,,4
Resin Extract,,,
Cyclopentasiloxane,,,3
Cyclohexasiloxane,,,2
Glyceryl acrylate/acrylic acid copolymer,,,1
Bacillus Ferment,,,1
Peg40hydrogenatedcastoroil,,,3
Euglenagracilispolysaccharide,,,
Glycereth26,0,,1
Herbal Infusion,,,
Organic Aloe,,,
MSM,,,
Organic Rosehip Seed Oil,,,1
(2s)-2-Amino-5-guanidinopentanoic Acid,,,
Tea Tree Essential Oil,,,6
Lavender Essential Oil,,,1
YlangYlang,,,3
Wild Geranium,,,1
Anigozanthos Flavidus Extract,,,
Quaternium-73,,,1
GinkgoBiloba,,,1
Glycyrrhiza Uralensis Root Extract,,,4
Saussurea Involucrata Extract,,,1
Sophora Angustifolia Root Extract,,,1
Isononyl Isononanoate,,,1
SYNTHETICFLUORPHLOGOPITE,,,1
Triethoxycaprylylsilane,,,1
Coffee Extract,,,
Methyl Paraben,0,0,4
Hexapeptide-1,,,
AvenaSativa,,,1
Tremella Fuciformis Extract,,,1
Glyceryl polymethacrylate,,,1
Bellis Perennis Flower Extract,,,1
PVM/ma copolymer,,,1
Zinc hydrolyzed collagen,,,
Triethanoamine,2,0,5
Rooibosch,,,1
Organic Rosemary Leaf Extract,,,1
Gold,,,4
Organic Aloe Leaf Juice,,,
Synake,,,
Organic Jojoba Seed Oil,,,1
Organic Sunflower Seed Oil,,,1
Caviar,,,
Horsetail Extract,,,1
GreenTea,,,1
GotuKola,,,1
Hydroxyethyl ethylcellulose,,,1
Carrageenan Gum,,,1
Dandelion Extract,,,1
Witch Hazel,,,1
Organic Jojoba Oil,,,1
Chamomilla Recutita Leaf Extract,,,1
Nicotinamide,,,1
CURCUMALONGA,,,1
Acetyl Hexapeptide-8,,,1
IodopropynylButylCarbamate,,,5
Chrysanthellum Indicum Flower Water,,,
Oat beta glucan,,,1
Methylsulfonylmethane,,,
Cassia Angustifolia Seed Polysaccharide,,,1
Hamamelis virginiana,,,1
Ethylhexyl salicylate,0,0,3
Octocrylene,,,3
Nylon-12,,,1
Bis-ethylhexyloxyphenol methoxyphenyl triazine,,,1
Polymethyl Methacrylate,,,1
Ceteareth-12,,,3
CI 60730,,,5
Adenosine,,,1
Punica Granatum Fruit Extract,,,1
Nelumbo Nucifera Flower Extract,,,1
Prunus Serotina Fruit Extract,,,1
Escin,,,1
Ammonium glycyrrhizate,,,1
Hydrolyzed Yeast Protein,,,1
Cyclomethicone,0,0,6
C12-15 alkyl benzoate,,,1
Pseudoalteromonasfermentextract,,,1
Perfume,,,4
Coco-caprylate,,,1
BHA,,,4
Poloxamer 235,,,2
Sodium Ascorbate,,,1
GlycerylMonoStearate,1,,1
Diethylamino Hydroxybenzoyl Hexyl Benzoate,,,2
1-methylhydantoin-2-imide,,,1
Phytic acid,,,2
Michelia Alba Flower Oil,,,1
Vaccinium Macrocarpon Fruit Extract,,,1
Yeast Ferment Extract,,,1
4-butylresorcinol,,,
Lecithine,,,2
Sophora Flavescens Extract,,,
Corn gluten amino acids,,,1
Sea Silt,,,1
Butyrospermum Parkii,,,1
Volcanic Soil,,,
Ultramarines,,,1
Sodium methyl lauroyl taurate,,,1
POTASSIUMSORBATE,,,2
CI 77499,,,2
CI 16255,,,5
PIGMENTRED571,1,0,3
Prunus Lannesiana Flower Extract,,,
Aminopropanediol,,,1
PEG/PPG/polybutylene glycol-8/5/3 glycerin,,,3
Glycereth-25 pca isostearate,,,1
Rhus Semialata Extract,,,
Eclipta Prostrata Extract,,,1
Raspberry Ketone,,,2
Spinach Leaf Extract,,,1
Carnosine,,,1
Hydroxypalmitoyl Sphinganine,,,1
Brassica Oleracea Italica Seed Oil,,,1
Boron nitride,,,1
Glucomannan,,,
CI 77288,,,5
Succinic acid,,,1
Ceramide 2,,,1
Ceramide6II,,,1
Mentha Arvensis Leaf Extract,,,1
Pelargonium Graveolens Extract,,,1
Tremella Fuciformis Sporocarp Extract,,,1
Diisopropyl sebacate,,,1
PanaxGinsengRootExtract,,,1
Polyglyceryl-3 Polyricinoleate,,,1
Aluminum hydroxide,,,1
Isododecane,,,1
Silica Dimethyl Silylate,,,1
Polymethylsilsesquioxane,,,1
Trimethylsiloxysilicate,,,1
Perlite,,,1
Saccharomyces/hippophae Rhamnoides Fruit Ferment Filtrate,,,
Neopentyl glycol dicaprate,,,1
Methyl Trimethicone,,,1
Alpha-Arbutin,,,1
t-Butyl alcohol,,,2
HippophaeRhamnoidesOil,,,1
Rosa Centifolia Flower Extract,,,3
TriethyleneGlycol,,,4
Potassiumhyaluronate,,,1
Zea Mays Kernel Extract,,,1
Gossypium Herbaceum Fruit Water,,,1
Momordica Charantia Fruit Extract,,,1
Fructan,,,1
Hibiscus Syriacus Bark Extract,,,1
Bambusa Vulgaris Extract,,,1
Polylysine,,,1
Nicotiana Benthamiana Hexapeptide-40 Sh-polypeptide-76,,,1
Methyl gluceth-10,,,1
Sodium Polyacryloyldimethyl Taurate,,,1
Diethoxyethyl succinate,,,1
Beta-sitosterol,,,1
Coccinia Indica Fruit Extract,,,1
Pantothenic Acid,,,1
Polyglyceryl-10 stearate,,,1
Polyglyceryl-6 laurate,,,1
Homosalate,,,4
Dihydroxyacetone,,,3
Butyloctyl salicylate,,,1
Butyl Methoxydibenzoylmethane,,,2
PEG-8 Stearate,3,1,3
Erythrulose,,,1
Alpha-isomethyl ionone,,,5
Poloxamer 407,,,2
Propane,,,4
Punica granatum seed oil,,,1
PPG-15 Stearyl Ether,,,1
Steareth-21,,,3
Tributyl citrate,,,1
Isobutane,,,6
Buteth-3,,,1
Methyl methacrylate crosspolymer,,,1
Steareth-2,2,2,3
Ascorbyl Dipalmitate,,,1
Talc Powder,1,0,8
Tetrahexyldecyl Ascorbate,,,1
Steareth-2 phosphate,,,
Sodium Pyrosulfite,,,4
PEG-2 hydrogenated castor oil,,,3
Carob bean Gum,,,1
Thymus Serpillum Extract,,,1
Cetearyloctanoate,,,1
Rosa Canina Fruit Oil,,,3
Propylene glycol dicaprate,,,1
Alumina,,,2
Ceteth-8 phosphate,,,3
Octinoxate,0,0,5
METHYL TRIMETHICONE,,,1
CI77163,,,1
CI77947,1,0,6
Jasminum Officinale Flower Extract,,,1
Lilium Candidum Bulb Extract,,,1
Lauryl PEG-9 Polydimethylsiloxyethyl Dimethicone,,,3
Phenyl Trimethicone,,,1
Glyceryl undecyl dimethicone,,,1
Acrylates/Dimethicone Copolymer,,,1
Phenylbenzimidazole Sulfonic Acid,,,3
Sodium Surfactin,,,1
Dimethicone/Vinyl Dimethicone Crosspolymer,,,1
Ionone,,,1
SKELETONEMACOSTATUMEXTRACT,,,
CI 77491,,,2
SODIUMMETABISULFITE,,,4
CAPRYLICCAPRICSUCCINICTRIGLYCERIDE,,,1
HYDROXYETHYLACRYLATESODIUMACRYLOYLDIMETHYLTAURATECOPOLYMER,,,1
Caesalpinia Spinosa Gum,,,1
Phragmites Karka Extract,,,
Poria Cocos Extract,,,1
Tetradecyl Aminobutyroylvalylaminobutyric Urea Trifluoroacetate,,,1
Sodium hyaluronate dimethylsilanol,,,
Glyceryl polyacrylate,,,3
Caprooyl Phytosphingosine,,,
Caprooyl Sphingosine,,,1
Glycerylstearate,,,
VP/VA Copolymer,,,1
Hexyldecanol,,,1
Hexyldecyl Laurate,,,1
Palmitoyl Grapevine Shoot Extract,,,1
Sodium Dehydroacetate,,,1
Khaya Senegalensis Bark Extract,,,
Nicotiana Benthamiana Hexapeptide-40 Sh-polypeptide-47,,,
Polyglyceryl-3 distearate,,,1
Enantia Chlorantha Bark Extract,,,
Hydroxycinnamic Acid,,,2
Rutin,,,1
Glycerophosphoinositol Choline,,,
ACRYLAMIDESODIUMACRYLOYLDIMETHYLTAURATECOPOLYMER,,,2
Sphingomonas Ferment Extract,,,
Linolenic acid,,,1
Salvia Hispanica Seed Oil,,,1
Polyglycerin-10,,,1
Morus Alba Root Extract,,,1
CitrusMedicaLimonum,,,2
Hydroxypropyl Tetrahydropyrantriol,,,1
HelianthusAnnuusSeedOil,0,0,1
Phytosteryl/Behenyl/Octyldodecyl Lauroyl Glutamate,,,1
Aluminum/magnesium hydroxide stearate,,,1
PentaerythritylTetraDiTButylHydroxyhydrocinnamate,,,1
Arctium Lappa Root Extract,,,1
Rehmannia Chinensis Root Extract,,,1
SH-Oligopeptide-2,,,1
Polyglycerin-6,,,1
Caulerpa Lentillifera Extract,,,
CitricAcid,,,2
Melatonin,,,1
Hexapeptide-8,,,
2-Hexadecenoic Acid,,,
PEG 400,4,0,3
Erythorbic acid,,,1
Isopropyl Isostearate,5,0,1
Tranexamic Acid,,,1
Butylene glycol dicaprylate/dicaprate,,,1
Triethylhexanoin,,,1
Cetylethylhexanoate,,,1
Magnesium sulfate,,,1
Eriobotrya Japonica Leaf Extract,,,1
Mentha Viridis Extract,,,1
Polyacrylate-13,,,2
Polyisobutene,,,1
Flavor,,,4
Sodium Glycerophosphate,,,1
ROSEHIPOIL,,,1
Arginine/lysine Polypeptide,,,1
KANZOU,,,4
Hydrolyzed Sclerotium Gum,,,
Sodium acrylates copolymer,,,2
Terminalia Chebula Fruit Extract,,,1
Hydroxyapatite,,,1
phosphatidylcholine,,,2
Primula Veris Flower Extract,,,
Achillea Millefolium Flower/leaf/stem Extract,,,
Isochrysis Galbana Extract,,,
Phaeodactylum Tricornutum Extract,,,1
Veronica Officinalis Flower/leaf/stem Extract,,,
Alchemilla Vulgaris Flower/leaf/stem Extract,,,
Nannochloropsis Gaditana Extract,,,
Cystoseira Tamariscifolia Extract,,,
Melissa Officinalis Leaf Extract,,,2
Galactoarabinan,,,1
Ricinus Communis (Castor) Seed Oil,1,0,2
Copernicia Cerifera wax,1,1,1
Kojicaciddipalmitate,,,4
Euphorbia Cerifera (Candelilla) Wax,1,1,1
Cynanchum Atratum Extract,,,
Arctostaphylos Uva Ursi Leaf Extract,,,1
Sodium polyacrylate starch,,,1
Sodium Sorbate,,,2
Ginseng Root Extract,,,1
Mandarin,,,1
Pinene,,,1
Orange,,,1
Horsetail,,,1
Organic Geranium,,,1
Licorice Root Extract,,,5
PEG/PPG-17/6 copolymer,,,3
Dipeptide Diaminobutyroyl Benzylamide Diacetate,,,1
CI 14700,,,4
IodopropynylButylcarbamate,,,5
Organic Dandelion Extract,,,1
Oryza Sativa Bran Water,,,1
Polyglycerin-3,,,1
Cyclohexane,,,2
Hordeum Distichon Extract,,,1
Triticum Vulgare Seed Extract,,,1
Hydrogenated Ethylhexyl Olivate,,,1
PEG-150,,,6
BEHENYLALCOHOL,,,1
Phytosterols,,,1
Prunus Armeniaca Juice,,,1
Carthamus Tinctorius Flower Extract,,,1
Spiraea Ulmaria Flower Extract,,,1
Deschampsia Antarctica Leaf Extract,,,
Dibutyl adipate,,,1
Isostearyl Isostearate,4,1,1
Polysilicone-11,,,1
Triheptanoin,,,1
Dilinoleic Acid/Butanediol Copolymer,,,1
Tetrahydrodiferuloylmethane,,,1
Castor Oil/IPDI Copolymer,,,1
Gellan gum,,,1
Methyl glucose sesquistearate,,,1
Hydrolyzed Millet,,,1
Meadowfoam Seed Oil,,,1
Glycyrrhiza Inflata Root Extract,,,1
Sodium laureth-4 carboxylate,,,
Pelargonium Graveolens Oil,,,4
Chamaecyparis Obtusa Oil,,,1
Hydrolyzed Sesame Protein PG-Propyl Methylsilanediol,,,1
Hydrolyzed silk,,,1
Hydrolyzed elastin,,,1
BUTYLENEGlycOL,1,0,1
BENZOPHENONE4,,,3
Polysor- Bate 20,0,0,3
Cera- Mide NP,,,1
Palmitoyl Pentapeptide 4,,,1
Palmitoyl Tetrapeptide-7,,,1
Palmitoyl Tripeptide-1,,,1
Cetyl Stearyl Alcohol,2,2,1
Olea Europaea Leaf Extract,,,1
Ethylhexyl Triazone,,,1
Caprylyl Methicone,,,1
Betula Platyphylla Japonica Bark Extract,,,1
Medicago Sativa Extract,,,1
Camellia Japonica Leaf Extract,,,1
Poly C10-30 Alkyl Acrylate,,,1
Red4,,,4
Yeast Extract,,,1
Oleth-3,5,2,3
Choleth-24,0,0,2
Ceteth-24,,,3
Jojoba Wax PEG-120 Esters,,,3
Pantethine,,,1
Sodium RNA,,,1
Oleth-5,3,,3
Hydrolyzed Algin,,,
Acetyl Hexapeptide-1,,,1
Glyceryl citrate/lactate/linoleate/oleate,,,1
Butylated HydroxyAnisole,2,3,7
Diphenylsiloxy Phenyl Trimethicone,,,1
Hydroxydecyl ubiquinone,,,1
Glycogen,,,1
Dithiaoctanediol,,,1
Silybum Marianum Extract,,,1
Aminopropyl Ascorbyl Phosphate,,,1
Sutilains,,,2
PPG-1-PEG-9 LAURYL GLYCOL ETHER,,,3
Echium Plantagineum Seed Oil,,,1
Laminaria Ochroleuca Extract,,,1
Peumus Boldus Leaf Extract,,,1
Ageratum Conyzoides Leaf Extract,,,1
Citricacid,,,2
Tilia Cordata Wood Extract,,,1
Cupressus Sempervirens Seed Extract,,,2
ETHYLHEXYLMETHOXYCINNAMATE,0,0,5
DIETHYLAMINOHYDROXYBENZOYLHEXYLBENZOATE,,,2
PEG-32,,,3
PEG-6,,,3
ASCOPHYLLUMNODOSUMEXTRACT,,,1
ASCORBICACID,0,0,1
Averrhoa Carambola Leaf Extract,,,1
CITRUSLIMONFRUITEXTRACT,,,2
LAMINARIACLOUSTONIEXTRACT,,,1
Myrciaria Dubia Fruit Extract,,,1
PERSEAGRATISSIMAFRUITEXTRACT,,,1
THEOBROMACACAOSEEDBUTTER,4,0,1
VITISVINIFERALEAFEXTRACT,,,1
PENTAERYTHRITYLTETRADITBUTYLHYDROXYHYDROCINNAMATE,,,1
Polypropylene,,,1
SUCROSEPOLYSTEARATE,,,1
TRICETEARETH4PHOSPHATE,,,3
Rhodosorus Marinus Extract,,,
Anthemis Nobilis Flower Oil,,,2
Ascorbic acid Polypeptide,,,1
Octyldodeceth-16,,,1
Palmitoyl Tripeptide-5,,,1
Pinus Strobus Bark Extract,,,2
Hippophae Rhamnoides Water,,,
THIAMINE HCl,,,
Mentha Rotundifolia Leaf Extract,,,1
C13-15 Alkane,,,1
Soluble collagen,,,1
Sh-polypeptide-2,,,
3oethylascorbicacid,,,1
Phyllanthus Emblica Fruit Extract,,,1
Arctostaphylosuvaursileafextract,,,1
Saccharomycesxylinumblackteaferment,,,1
POLYGLYCERYL2STEARATE,,,1
Thymus Citriodorus Flower/leaf Extract,,,1
Hexyl Cinnamal,,,3
Hydroxycitronellal,,,6
Silk amino acids,,,1
Codiumtomentosumextract,,,1
Pearl Extract,,,
Aloe Barbadensis Flower Extract,,,3
Collagen Extract,,,1
Leontopodium Alpinum Callus Culture Extract,,,
Swiftlet Nest Extract,,,1
Sodium magnesium fluorosilicate,,,1
Hypochlorous Acid,,,3
Sodium carbomer,,,1
Polyglyceryl-10 myristate,,,1
Heptyl Undecylenate,,,
Illicium Verum Fruit/seed Oil,,,1
Citrus Aurantium Dulcis (Orange) Oil,,,5
Hibiscus Abelmoschus Extract,,,1
Anogeissus Leiocarpus Bark Extract ,,,1
Acetyl Octapeptide-3,,,1
Palmitoyl Hexapeptide-12,,,1
Sigesbeckia Orientalis Extract,,,1
Commiphora Mukul Resin Extract,,,1
GLUCOSAMINE HCl,,,1
Pisum Sativum Extract,,,1
Trametes Versicolor Extract,,,1
Morusalba,,,1
Dictyopteris Polypodioides Extract,,,
Oryzanol,,,1
Hordeum Vulgare Extract,,,1
Helianthus Annuus Seed Extract,,,1
Punica Granatum Sterols,,,1
Dicetyldimonium chloride,,,2
Eugenia Caryophyllus Leaf Oil,,,4
SLS,5,2,2
Mint,,,1
Mentha haplocalyx Briq.,,,
Angelica Dahurica Extract,,,
Sodium glutamate,,,1
Zinc citrate,,,3
HDI/Trimethylol Hexyllactone Crosspolymer,,,1
Coleus Forskohlii Root Extract,,,1
PEG-10 Dimethicone,,,3
Hordeum vulgare,,,1
Padina Pavonica Thallus Extract,,,1
Artemia Extract,,,1
GlycineSojaSoybeanProtein,,,1
Palmitoyl oligopeptide,,,1
Decarboxy Carnosine HCL,,,1
Polysorbate 40,,,3
Sodium Chondroitin Sulfate,,,1
Disodium distyrylbiphenyl disulfonate,,,1
Jojoba Oil/macadamia Seed Oil Esters,,,1
Caprylyl Caprylate/caprate,,,1
Polyacrylate Crosspolymer-11,,,
Phytosteryl macadamiate,,,1
Collagen amino acids,,,1
Lithothamnion Calcareum Extract,,,1
Oligopeptide-3,,,1
Oligopeptide-2,,,1
Oligopeptide-1,,,1
Myrica Cerifera Fruit Extract,,,1
Akebia Quinata Stem Extract,,,
Saccharomyces lysate,,,1
Black Iron Oxide,,,2
Seaweed Extract,,,1
Clove Extract,,,1
Yellow Iron oxide,,,1
Red Iron oxide,,,2
Cetyl PEG/PPG-10/1 dimethicone,,,3
Punica Granatum Fruit Water,,,
Sodium oleate,,,1
Dimethiconol/Propylsilsesquioxane/Silicate Crosspolymer,,,1
LaurylPEG10TrisTrimethylsiloxysilylethylDimethicone,,,3
Polyglyceryl-4 Diisostearate/Polyhydroxystearate/Sebacate,,,1
PEG-10,,,3
TetrasodiumGlutamateDiacetate,,,1
Hydrolyzed Viola Tricolor Extract,,,1
DPG,,,2
Glycyrrhizic acid,,,1
Broccoli Extract,,,1
MethylCarboxymethylphenylaminocarboxypropylPhosphonate,,,
EDTA-2Na,,,1
Polyglyceryl-3 oleate,,,1
RosehipOil,,,1
Tridecyl salicylate,,,1
Di-c12-13 alkyl malate,,,1
Palmitoyl Tripeptide-8,,,1
Narcissus Tazetta Bulb Extract,,,1
Taraktogenos Kurzii Seed Oil,,,
Leptospermum Scoparium Branch/Leaf Oil,,,
Sodium DNA,,,1
Palmitoyl Tripeptide-38,,,1
Dipentaerythrityl Hexa C5-9 Acid Esters,,,1
Neopentyl glycol diheptanoate,,,1
Salvia Hispanica Seed Extract,,,1
OcimumBasilicumFlowerLeafStemExtract,,,
Tuber Magnatum Extract,,,1
NymphaeaAlbaFlowerExtract,,,1
SaussureaInvolucrataExtract,,,1
Lilium Candidum Flower Extract,,,1
LeontopodiumAlpinumExtract,,,1
Citrus Reticulata Peel Extract,,,3
Sodium metaphosphate,,,1
Hydrogenated Poly(c6-20 Olefin),,,
Protease,,,2
FerulicAcid,,,2
SH-Polypeptide-11,,,1
SH-Polypeptide-9,,,1
Acetyl Glutamine,,,1
Tricaprylin,,,1
SH-Polypeptide-1,,,1
Phosphoric acid,,,1
Bacillus/folic Acid Ferment Filtrate Extract,,,1
Ethyl macadamiate,,,1
N-prolyl Palmitoyl Tripeptide-56 Acetate,,,1
Methylgluceth20,,,1
Hydroxypinacolone Retinoate,,,
Vigna Aconitifolia Seed Extract,,,1
Palmitoyltripeptide1,,,1
Dimethyl isosorbide,,,1
Mannose,,,1
Darutoside,,,1
DimethylaminoEthanolTartrate,,,
PPG-6-DECYLTETRADECETH-30,,,1
Helianthus Annuus Extract,,,1
PVP,0,,1
PEGPPG1818Dimethicone,,,3
Octyl Methoxycinnamate,0,0,5
ArctostaphylosUvaUrsiLeafExtract,,,1
Citrus,,,1
Lemon extract,,,1
GlycyrrhizaGlabra,,,4
Morus Alba Leaf Extract,,,1
Hydrogen Dimethicone,,,1
Tribehenin,,,1
Methicone,,,1
PEG10,,,3
Poloxamer 338,,,2
Bis-PEG/PPG-16/16 PEG/PPG-16/16 Dimethicone,,,3
POLYSILICONE11,,,1
Sodium thiosulfate,,,1
Hydroxyethylpiperazine Ethane Sulfonic Acid,,,1
Menthoxypropanediol,,,1
Pisum Sativum Peptide,,,
Sodium,,,1
Hyaluronate,,,1
POLOXAMER338,,,2
PEG-12,,,3
Dimethicone/ppg-20 Crosspolymer,,,
Methylene bis-benzotriazolyl tetramethylbutylphenol,,,1
Undecylenoyl phenylalanine,,,1
Sodium Sulfite,,,2
Acetyl tyrosine,,,1
Saxifraga Sarmentosa Extract,,,1
Hexapeptide-2,,,1
Kojic Acid,,,7
Acetyl glucosamine,,,1
Arisaema Amurense Extract,,,
Phenylethyl Resorcinol,,,1
Fraxinus Excelsior Bark Extract,,,
Dimethicone Crosspolymer,,,1
SorbitanIsoStearate,2,,1
PEG-14 Dimethicone,,,3
ALCOHOLDENAT,0,5,4
C13-14 Isoalkane,,,1
Acetic acid,,,1
Salicyloyl Phytosphingosine,,,1
Extrait de levure,,,1
CistusMonspeliensis,,,
PPG-24-glycereth-24,,,1
Carbon dioxide,,,1
L-Ascorbic Acid,0,0,1
Tremella fuciformis polysaccharide,,,
CabbageRose,,,1
CAPRYLICCAPRICTRIGLYCERIDE,1,,1
Hexyl Laurate,,,1
Auricularia Polytricha Fruiting Body Extract,,,
Polyglyceryl-2 stearate,,,1
Camellia Oleifera Seed Oil,,,1
Polyglyceryl-6 distearate,,,1
Polyglyceryl-3 beeswax,,,1
Ceratonia Siliqua Gum,,,1
Cinnamomum Camphora Leaf Oil,,,
Crataegus Monogyna Flower Extract,,,
GELIDIELLAACEROSA,,,1
Geranium Robertianum Extract,,,1
Ascophyllum Nodosum Extract,,,1
Cistus Incanus Flower/Leaf/Stem Extract,,,
Asparagopsis Armata Extract,,,1
Propylene glycol caprylate,,,1
RED4,,,4
Ext. Violet 2,,,5
Blue 1,,,7
Triisostearin,,,1
Isostearyl Alcohol,,,1
Prunus Domestica Seed Extract,,,1
Camellia Japonica Seed Oil,,,1
DIPOTASSIUMGLYCYRRHIZATE,,,1
Glycine Soja Sterols,,,1
Barley,,,1
Triticum Vulgare Germ Extract,,,1
PAEONIASUFFRUTICOSAROOTEXTRACT,,,1
CRATAEGUSMONOGYNAFLOWEREXTRACT,,,
Ethylcellulose,,,1
SODIUMHYDROXIDE,,,4
Disodium adenosine triphosphate,,,1
Mentha Viridis Leaf Oil,,,
Nelumbo Nucifera Flower Water,,,1
Nymphaea Caerulea Flower Water,,,
ZincGluconate,,,3
Pectin,,,1
12HEXANEDIOL,,,1
Pyruvic acid,,,1
Butyrospermum Parkii Butter Extract,,,1
Cymbopogon Flexuosus Oil,,,1
Phaseolus Lunatus Seed Extract,,,1
Orbignya Oleifera Seed Oil,,,1
Babassu Oil Glycereth-8 Esters,,,3
Heptyl Glucoside,,,1
Olive Leaf Extract,,,1
Pomegranate,,,1
Linoleic Acid,,,1
Magnesium Carboxymethyl Beta-glucan,,,1
Micrococcus lysate,,,1
Arabidopsis Thaliana Extract,,,1
Evodia Rutaecarpa Fruit Extract,,,1
Hamamelis Virginiana Leaf Water,,,
Pyrus Malus Flower Extract,,,1
Tetrasodium Iminodisuccinate,,,1
Hydrolyzed Malt Extract,,,1
Punica Granatum Flower Extract,,,1
3-o-ethyl ascorbyl ether,,,
Amber Powder,,,1
Biotinoyl Tripeptide-1,,,1
Glycine Soja Germ Extract,,,1
Apigenin,,,1
Zinc chloride,,,4
Onopordum Acanthium Flower/leaf/stem Extract,,,1
Caprooyl tetrapeptide-3,,,1
Polyglyceryl-2 Dipolyhydroxystearate,,,1
Polyglyceryl3Diisostearate,4,0,1
Stearalkonium hectorite,,,1
Camellia Sinensis Seed Oil,,,1
Theobroma Cacao Extract,,,1
Peg-9 Diglycidyl Ether/sodium Hyaluronate Crosspolymer,,,
Oleyl Alcohol,4,2,1
PPG7buteth10,,,
Paeonia Suffruticosa Callus Extract,,,
Calcium PCA,,,1
Rosa Canina Seed Oil,,,3
PEG-12 Dimethicone/PPG-20 Crosspolymer,,,
Sodium Starch Octenylsuccinate,,,1
COCOCAPRYLATECAPRATE,,,1
Iris Pallida Leaf Cell Extract,,,
Ethylene/Propylene/Styrene Copolymer,,,1
TITANIUMDIOXIDE,0,0,6
PROPYLENEGLYCOL,0,0,3
Acetyl Dipeptide-1 Cetyl ester,,,1
SALICYLICACID,,,4
AMMONIUMPOLYACRYLOYLDIMETHYLTAURATE,,,1
Polyurethane-62,,,
Ethylhexyl methoxycinnamate,0,0,5
Dextrin palmitate,,,1
Stearyl Glycyrrhetinate,,,1
Ergothioneine,,,1
Palmitoyl Sh-octapeptide-24 Amide,,,
Palmitoyl Sh-tripeptide-5 Norisoleucyl Sh-nonapeptide-1,,,
Ethylene/Acrylic Acid Copolymer,,,2
Copper Lysinate/Prolinate,,,
Epigallocatechin Gallate,,,2
Epigallocatechin Gallatyl Glucoside,,,
Pinus Nigra Bud/needle Extract,,,
Polyglyceryl-5 laurate,,,1
Tamarindus Indica Seed Gum,,,
XanthanGum,,,1
CymbopogonMartinii,,,1
Lavandula Angustifolia Flower Oil,,,
SantalumSpicatum,,,1
Tocopherols Oil,3,2,1
Cichorium Intybus Root Oligosaccharides,,,1
Adansonia Digitata Pulp Extract,,,1
Jasminum Sambac Flower Extract,,,
Cardiospermum Halicacabum Flower/Leaf/Vine Extract,,,1
Benzaldehyde,2,2,3
Dimethyl MEA,,,3
Amyl cinnamal,,,4
Vitis Vinifera Fruit Water,,,1
Tamarindus Indica Fruit Extract,,,1
Haberlea Rhodopensis Leaf Extract,,,1
Kojic Acid Dipalmitate,,,4
Dimethylmethoxy Chromanyl Palmitate,,,
Cetyl palmitate,0,,1
Zinc ricinoleate,,,1
Tetrahydroxypropyl ethylenediamine,,,1
Aminobutyric acid,,,1
Solanum Lycopersicum Fruit Extract,,,
Anastatica Hierochuntica Extract,,,1
Sodium Dilauramidoglutamide Lysine,,,1
Glucosylrutin,,,
Polysorbate 21,,,3
Citrullus Vulgaris Fruit Extract,,,1
BisEthoxydiglycolCyclohexane14Dicarboxylate,,,1
Ammonium Acryloyldimethyltaurate/Beheneth-25 Methacrylate Crosspolymer,,,3
CaprylylCaprylGlucoside,,,1
Centella Asiatica Meristem Cell Culture,,,
PEG/PPG-18/18 dimethicone,,,3
AlphaArbutin,,,1
Ceramides,,,1
Gama Amino Butyric Acid,,,
Sodium Metabisulphite,,,4
Butylated hydroxytoluene,,,3
Salicornia Herbacea,,,
Grapefruit Fruit Extract,,,2
Methylglucoside Phosphate,,,1
PEG/PPG-300/55 copolymer,,,3
Gigartina Stellata Extract,,,1
Myristoyl Tripeptide-31,,,
TOCOPHERYLACETATE,0,0,3
Jojoba Seed Oil,2,2,1
Tussilago Farfara Leaf Extract,,,1
Equisetum Arvense Extract,,,1
Zinc Gluconate,,,3
Polyquaternium-37,,,1
Acrylates/Stearyl Methacrylate Copolymer,,,1
Glycine Soja Extract,,,
Hydroxyproline,,,1
PEG-7 Trimethylolpropane Coconut Ether,,,1
Allyl Methacrylates Crosspolymer,,,1
Magnesium aspartate,,,1
Hydrolyzed rice bran protein,,,2
Phenylpropanol,,,1
Yellow5,,,5
ALOEVERA,0,0,2
HAMAMELISVIRGINIANA,,,1
Polyglyceryl-4 Laurate/succinate,,,1
C14-22 alcohols,,,1
C12-20 Alkyl Glucoside,,,1
Vincetoxicum Atratum Extract,,,
Safflower Seed Oil,0,0,1
Prunus Persica Flower Extract,,,1
Retinal,,,6
PPG-13-Decyltetradeceth-24,,,1
Isopropyl Lauroyl Sarcosinate,,,1
Tris(tetramethylhydroxypiperidinol) citrate,,,1
Benzotriazolyl Dodecyl p-Cresol,,,1
C12-14 Alketh-12,,,1
Atelocollagen,,,1
Prunella Vulgaris Extract,,,
Desamido collagen,,,1
Ppg-3 Dipivalate,,,
Bupleurum Falcatum Root Extract,,,1
Potassium methoxysalicylate,,,
Myristyl Myristate,5,2,3
Lamium Album Flower/leaf/stem Extract,,,
Ziziphus Jujuba Fruit Extract,,,1
Angelica Acutiloba Root Extract,,,1
Batyl alcohol,,,1
Nasturtium Officinale Leaf/stem Extract,,,
C15-19 Alkane,,,3
Arachidyl alcohol,,,1
Arachidyl Glucoside,,,2
Sodium gluceptate,,,1
Pentavitine,,,1
Hydrolyzed Tremella Fuciformis Sporocarp Extract,,,
Hydrolyzed Hibiscus Esculentus Extract,,,1
Dipotassium Glycyrrhizinate,,,1
Ethyl Ascorbic Acid,,,1
Saccharomyces/Magnesium Ferment,,,1
Avene thermal spring water,,,
Candelilla/Jojoba/Rice Bran Polyglyceryl-3 Esters,,,1
Crambe Abyssinica Seed Oil,,,1
Mauritia Flexuosa Fruit Oil,,,1
Bursera Graveolens Wood Oil,,,
Boswellia Carterii Gum Oil,,,
Pelargonium Roseum Leaf Oil,,,1
Sodium stearoyl lactylate,,,1
Hylocereus Undatus Fruit Extract,,,1
Larix Europaea Wood Extract,,,
Dimethicone Crosspolymer-3,,,1
C12-14 pareth-12,,,1
Pearl powder,,,1
Lauryl PCA,,,1
PEG-11 Methyl Ether Dimethicone,,,3
Lysine HCL,,,
Gallyl Glucoside,,,1
Rosmarinyl Glucoside,,,
Salvia Miltiorrhiza Root Extract,,,
7-dehydrocholesterol,,,1
Triethylhexyl Trimellitate,,,1
Di(2-ethylhexyl) succinate,2,,1
BisEthylhexyloxyphenol Methoxyphenyl Triazine,,,1
Cynara Scolymus Leaf Extract,,,1
Oenothera Biennis Seed Extract,,,1
Magnesium Ascorbyl Phosphate,,,1
Arlacel 60,0,1,1
Tween 60,,,3
Rosa Rubiginosa Seed Oil,,,1
Linseed Seed Extract,,,1
Citrus Aurantium Amara Leaf/twig Oil,,,1
CAMELLIASINENSISLEAFWATER,,,1
Senegal Gum,,,1
Matrixyl3000,,,
ColeusForskohlii,,,1
Castanea Sativa Seed Extract,,,1
Ocimum Tenuiflorum Extract,,,1
FAEX EXTRACT,,,1
Chondrus Crispus Powder,,,
Niacin,,,1
CI 61570,,,8
Plankton extract,3,,1
Tourmaline,,,1
Prunus Amygdalus Dulcis Seed Extract,,,1
Helianthus Annuus Seedcake,,,1
Styrene/VP Copolymer,,,1
Medicago Sativa Seed Powder,,,1
Copper gluconate,,,2
Mangifera Indica Juice,,,1
MangiferaIndica,,,1
Carica Papaya Fruit Juice,,,1
CaricaPapaya,,,1
AnanasSativus,,,1
Urtica Dioica Extract,,,1
UrticaDioica,,,1
Cinchona Pubescens Bark Extract,,,
CI 61565,,,3
DCRed7,1,0,3
CI 47000,,,6
Euglena Gracilis Polysaccharide,,,
Citrus Aurantium Amara Flower Extract,,,1
Crocus Sativus Flower Extract,,,1
Saponaria Pumila Callus Culture Extract,,,
Silver Oxide,,,2
Riboflavin,,,1
Isomalt,,,1
Crithmum Maritimum Callus Culture Filtrate,,,
Viscum Album Leaf Extract,,,1
Polyglyceryl-10 isostearate,,,1
LASCORBICACID,0,0,1
ALPHAARBUTIN,,,1
Hesperidin,,,1
Phloretin,,,
C8-12 Acid Triglyceride,,,
Faex,,,1
MENTHAPIPERITA,,,1
Tapioca starch,,,1
Sorbeth-40 Tetraoleate,,,
Cetyl Tranexamate HCL,,,
Narcissus Poeticus Callus Extract,,,
Citrus Aurantium Dulcis Callus Culture Extract,,,1
Plukenetia Volubilis Seed Oil,,,1
PlukenetiaVolubilis,,,1
Podocarpus Elatus Fruit Extract,,,1
Pleiogynium Timorense Fruit Extract,,,1
Linum usitatissimum Seed Oil,5,,1
Michelia Alba Leaf Oil,,,1
Michelia Champaca Flower Oil,,,
Trisiloxane,,,2
Prunus Amygdalus Dulcis Seed Meal,,,1
Tocopheryl succinate,,,1
Peat Extract,,,1
Palmitoyl Hexapeptide-14,,,1
Polyethylene,,,1
Eryngium Maritimum Callus Culture Filtrate,,,
Caprylic/capric/myristic/stearic triglyceride,,,1
Glyceryl triacetyl ricinoleate,,,1
Dipalmitoyl hydroxyproline,,,1
Alcaligenes Polysaccharides,,,1
Tetraacetylphytosphingosine,,,1
Soy Amino Acids,,,1
Magnesium gluconate,,,1
Melilotus Officinalis Extract,,,1
Hypnea Musciformis Extract,,,1
PEG-8 Dimethicone,,,3
Marrubium Vulgare Extract,,,1
Bis-Stearyl Dimethicone,,,1
GelidiellaAcerosa,,,1
Himanthalia Elongata Extract,,,1
Backhousia Citriodora Leaf Extract,,,1
QuercusPetraea,,,
Copper Tripeptide-34,,,
Palmitoyl Dipeptide-52,,,
Linum Usitatissimum Seed Extract,,,1
Quaternium-95,,,1
Caesalpinia Spinosa Fruit Pod Extract,,,
Hydroxypropyltrimonium Hydrolyzed Rice Protein/siloxysilicate,,,1
Oryza Sativa Seed Protein,,,
Helianthus Annuus Sprout Extract,,,1
Thioctic Acid,,,2
Vitamin B5,,,1
Deionizedwater,0,0,
Lactobacillus/portulaca Oleracea Ferment Extract,,,1
Avobenzone,,,2
Octisalate,0,0,3
C12-22 Alkyl Acrylate/hydroxyethylacrylate Copolymer,,,
Musa sapientum,,,1
Cimicifuga Racemosa Root Extract,,,1
Vaccinium Vitis-idaea Fruit Extract,,,1
Mango Extract,,,1
Scutellaria Baicalensis Extract,,,1
PEG-50 HYDROGENATED CASTOR OIL,,,
Menthone Glycerin Acetal,,,1
Gentiana Scabra Extract,,,
CURCUMALONGAROOTOIL,,,
HELICHRYSUMANGUSTIFOLIUMFLOWEREXTRACT,,,1
TREMELLAFUCIFORMISPOLYSACCHARIDE,,,
PEG40HYDROGENATEDCASTOROIL,,,3
ALOEBARBADENSISLEAFJUICE,,,3
SODIUMHYALURONATE,0,0,1
CAPRYLHYDROXAMICACID,,,1
Mannan,,,1
Rice Ferment Filtrate (sake),,,1
RosaDamascenaFlowerWater,,,1
AvenaSativaKernelExtract,,,1
HydroxyethylAcrylateSodiumAcryloyldimethylTaurateCopolymer,,,1
PEG40HydrogenatedCastorOil,,,3
Sea Salt,,,1
Apple Cider Vinegar,,,1
Zymomonas Ferment Extract,,,
Vanille,,,
Chamomile Essential Oil,0,0,1
CassiaBetaglycan,,,
Grape Seed Extract,,,1
L-Sodium Hyaluronate,,,
AlphaTocopherol,3,2,1
L-Glutathione,,,
Rose Essential Oil,,,1
Ethylparaben,0,0,3
Deuterium Oxide,,,
Isobutylparaben,,,10
Willowherb Extract,,,
SodiumCarboxymethylcellulose,,,
GlycyrrhizaGlabraRootExtract,,,5
CentellaAsiaticaExtract,,,1
LuffaCylindricaFruitLeafStemExtract,,,
LysineHcl,,,
SodiumAscorbylPhosphate,,,1
AcetylMethionine,,,1
DisodiumPhosphate,,,1
Hydrolyzed corn starch,,,1
Lens Esculenta Seed Extract,,,
Glycyrrhiza Glabra,,,4
Paeonia Suffruticosa Root Bark Extract,,,
Portulaca Oleracea Flower/leaf/stem Extract,,,
Paeonia Lactiflora Extract,,,
Saccharomyces/copper Ferment,,,1
Saccharomyces/Silicon Ferment,,,1
Saccharomyces/Iron Ferment,,,2
Cinnamyl alcohol,,,4
Anise alcohol,,,4
WitchHazel,,,1
Sweet Almond Oil,3,,1
Vaccinium Myrtillus Fruit Juice,,,
Corylus Avellana Leaf Extract,,,1
Krameria triandra,,,
Potentilla Erecta Root Extract,,,1
Artemisia Annua Leaf Extract,,,
Actinidia Chinensis Seed Extract,,,1
Sebacic acid,,,1
110decanediol,,,1
Vitis vinifera Skin Extract,,,1
Vitis Vinifera Leaf Extract,,,1
Garcinia Mangostana Peel Extract,,,1
Acer Saccharum Sap,,,
Zea mays germ extract,,,
Triticum Vulgare Flour Extract,,,1
Chrysanthemum Indicum Flower Extract,,,
PCA Dimethicone,,,1
Gotukola,,,1
Saccharomyces/Potato Extract Ferment Filtrate,,,1
Saccharomyces/Barley Seed Ferment Filtrate,,,1
POLYGLYCERYL10OLEATE,,,1
BETAGLUCAN,,,1
Salvia officinalis,,,1
Leuconostocradishrootfermentfiltrate,,,1
Bambusa Vulgaris Water,,,1
CoQ10,,,1
Aloe Leaf Extract,,,
M. chamomilla,,,2
PalmitoylTetrapeptide7,,,1
Camelliasinensis,,,1
Sphinganine,,,1
Sodium Soy Hydrolyzed Collagen,,,
Laurylpyridinium chloride,,,1
HydrolyzedElastin,,,1
Tea Tree Leaf Extract,,,1
Diospyros Kaki Leaf Extract,,,
CeramideNP,,,1
Punica Granatum Fruit Juice,,,1
C20-24 Alkyl Dimethicone,,,1
Leontopodium Alpinum Flower/leaf Extract,,,
Perfluorooctyl Triethoxysilane,,,4
C12-15 alkyl lactate,,,1
Cocamidopropyl PG-dimonium chloride phosphate,,,3
Cetyl lactate,,,4
SalicylicAcid,,,4
Silanetriol Trehalose Ether,,,1
Coptis Japonica Rhizome Extract,,,1
Jasmine Flower Extract,,,1
Provitamin B5,0,0,1
Stellaria media,,,1
EquisetumArvenseLeafExtract,,,1
NettleLeafExtract,,,1
Oat Kernel Extract,,,1
Nepeta Cataria Extract,,,1
Raspberry Leaf Extract,,,1
Baptisia Tinctoria Root Extract,,,1
Turmeric Root Extract,,,1
Lauryl Dimethicone/polyglycerin-3 Crosspolymer,,,1
Orange Peel Oil,,,1
Lime Oil,,,4
Rosemary Leaf Oil,,,1
GlycolicAcid,,,4
Hydroxypropylcellulose,1,0,1
Ceteareth-6 Olivate,,,3
Dexpanthenol,0,0,1
Nardostachys Jatamansi Rhizome/root Extract,,,
EcliptaProstrata,,,
Lycium Chinense Fruit Extract,,,1
Cranberry Fruit Extract,,,1
Fragaria Vesca Leaf Extract,,,1
Wine Extract,,,1
Rubus Coreanus Fruit Extract,,,1
Solanum melongena,,,
Astragalus Membranaceus Root Extract,,,1
Atractyloides Japonica Rhizome Extract,,,1
Prunus Mume Flower Extract,,,1
Evening Primrose Seed Extract,,,1
Soapweed,,,
Lavender,,,1
Irishmoss,,,1
Sugar Cane Extract,,,1
Lychee Fruit Oil,,,
Holybasil,,,1
Bay Leaf Extract,,,1
Hollyhock Extract,,,1
Lotus Leaf Extract,,,1
Bambusa Vulgaris Leaf Extract,,,
Cocoglycerides,,,1
Capparis Spinosa Fruit Extract,,,1
Octyldodecyl myristate,,,1
Sanguisorba Officinalis Root Extract,,,1
Magnolia Liliflora Flower Extract,,,
Benincasa Cerifera Seed Extract,,,
Cucumissativus,,,1
IlexGuayusa,,,
Chlorophyll,,,1
Natural Aroma,,,4
HCBlueNo15,,,1
Distearoylethyl hydroxyethylmonium methosulfate,,,3
Basic Violet 2,,,1
Formic acid,,,1
CalciumGluconate,,,1
β-Glucans,,,1
Althaea Officinalis Leaf/root Extract,,,1
Basil Flower/leaf Extract,,,
NELUMBONUCIFERA,,,1
Dictamnus Dasycarpus Root Extract,,,
Foeniculum Vulgare Leaf Extract,,,
Gaultheria Procumbens Leaf Extract,,,1
Actinidia Polygama Fruit Extract,,,
Rhododendron Ferrugineum Leaf Cell Culture Extract,,,1
Vitis Vinifera Fruit Cell Extract,,,
Aronia Melanocarpa Fruit Extract,,,1
Lycium Barbarum Fruit Extract,,,1
Camellia Sinensis,,,1
Polyglyceryl-6 oleate,,,1
Lavandula Angustifolia Flower Water,,,1
Gamma-polyglutamic acid,,,1
Aloe Barbadensis Leaf Water,,,3
Cocos Nucifera Water,,,1
Maclura Cochinchinensis Leaf Prenylflavonoids,,,
Theanine,,,1
Diphenyl dimethicone,,,1
Dihydroxyethyl stearyl glycinate,,,
Apple Water,,,1
Pyrus Malus Juice,,,1
Galactomyces ferment filtrate,,,1
Arginine PCA,,,1
Magnesium pca,,,1
Rice Extract,,,2
Polyglyceryl10myristate,,,1
Alphaarbutin,,,1
Spiraea Ulmaria Extract,,,1
Lactococcus/Bean Seed Extract Ferment Filtrate,,,
Lactobacillus/rice Ferment,,,1
Chlorella Ferment,,,
Lactobacillus/Algae Extract Ferment,,,1
SaccharomycesGrapeFermentExtract,,,
Lactobacillus/soybean Extract Ferment Filtrate,,,1
Saccharomyces/Calcium Ferment,,,1
SaccharomycesLaminariaSaccharinaFerment,,,
Lactobacillus/Eriodictyon Californicum Ferment Extract,,,1
Lactobacillus/Water Hyacinth Ferment,,,
Lactobacillus/rye Flour Ferment,,,
Lactobacillus/Hibiscus Sabdariffa Flower Ferment Filtrate,,,
Lactobacillus/Acerola Cherry Ferment,,,1
Lactococcus/milk Ferment Lysate,,,
Lactococcus ferment extract,,,1
Bacillus/glutamic Acid Ferment Filtrate,,,
Bacillus/Rice Bran Extract/Soybean Extract Ferment Filtrate,,,1
Saccharomyces/Rice Bran Ferment Filtrate Extract,,,
Saccharomyces/Rice Bran Ferment,,,1
Lactobacillus/Pear Juice Ferment Filtrate,,,
Pichia Ferment Lysate Filtrate,,,
Saccharomyces/Coix Lacryma-Jobi Ma-yuen Seed Ferment Filtrate,,,
Saccharomyces/Soy Protein Ferment,,,
Saccharomyces/Malachite Ferment,,,
Schizosaccharomyces Ferment Filtrate,,,1
AcrylatesC1030AlkylAcrylateCrosspolymer,,,1
Lysolecithin,,,1
Perilla Ocymoides Seed Extract,,,1
Lonicera Caprifolium Extract,,,1
Uncaria Tomentosa Extract,,,1
Corydalis Turtschaninovii Root Extract,,,
Cupressus Sempervirens Leaf Extract,,,
Mentha Aquatica Extract,,,
Abies Sibirica Oil,,,2
Pseudoalteromonas Ferment Extract,,,1
Cetraria Islandica Extract,,,1
Olive Oil Glycereth-8 Esters,,,1
Hippophae Rhamnoides Fruit Juice,,,1
Opuntia Ficus-indica Stem Extract,,,1
OatBetaGlucan,,,1
Sodium acetylhyaluronate,,,1
Bifidus Ferment Filtrate,,,1
HydroxypropyltrimoniumHyaluronate,,,1
Lactobacillus Ferment Extract,,,1
Lactobacillus Ferment Filtrate,,,2
"1,3-Propanediol",,,1
D-Panthenol,0,0,1
Carbopol,1,1,1
Pyrus Malus Leaf Extract,,,
Tripeptide-2,,,
Oenothera Biennis Extract,,,
C12-13 pareth-9,,,1
Inulin Lauryl Carbamate,,,1
AcetylTetrapeptide11,,,
Trideceth6,,,1
Zanthoxylum Piperitum Fruit Extract,,,1
CI45100,,,2
HydrolyzedSoyProtein,,,
Hydrolyzed corn protein,,,1
Climbazole,,,2
EquisetumArvenseExtract,,,1
PerseaGratissimaOil,2,0,1
Alchemilla Vulgaris Extract,,,1
Origanum Majorana Leaf Extract,,,1
Hibiscus Sabdariffa Flower Extract,,,1
Witch Hazel Extract,,,1
CeratoniaSiliqua,,,1
Coix Lacryma-Jobi Ma-yuen Seed Extract,,,
Acrylates/Ethylhexyl Acrylate Copolymer,,,1
Opuntia Ficus-indica Extract,,,
Sodium polyglutamate,,,1
Lactobacillus/Watermelon Fruit Ferment Extract,,,
Ipomoea Batatas Root Extract,,,1
FragariaAnanassa,,,1
VetiveriaZizanoidesRootExtract,,,
Isostearamidopropyl ethyldimonium ethosulfate,,,3
EDTA2Na,,,1
Barosma Betulina Leaf Extract,,,2
Soluble proteoglycan,,,
Calcium chloride,,,1
Coceth-7,,,1
HamamelisVirginiana,,,1
Dimethylsilanol hyaluronate,,,1
Polyglyceryl3MethylglucoseDistearate,,,1
Lupinus Albus Seed Extract,,,1
Leucojum Aestivum Bulb Extract,,,1
Viola Odorata Flower/leaf Extract,,,
Helianthus Annuus Flower Extract,,,
Pancratium Maritimum Extract,,,1
SodiumAcetylatedHyaluronate,,,1
Acetyl Heptapeptide-4,,,1
Acetyl Tetrapeptide-2,,,1
Anthemis Nobilis,0,0,1
ChamomileExtract,0,0,1
Phragmites Kharka Extract,,,
Octoxynol-10,,,6
Hydrolyzed Caesalpinia Spinosa Gum,,,1
Dipotassiumglycyrrhizate,,,1
PEG-4 castor oil,,,
DI water,0,0,
Vinegar,,,1
Epilobium Angustifolium Flower/Leaf/Stem Extract,,,1
DMDMHydantoin,,,6
Myristica Fragrans Kernel Oil,,,
Polyglyceryl-2 oleate,,,1
BIFIDAFERMENTFILTRATE,,,1
LactobacillusFermentLysate,,,1
Theobroma cacao,,,1
Fructo-Oligosaccharides,,,1
LACTOBACILLUSFERMENT,,,1
BACILLUSFERMENT,,,1
Aloe Ferox,,,1
Nymphaea alba,,,1
Fullerence,,,
Cinnamon,,,1
Tomato,,,1
Veronica Officinalis Extract,,,1
Mentha Piperita Leaf/urtica Dioica Leaf Extract,,,
Malva Sylvestris Extract,,,1
Peucedanum Ostruthium Leaf Extract,,,
Biosaccharide Gum-4,,,1
AMINOESTERS1,,,1
Pinus Pinaster Bark/bud Extract,,,1
SODIUMDEHYDROACETATE,,,1
TROPAEOLUMMAJUSFLOWERLEAFSTEMEXTRACT,,,
CURCUMALONGAROOTEXTRACT,,,1
Diethylhexyl Carbonate,,,1
Acer Rubrum Bark Extract,,,1
Hydroxyisohexyl 3-cyclohexene carboxaldehyde,,,1
Oakmoss,,,
AlphaIsomethylIonone,,,5
Usnea Barbata Extract,,,1
Cassia Obtusifolia Seed Extract,,,1
Sodium palmitoyl sarcosinate,,,1
Aureobasidium Pullulans Ferment Filtrate,,,
Saccharomyces/Laminaria Saccharina Ferment,,,
Aspergillus/Glucose/Soybean/Starch Ferment Filtrate,,,1
Lactobacillus/panax Ginseng Root Ferment Filtrate,,,
Lactobacillus/milk Ferment Filtrate,,,1
Monascus/rice Ferment,,,
Saccharomyces/Grape Ferment Extract,,,
Lactobacillus Ferment Lysate Filtrate,,,
Lactobacillus/Wasabia Japonica Root Ferment Extract,,,1
Nasturtium Officinale Flower/leaf Extract,,,
sh-Oligopeptide-1,,,1
VitexAgnusCastusExtract,,,1
Origanum Vulgare Leaf Extract,,,1
Potassium alum,,,2
Oleth20,1,,3
Melaleuca Alternifolia Leaf Powder,,,
Microcrystalline Wax,,,1
Nelumbium Speciosum Flower Extract,,,
Solanum Lycopersicum Fruit/leaf/stem Extract,,,
Acetyl methionine,,,1
Natto gum,,,1
Oryzasativaextract,,,2
Pomegranate Peel Extract,,,1
CITRICACID,,,2
CI17200,2,0,4
MelissaOfficinalisFlowerLeafStemExtract,,,
PelargoniumGraveolensFlowerLeafStemExtract,,,1
RH-Polypeptide-22,,,
4-T-Butylcyclohexanol,,,1
Gentiana Scabra Root Extract,,,1
CHONDRUSCRISPUSEXTRACT,,,1
Aphanizomenon Flosaquae Extract,,,
FRUCTOOLIGOSACCHARIDES,,,1
SODIUMPHYTATE,,,1
Cymbopogon Martini Oil,,,1
Magnolia Kobus Bark Extract,,,1
Rosa Hybrid Flower Extract,,,1
Geranium Maculatum Extract,,,1
Cameliasinensis,,,
Ceramide3,,,1
Acetyl Hexapeptide-30,,,1
Pseudoalteromonas Exopolysaccharides,,,
CitrusLimon,,,1
Cucumber Fruit Extract,,,1
Chrysanthemum Coccineum Flower Extract,,,1
Eucalyptus Citriodora Oil,,,1
FicusCaricaFruitExtract,,,1
DipotassiumGlycyrrhizate,,,1
PistaciaLentiscusGum,,,1
Paeonia Suffruticosa Branch/flower/leaf Extract,,,
HouttuyniaCordataExtract,,,1
Isoprene Glycol,,,1
Genistein,,,1
Laurdimonium hydroxypropyl hydrolyzed soy protein,,,1
Quercetin,,,1
Cucurbita Pepo Seed Extract,,,1
Laureth-23,3,0,3
CynaraScolymus,,,
Sciadopitys Verticillata Root Extract,,,
Morus Alba Bark Extract,,,1
"2,3-butanediol",,,
Vinyldimethicone,,,1
Trideceth-10,,,1
Pyridoxine,,,1
EpilobiumAngustifolium,,,1
Sodium Acrylate/Sodium Acryloyldimethyl Taurate Copolymer,,,1
Glyceryl linolenate,,,3
Glyceryl arachidonate,,,1
Methyl cyclodextrin,,,1
Sunset Yellow FCF,,,7
FastAcidMagenta,2,0,4
Lactobacillus/centella Asiatica Extract Ferment Filtrate,,,
Potassium Acrylates/C10-30 Alkyl Acrylate Crosspolymer,,,1
Sucrose Distearate,0,,1
Chrysin,,,1
Taraxacum Officinale Rhizome/root Extract,,,1
Viola Yedoensis Extract,,,
Taraxacum Mongolicum Extract,,,
"1,10-Decanediol",,,1
Polyglyceryl-6 dioleate,,,1
Polyglyceryl-4 laurate,,,1
Arthrospira Extract,,,
Palmitoyl dipeptide-5 diaminobutyroyl hydroxythreonine,,,
Brine Shrimp Extract,,,
Colloidal Platinum,,,
Zizyphi Fructus Extract,,,
Glucosamine,,,1
Avene aqua,,,
Polyglyceryl10Laurate,,,1
Althaea Rosea Root Extract,,,1
PrunusDomestica,,,
Phytosterol,,,1
Camellia Sinensis Root Extract,,,1
CitrusNobilisFruitExtract,,,2
SalixPurpureaBarkExtract,,,
Phaseolus Radiatus Extract,,,1
Rumex Crispus Root Extract,,,1
Dipeptide-2,,,1
Portulaca oleracea,,,
Kelp,,,1
Licorice,,,4
Chamomile ET,0,0,1
Rosemary,,,1
Schizophyllan,,,1
Rose Water,,,1
Rose Extracts,,,1
Cocamide,,,1
Curry Plant,,,1
Polyglyceryl-4 Laurate/sebacate,,,1
Polyglyceryl-6 Caprylate/caprate,,,
Malva Sylvestris Leaf Extract,,,1
Rosa Canina Flower Extract,,,3
GluconoDeltalactone,,,1
Citrus Unshiu Fruit Extract,,,
Creatine,,,1
Diglucosyl Gallic Acid,,,1
Hydrolyzed Prunus Domestica,,,
Tasmannia Lanceolata Fruit Extract,,,
ChamomillaRecutitaExtract,,,2
AltheaRosea,,,1
Hydrolyzed Yeast Extract,,,1
Alpinia Galanga Extract,,,1
Polyglucuronic acid,,,1
Asparagopsis Armata,,,
CeramideAP,,,1
Polyglyceryl-10 Caprylate,,,1
Epilobium Fleischeri Flower/leaf/stem Extract,,,
Berberis Aquifolium Extract,,,1
Melissa Officinalis Leaf Oil,,,
Boswellia Neglecta Resin Oil,,,1
Coriandrum Sativum Fruit Oil,,,1
Ceramide 6 II,,,1
Placental Protein,,,5
RosaDamascena,,,1
Rice,,,2
Saponaria Officinalis Leaf Extract,,,1
Citrus Aurantifolia Fruit Extract,,,4
Lactobacillus/soymilk Ferment Filtrate,,,
Microcitrus Australasica Fruit Extract,,,
Piper Methysticum Root Extract,,,
Epilobium Fleischeri Extract,,,1
Rice Amino Acids,,,1
Zinc aspartate,,,3
Propyl Gallate,,,3
Ferula Galbaniflua Resin Oil,,,1
CI42053,,,10
CopperTripeptide1,,,1
Paeonia Albiflora Flower Extract,,,1
Dunaliella Salina Extract,,,1
Matrixyl 3000,,,
Argireline,,,1
PEG-40,,,3
3oethylAscorbicAcid,,,1
Citrus Aurantium Amara Flower Water,,,2
Haematococcus Pluvialis Extract,,,1
Humulus Lupulus Cone Extract,,,
Pinus Sylvestris Bud Extract,,,2
BetaArbutin,,,
PEG40,,,3
C12-15 pareth-12,,,1
Malva Sylvestris Flower Extract,,,1
Viola Tricolor Extract,,,
SolumFullonum,,,1
Palmitoyl Tetrapeptide-10,,,1
Babassu Oil Polyglyceryl-4 Esters,,,1
Galactosyl Salicylate,,,
Chamomilla Recutita,,,2
Hydrolyzed Collagen Extract,,,
Rose Flower Extract,,,1
Magnolia Bark Extract,,,1
WildGeranium,,,1
Camellia Flower Water,,,1
Viola Odorata Flower Extract,,,
Hydrolyzed Glycosaminoglycan,,,1
PEG-9 Polydimethylsiloxyethyl Dimethicone,,,3
PEG/PPG-14/7 dimethyl ether,,,3
PEG/PPG-20/20 Dimethicone,,,3
Oleth-3 phosphate,2,,2
Polyglyceryl3polydimethylsiloxyethyldimethicone,,,1
VA/butyl maleate/isobornyl acrylate copolymer,,,1
Alcoholdenat,0,5,4
Isoamyl Cocoate,,,1
Diethylhexyl Maleate,,,6
Sodium acrylate,,,2
C1215AlkylBenzoate,,,1
Glyceryl Monostearate,1,,1
MethylDiisopropylPropionamide,,,1
Glyceryl behenate,,,3
Benzophenone-3,0,0,8
13ButyleneGlycol,1,0,1
C14-22 Alkane,,,1
Isostearicacid,5,,1
Undecane,,,1
CetoStearylAlcohol,2,2,1
Isodecyl neopentanoate,,,1
Calcium Carbonate,,,1
Terephthalylidene Dicamphor Sulfonic Acid,,,2
Drometrizole Trisiloxane,,,4
Octyl Salicylate,0,0,3
Caesalpinia Spinosa Fruit Extract,,,1
Oat,,,1
Chamomile,0,0,1
Acacia Decurrens Extract,,,1
Polyglyceryl-6 Stearate,,,1
Diisostearoyl Polyglyceryl-3 Dimer Dilinoleate,,,1
L-Carnitine,,,
DiethylhexylSyringylidenemalonate,,,1
Polyglyceryl-6 Behenate,,,1
Phenethyl Benzoate,,,1
PEG-8 Laurate,,,4
DIETHYLHEXYLSYRINGYLIDENEMALONATE,,,1
Cassia Alata Leaf Extract,,,1
PEG-9,,,3
ZincOxide,1,0,6
Steareth-20,2,1,3
Ethylhexyl Methoxycrylene,,,
Oryza Sativa Bran Wax,,,2
Acrylates Crosspolymer,,,1
Musa Sapientum Flower Extract,,,1
Prunus Domestica Fruit Extract,,,1
Lycopodium Clavatum Extract,,,1
Behenyl behenate,,,1
DimethiconePEG1015Crosspolymer,,,3
Ethyl Ferulate,,,1
Emulsifier,,,
hydrogenated poly(C6-14 olefin),,,1
Ethylhexyl stearate,,,1
Polyglyceryl-3 Polydimethylsiloxyethyl Dimethicone,,,1
Cetearyl Methicone,,,1
Diisooctyl Adipate,,,1
Polysilicone-15,,,2
Glucosylceramide,,,
Mulberry Root Bark Extract,,,1
Methylheptyl Laurate,,,
Bilberry Leaf Extract,,,1
Aluminium oxide,,,2
Artichoke Leaf Extract,,,1
β-Glucan,,,1
Hydroxyethylacrylatesodiumacryloyldimethyltauratecopolymer,,,1
Butane,,,6
Lauryl Polyglyceryl-3 Polydimethylsiloxyethyl Dimethicone,,,1
Acrylates/polytrimethylsiloxymethacrylate Copolymer,,,1
Disiloxane,,,2
Xantham Gum,,,1
Isopropyl titanium triisostearate,,,1
Ethyl Paraben,0,0,3
Fragance,,,4
Grape Extract,,,1
"Diethylhexyl 2,6-naphthalate",,,1
ZINCOXIDE,1,0,6
Lauryl Peg-8 Dimethicone,,,
LAURYLPEG10TRISTRIMETHYLSILOXYSILYLETHYLDIMETHICONE,,,3
Beheneth-20,,,1
Octyldodecyl neopentanoate,,,1
Rosa Multiflora Fruit Extract,,,3
Sodium Acrylate/acryloyldimethyltaurate/dimethylacrylamide Crosspolymer,,,
Sorbitan tristearate,,,1
Pistacia Lentiscus Gum,,,1
Neopentyl Glycol Diethylhexanoate,,,1
Dimethicone/PEG-10/15 Crosspolymer,,,3
Polyglyceryl-2 diisostearate,,,1
Isostearic Acid,5,,1
Buddleja Davidii Extract,,,
Thymus Vulgaris Flower/leaf Extract,,,
Sodium dextran sulfate,,,1
Pongamia Pinnata Seed Extract,,,1
Polysilicone11,,,1
CI16035,,,6
Polyester-8,,,
Simmondsia Chinensis,,,1
Helianthus annuus,,,1
PEG-100 HYDROGENATED CASTOR OIL,,,3
Tinosorb S,,,1
Dimethylacrylamide/Sodium Acryloyldimethyltaurate Crosspolymer,,,1
Hydroxypropyl Methylcellulose Stearoxy Ether,,,1
Acrylamides/DMAPA acrylates/methoxy PEG methacrylate copolymer,,,
Bis-butyldimethicone polyglyceryl-3,,,1
Sodium Potassium Aluminum Silicate,,,2
LAURYLPOLYGLYCERYL3POLYDIMETHYLSILOXYETHYLDIMETHICONE,,,1
ARONIAARBUTIFOLIAEXTRACT,,,
CHAMAECYPARISOBTUSALEAFEXTRACT,,,
Citrus Aurantium Dulcis Oil,,,5
CocoCaprylate,,,1
PEG12DimethiconePPG20CrossPolymer,,,
Oryza Sativa Germ Extract,,,
Diisopropyl adipate,0,0,1
Acrylates/C12-22 Alkyl Methacrylate Copolymer,,,1
Dicetyl phosphate,,,1
Ceteth-10 Phosphate,,,3
Psidium Guajava Fruit Extract,,,1
AcrylatesC1222AlkylMethacrylateCopolymer,,,1
Bis-octyldodecyl Dimer Dilinoleate/propanediol Copolymer,,,1
Polyglyceryl-6 Octastearate,,,1
Diethylhexylsyringylidenemalonate,,,1
Adansonia Digitata Seed Extract,,,
CI77499,,,2
C12-15 Alkyl Ethylhexanoate,,,1
SalviaMiltiorrhiza,,,1
Sodium Acrylates Crosspolymer-2,,,
Alphabisabolol,,,2
Propylheptyl Caprylate,,,1
Calcium aluminum borosilicate,,,2
Chromium Oxide Greens,,,5
Ethylhexylmethoxycinnamate,0,0,5
4-Methylbenzylidene Camphor,,,7
Dimethyl ether,,,2
Cetyl Dimethicone,,,1
Agaricus Bisporus Extract,,,1
Inonotus Obliquus Extract,,,1
Trifluoropropyldimethyl/trimethylsiloxysilicate,,,
Thiotaurine,,,1
Angelica Keiskei Leaf/stem Extract,,,1
Barium Sulfate,,,2
Diethylhexyl butamido triazone,,,2
Vanilla Tahitensis Fruit Extract,,,1
Polyglyceryl2Isostearate,,,1
AmmoniumAcryloyldimethylTaurateVpCopolymer,,,1
Cetyl Diglyceryl Tris(Trimethylsiloxy)Silylethyl Dimethicone,,,3
Tetrafluoropropene,,,
VINYL DIMETHICONE/METHICONE SILSESQUIOXANE CROSSPOLYMER,,,1
Polyglyceryl-5 Polyricinoleate,,,1
Bemotrizinol,,,1
Polyester-7,,,1
C20-22 alcohols,,,1
C20-22 Alkyl Phosphate,,,1
Sorbitan Oleate Decylglucoside Crosspolymer,,,1
ButyrospermumParkiiSheaButterExtract,,,1
Sorbitol/sebacic Acid Copolymer Behenate,,,
Octyldodecyl erucate,,,1
Polyglyceryl-6 Polyricinoleate,,,1
Aspalathus Linearis Leaf Extract,,,1
AscorbylGlucoside,,,1
Thymus Serpillum,,,
Diethylhexyl succinate,2,,1
Rosa Roxburghii Fruit Extract,,,1
Sodium dodecylbenzenesulfonate,,,1
Polyglyceryl-4 isostearate,,,1
Disodium Stearoyl Glutamate,,,1
Titaniumdioxide,0,0,6
Paraffin,,,1
DIETHYLHEXYL26NAPHTHALATE,,,1
Lauryl Methacrylate/Sodium Methacrylate Crosspolymer,,,5
Sorbitan distearate,,,
Hydrogenated C6-20 Polyolefin,,,1
Polyhydroxystearicacid,,,1
Matricaria Chamomilla,0,0,1
Polyglyceryl3polyricinoleate,,,1
BisEthylhexyloxyphenolMethoxyphenylTriazine,,,1
Calamine,,,1
Hedychium Coronarium Root Extract,,,1
C9-12 Alkane,,,
Schizandra Chinensis Fruit Extract,,,1
Zincoxide,1,0,6
PEG100STEARATE,1,0,3
C1314ISOPARAFFIN,,,1
Dimethyl Capramide,,,
LaurylPEG10TrisTrimethylsiloxySilylethylDimethicone,,,3
VP/Hexadecene Copolymer,,,1
GlycerylAbietate,,,1
Rubus Idaeus Seed Oil,,,1
Daemonorops Draco Extract,,,1
Prunus Cerasus Extract,,,1
C1215Alkylbenzoate,,,1
Steareth-100,0,0,3
Cedrus Atlantica Bark Extract,,,2
TitaniumDioxide,0,0,6
BisethylhexyloxyphenolMethoxyphenyltriazine,,,1
Cetyl isononanoate,,,
Pentapeptide34Trifluoroacetate,,,
PEGPPG147DIMETHYLETHER,,,3
TRIFLUOROPROPYLDIMETHYLTRIMETHYLSILOXYSILICATE,,,
CETYLETHYLHEXANOATE,,,1
BISBUTYLDIMETHICONEPOLYGLYCERYL3,,,1
Agar,,,1
HYDROXYPROPYL METHYLCELLULOSE STEAROXY ETHER,,,1
Hydrogenated palm oil,,,2
Dextrin Palmitate/Ethylhexanoate,,,1
ACRYLAMIDESDMAPAACRYLATESMETHOXYPEGMETHACRYLATECOPOLYMER,,,
Elaeis guineensis oil,,,1
Elaeis Guineensis Kernel Oil,,,1
ETHYLHEXYLTRIAZONE,,,1
PEGPPG92DIMETHYLETHER,,,3
Carrot Seed Extract,,,1
Raspberry Extract,,,1
Purified Aqua,,,
Ozokerite wax,0,0,1
Strawberry Extract,,,1
Polyurethane,,,1
Raspberry Seed Oil,,,1
Cetearyl Octanoate,,,1
Sodium Acrylates/beheneth-25 Methacrylate Crosspolymer,,,
Thermus Thermophillus Ferment,,,1
Triethoxysilylethyl polydimethylsiloxyethyl hexyl dimethicone,,,1
IronOxides,0,0,2
Bis-Vinyl Dimethicone/Dimethicone Copolymer,,,1
Cerium oxide,,,1
"Iron Oxides (CI 77491, CI 77492, CI 77499)",0,0,2
Polyglyceryl-3 Sorbityl Linseedate,,,
Polygonum Aviculare Extract,,,1
BISETHYLHEXYLOXYPHENOLMETHOXYPHENYLTRIAZINE,,,1
PEG/PPG-9/2 DIMETHYL ETHER,,,3
Hydrolyzed Algae Extract,,,1
Polyglyceryl-2 isostearate,,,1
Polypropylsilsesquioxane,,,1
Polyglyceryl6Polyhydroxystearate,,,1
Lilium Candidum Flower Water,,,
Polyether-1,,,1
Imperata Cylindrica root extract,,,1
Chlorella Vulgaris Powder,,,
OleicAcid,5,,1
Helianthus Annuus Seed Oil Unsaponifiables,,,1
C30-45 Alkyl Cetearyl Dimethicone Crosspolymer,,,1
Citrus Medica Limonum Peel Oil,,,6
2-Ethylhexyl Salicylate,0,0,3
Alkyl (C12-C15) benzoate,,,1
2-ethylhexyl-2-cyano-3,,,3
PEG6,,,3
Corn Starch,,,1
Calendula Officinalis Flower Oil,,,1
Papaya Extract,,,1
GlycerylGlucoside,,,1
Polyglyceryl3diisostearate,4,0,1
Oryza Sativa Leaf Extract,,,
Tricholoma Matsutake Extract,,,1
Broussonetia Papyrifera Bark Extract,,,
Oryza Sativa Germ Powder,,,2
Butylmethoxydibenzoylmethane,,,2
Vitamin E Acetate,0,0,3
Chrysanthemum parthenium,,,1
Calcium Sodium Borosilicate,,,2
Triacontanyl Pvp,,,
Capryliccaprictriglyceride,1,,1
Sodium Acryloyldimethyltaurate/VP Crosspolymer,,,
Malpighia Glabra Fruit Extract,,,1
Disodium cetearyl sulfosuccinate,,,1
Ethylhexylsalicylate,0,0,3
PolyC1030alkylacrylate,,,1
Polyglyceryl3methylglucosedistearate,,,1
Disodium Edetate,,,1
Green tea polyphenols,,,
Disodium lauriminodipropionate tocopheryl phosphates,,,1
Polysorbate60,,,3
Silybum Marianum Fruit Extract,,,1
Hydrogen,,,
Tetrahydrodemethoxydiferuloylmethane,,,1
Tetrahydrobisdemethoxydiferuloylmethane,,,1
Dioctyl Succinate,3,2,
Tris-biphenyl Triazine,,,
Tridecane,,,1
Betula Alba Bark/leaf Extract,,,
Bertholletia Excelsa Seed Oil,,,1
Aloe Barbadensis Miller,0,0,2
Ci77492,,,1
Ci77510,,,4
AloeBarbadensisLeafJuice,,,3
Chamomilla Recutita Flower Juice,,,
Methylal,,,2
Ribes Rubrum Fruit,,,1
Citrus Paradisi,,,1
Glycerol monostearate,1,,1
Sodium salicylate,,,1
ButylMethoxydibenzoylmethane,,,2
HYDROLYZEDHYALURONICACID,,,1
TERMINALIAFERDINANDIANAFRUITEXTRACT,,,1
HYALURONIC ACIDS,,,1
PEG-9 Dimethicone,,,3
BETACAROTENE,1,0,2
Decamethylcyclopentasiloxane,,,3
CAESALPINIASPINOSAFRUITPODEXTRACT,,,
DIETHYLHEXYLCARBONATE,,,1
Myristyl Lactate,5,2,4
SODIUMHYALURONATECROSSPOLYMER,,,1
DIMETHYLPOLYSILOXANE,1,0,3
Butylene Glycol Cocoate,,,1
DISODIUMEDTA,,,1
HELIANTHUSANNUUSSEEDOIL,0,0,1
Oxothiazolidine,,,
GrapefruitFruitExtract,,,2
Hydrogenated Olive oil unsaponifiables,,,1
Blueberry Fruit Extract,,,1
Citrus Grandis,,,1
PhoenixDactylifera,,,
Pinus Sylvestris Leaf Extract,,,2
HelianthusAnnuus,,,1
Organic Glycerin,0,0,2
PolyhydroxystearicAcid,,,1
Organic Maltodextrin,,,1
Organic Calendula Extract,1,0,1
HippophaeRhamnoides,,,1
Organic Bisabolol,,,2
TerminaliaFerdinandiana,,,1
Organic Tocopherol,3,2,1
CoriandrumSativum,,,1
ThujaPlicata,,,1
CitrusGrandis,,,1
Polyglyceryl3Polyricinoleate,,,1
Vanillin,,,1
SodiumHyaluronate,0,0,1
Sea Buckthorn Oil,,,1
Hinokitiol,,,2
CandelillaWax,1,1,1
Iron oxide Red,,,2
Isoamyl p-methoxycinnamate,,,1
Bees Wax,2,2,1
Mesembryanthemum Crystallinum Callus Extract,,,
Sorbitan palmitate,,,1
Thymusserpyllum,,,
Alpinia katsumadai Seed Extract,,,
Diatomaceous Earth,,,1
METHYLENEBISBENZOTRIAZOLYLTETRAMETHYLBUTYLPHENOL,,,1
BUTYLENEGLYCOL,1,0,1
CAPRYLYLMETHICONE,,,1
PENTYLENEGLYCOL,,,1
ACRYLATESC1030ALKYLACRYLATECROSSPOLYMER,,,1
LAVANDULAANGUSTIFOLIAOIL,,,2
ALOEBARBADENSISLEAFEXTRACT,,,3
3oETHYLASCORBICACID,,,1
Jasminum Officinale Extract,,,4
Aminopropyl Dimethicone,,,1
Dioctyldodeceth-5 Lauroyl Glutamate,,,
Simethicone,1,0,1
Silanediol salicylate,,,1
Artemisiaargyi,,,
AlphaBisabolol,,,2
CeramideNS,,,1
CeramideAS,,,
AmmoniumacryloyldimethyltauratevpCopolymer,,,1
Limonia Acidissima Extract,,,
Potassium C12-13 Alkyl Phosphate,,,1
Glycereth-20,,,
Coptis Japonica Extract,,,
Cinnamomum Camphora Bark Oil,,,
Adansonia Digitata Leaf Extract,,,
Lippia Citriodora Leaf Extract,,,6
Propanediol Dicaprylate,,,1
Sophora Japonica Flower Extract,,,1
Marigold Extract,1,0,1
Crithmum Maritimum Extract,,,1
Aster Tripolium Extract,,,1
TerminaliaFerdinandianaFruitExtract,,,1
Stearyl caprylate,,,1
Chamomilla Recutita Flower Water,,,2
Stearyl Heptanoate,4,0,1
Hydrolyzed Royal Jelly Protein,,,1
Scenedesmus Rubescens Extract,,,
Glutamine,,,1
Lactic Acid/Glycolic Acid Copolymer,,,1
Saccharide hydrolysate,,,1
Tryptophan,,,1
Hexamethylindanopyran,,,6
Trilaureth-4 phosphate,,,2
Methylheptyl Isostearate,,,1
Natural Yellow 6,,,
Pentaerythrityl tetraisostearate,2,0,1
Carthamus Tinctorius Oleosomes,,,1
Cyclotetrasiloxane,,,8
Disodiumedta,,,1
Myrothamnus Flabellifolia Leaf/stem Extract,,,
CERAMIDE6II,,,1
Ceramide 1,,,1
Meadowfoam Estolide,,,1
Dimethicone/Bis-Isobutyl PPG-20 Crosspolymer,,,1
Olibanum,,,1
Orchid Extract,,,1
Tocopherols,3,2,1
PropylHydroxybenzoate,0,0,9
Yogurt Extract,,,1
Cholecalciferol Peg-12 Ether,,,
DiethylaminoHydroxybenzoylHexylBenzoate,,,2
13Butyleneglycol,1,0,1
Disodium Phenyl Dibenzimidazole Tetrasulfonate,,,
Milk Protein,,,1
Colloidal oatmeal,,,1
Citrus Grandis Fruit Extract,,,4
Butylated PVP,,,1
Emblica Officinalis Fruit Extract,,,1
Glyceryl isostearate,,,
Lauryl PEG/PPG-18/18 methicone,,,3
Laureth-1 Phosphate,,,
Dimethicone/polyglycerin-3 Crosspolymer,,,1
Magnesium hydroxide,,,4
C13-16 isoparaffin,,,1
CitrusParadisi,,,1
Ceramide,,,1
HydrogenDimethicone,,,1
Hydrogenated palm kernel glycerides,,,1
Hydrogenated palm glycerides,,,1
Organic Bisabolol Extract,,,2
Organic Glycerine,0,0,2
Cocos Nucifera Fruit Juice,,,1
Oat Kernel Flour,,,1
DL-alpha-Tocopherol acetate,0,0,3
"1,3 Butylene Glycol",1,0,1
Melanin,,,1
Diisostearyl malate,,,1
HexyleneGlycol,2,1,1
Bisethylhexyloxyphenolmethoxyphenyltriazine,,,1
Onsen-Sui,,,
Paeoniasuffruticosaflowerwater,,,
Hydroxypropyltrimoniumhyaluronate,,,1
Lavandula Hybrida Flower Water,,,
4-terpineol,,,
Polyglyceryl-10 diisostearate,,,1
Bioflavonoids,,,1
Menadione,,,1
Gossypium Herbaceum Seed Extract,,,1
Eveningprimroseflowerextract,,,1
Polyglyceryl-2 triisostearate,,,1
Calendula Flower Extract,1,0,1
Peptidase,,,2
EthylhexylMethoxycinnamate,0,0,5
Red Ginseng Water,,,
2-ethylhexylal,,,
PEG30Dipolyhydroxystearate,,,3
Octyl hydroxystearate,,,
Magnesium sulphate,,,
Caprylhydroxamicacid,,,1
Capryl Glycol,,,1
Sandalwood Oil,,,1
Chamomile extract,0,0,1
Octylmethoxycinnamate,0,0,5
Purifiedwater,,,
Nylon12,,,1
Pongamia Glabra Seed Oil,,,1
Neopentyl Glycol,,,1
Polyurethane-7,,,
Tripropylene Glycol,,,1
Alpinia Zerumbet Seed Water,,,
Titanium hydroxide,,,
Coix Lacryma-jobi Seed Extract,,,1
Acrylates/Ethylhexyl Acrylate/Dimethicone Methacrylate Copolymer,,,1
Paeonialactiflora,,,1
Phenylene Bis-diphenyltriazine,,,
Glyceryl dibehenate,,,1
CI 77489,,,
PPG-3 MYRISTYL ETHER,,,1
Boerhavia Diffusa Root Extract,,,
Acrylates/Carbamate Copolymer,,,1
IronOxidesCI77491CI77492CI77499,0,0,2
LaurylPolyglyceryl3PolydimethylsiloxyethylDimethicone,,,1
Hedera Helix Extract,,,1
Polyglyceryl3PolydimethylsiloxyethylDimethicone,,,1
Pinus Sylvestris Leaf Oil,,,2
Dibutyl Ethylhexanoyl Glutamide,,,1
Dibutyl lauroyl glutamide,,,1
Pyrus Cydonia Seed Extract,,,1
Panicum Miliaceum Seed Extract,,,1
Secale Cereale Seed Extract,,,1
Benzophenone3,0,0,8
Ethylhexyl Pca,,,
PEG100stearate,1,0,3
Acrylates/ammonium methacrylate copolymer,,,2
CocoCaprylateCaprate,,,1
Cedrus Atlantica Bark Oil,,,
Propolis,,,1
Green Tea,,,1
Organic Sunflower Oil,,,1
Vitis Vinifera Juice,,,1
Sodium carboxymethyl beta-glucan,,,1
Bis-Behenyl/Isostearyl/Phytosteryl Dimer Dilinoleyl Dimer Dilinoleate,,,1
PEG-20 Stearate,1,0,3
Santalum Austrocaledonicum Wood Oil,,,2
Adenine,,,1
Acetyl tributyl citrate,,,1
Phenyl T-butylnitrone,,,1
Soybean Fiber,,,
Laureth-12,,,3
Mixed ionones,,,
Pogostemon Cablin Leaf Extract,,,1
Cedrol,,,1
Dipteryx Odorata Seed Extract,,,1
Perilla Frutescens Seed Oil,,,
SymphytumOfficinale,,,1
MarantaArundinacea,,,1
Rose Flower Water,,,1
Balanites Roxburghii Seed Oil,,,1
Honokiol,,,
Jasminum Sambac Leaf Cell Extract,,,
Schinus Molle Extract,,,
PEG10DIMETHICONE,,,3
HEXYLLAURATE,,,1
C1215ALKYLBENZOATE,,,1
DIPHENYLSILOXYPHENYLTRIMETHICONE,,,1
DISTEARDIMONIUMHECTORITE,,,1
CITRUSAURANTIUMBERGAMIAFRUITOIL,,,2
CITRUSLIMONPEELOIL,,,6
PINUSSYLVESTRISLEAFOIL,,,2
CITRUSAURANTIUMDULCISPEELOIL,,,5
POLYGLYCERYL6POLYRICINOLEATE,,,1
DIMETHICONEVINYLDIMETHICONECROSSPOLYMER,,,1
MAGNESIUMSULFATE,,,1
CI77492,,,1
CI77491,,,2
Ethylhexyl dimethyl PABA,,,
Octadecyl Di-t-butyl-4-hydroxyhydrocinnamate,,,1
SodiumAcrylateSodiumAcryloylDimethylTaurateCopolymer,,,1
DL-Panthenol,0,0,1
Rose Hip Oil,,,1
ColloidalOatmeal,,,1
C12-16 alcohols,,,1
Nephelium Lappaceum Peel Extract,,,
MyristoylpalmitoyloxostearamidearachamideMEA,,,1
Oleamide MEA,,,
CamelliaSinensisLeafWater,,,1
Rosa Gallica Flower Extract,,,3
DISODIUMPHOSPHATE,,,1
Coenzyme Q10,,,1
EthylhexylSalicylate,0,0,3
Tetradibutyl Pentaerithrityl Hydroxyhydrocinnamate,,,1
DaucusCarota,,,1
Commiphora Myrrha Oil,,,1
CitrusAurantiumAmara,,,2
Immortelle,,,1
AcetylHexapeptide8,,,1
Cucumis Sativus Extract,,,
RetinylPalmitate,2,1,9
2-Hydroxyethyl acrylate,,,2
Acetyl sh-Hexapeptide-5 Amide Acetate,,,
Watermelon Seed Oil,,,1
Oryza sativa,,,2
Acetyl Zingerone,,,
Rosmarinus officinalis,,,1
Palmaria Palmata Extract,,,1
Vaccinium Myrtillus Seed Oil,,,1
Sodium nitrate,,,1
Alaria Esculenta Extract,,,1
Acanthopanax Senticosus Root Extract,,,1
Glucosyl Hesperidin,,,1
Maltose,,,1
Microfine Titanium Dioxide,,,
1-hexadecanol,2,2,1
IronOxideYellow,,,1
Triolein,,,1
Glyceryl dioleate,,,1
Sodium riboflavin phosphate,,,1
Sodium Tocopheryl Phosphate,,,1
Heptapeptide-7,,,1
Quaternium-90 bentonite,,,1
Zinc Stearate,0,0,2
Brassica Campestris Sprout Extract,,,
BoragoOfficinalis,,,1
Rosa Rugosa Flower Oil,,,
CitrusparadisiFruitExtract,,,2
Candida/garcinia Cambogia Ferment,,,
Vegetable Oil,,,1
Dilinoleic Acid/propanediol Copolymer,,,1
Phytosteryl Sunflowerseedate,,,1
Green 6,,,3
AscorbylPalmitate,2,0,1
Dihydroxypropyl Arginine HCl,,,1
LacticAcid,,,4
Hydroxymethoxyphenyl Decanone,,,
Potassium Olivoyl Hydrolyzed Oat Protein,,,
ProVitaminB5,0,0,1
C12-20 acid peg-8 ester,,,3
Acacia Dealbata Flower Wax,,,1
Citrus Aurantium Amara Flower Wax,,,
Jasminum Grandiflorum Flower Wax,,,1
Colloidal Gold,,,4
Palmitoyl Dipeptide-5 Diaminohydroxybutyrate,,,1
Acetyl Heptapeptide-9,,,1
ALUMINUMHYDROXIDE,,,1
Hydrogenated coco-glycerides,,,1
Isostearyl Neopentanoate,3,3,1
GLYCERYLACRYLATEACRYLICACIDCOPOLYMER,,,1
Astaxanthin,,,1
Polyester-1,,,1
Ethylhexyl Cocoate,,,1
Palmitoyl Grape Seed extract,,,1
Hydrogenated Olive Oil Stearyl Esters,,,1
Tetrapeptide-1,,,1
Ethylhexyl Isononanoate,,,1
Undecylenoyl glycine,,,1
Salicornia Herbacea Extract,,,1
Hydrolyzed Jojoba Ester,,,1
C10-16 Alkyl Glucoside,,,1
C30-45 Alkyl Dimethicone,,,1
Calcium pantetheine sulfonate,,,1
Globularia Cordifolia Callus Culture Extract,,,
Sorbitan sesquiisostearate,,,1
Tocopherol Acetate,0,0,3
OctenidineHcl,,,1
CetylEthylHexanoate,,,1
Ceteth-20,,,3
PEG-75 STEARATE,,,3
Canola Oil,3,,1
Aureobasidium Pullulans Ferment,,,1
Hydrolyzed Rhodophycea Extract,,,1
Sodium Cocoyl Amino Acids,,,1
Chrysanthemum Parthenium Flower/leaf/stem Juice,,,1
Potassium aspartate,,,1
Glucosamine Sulfate,,,1
Myrtus Communis Leaf Extract,,,1
Copper Palmitoyl Heptapeptide-14,,,
Neopentyl glycol diisostearate,,,1
Trideceth-16,,,
Rice Ferment Filtrate,,,1
Nymphaea Coerulea Flower Extract,,,1
Sodium formate,,,1
Sodium glycolate,,,3
Petrolatum,2,0,4
CI 45410,,,5
Red 30 lake,3,0,5
Red 7 Lake,3,0,10
Lavandula Stoechas Extract,,,1
Ethylhexyl Olivate,,,1
Steareth-10,4,3,3
Silica silylate,,,1
Stearyl dimethicone,,,1
Caprylic/capric glycerides,,,1
Citrus Aurantium Dulcis Flower Oil,,,1
Polymethylsilsequioxane,,,1
GlucosamineHcl,,,1
Acetyl Hexapeptide-38,,,
Peg100Stearate,1,0,3
PEG-16 macadamia glycerides,,,3
Zea mays oil,3,0,1
Cholecalciferol,,,5
PyridoxineHcl,,,1
Tridecyl stearate,,,1
Tridecyl trimellitate,,,1
Tropaeolum Majus Flower/leaf/stem Extract,,,
Cire D'abeille,2,2,1
Tetrapeptide-14,,,1
Camphor,2,2,2
Olive Fruit Oil,2,0,1
C15-23 alkane,,,1
Lanolin alcohol,2,2,2
Sodium saccharin,,,1
AMMONIUMACRYLOYLDIMETHYLTAURATEVPCOPOLYMER,,,1
OPUNTIACOCCINELLIFERAFRUITEXTRACT,,,1
BUTYLMETHOXYDIBENZOYLMETHANE,,,2
Helichrysum Stoechas Extract,,,1
Aluminum distearate,,,2
Polysilicone-2,,,1
Alteromonas Ferment Filtrate,,,
Algae,,,1
TurmericRootExtract,,,1
Ci77499,,,2
Broussonetia Kazinoki Root Extract,,,1
JojobaOil,2,2,1
Polyepsilon-Lysine,,,1
Collagen Water,,,
CentellaAsiaticaLeafExtract,,,1
Phytosteryl/isostearyl/cetyl/stearyl/behenyl dimer dilinoleate,,,1
Jojoba Oil,2,2,1
Butyl glycol,,,5
Sorbitan monostearate,,,
Vitamin A,,,9
Dibutyl Hydroxy Toluene,,,3
Pentaerythrityl distearate,,,1
PEG-5 Glyceryl Stearate,,,3
Bis-Hydroxyethoxypropyl Dimethicone,,,1
Ceteareth20,2,,3
Disodium ethylene dicocamide peg-15 disulfate,,,
Trioctyldodecyl citrate,,,1
Selaginella Lepidophylla Extract,,,1
Aleurites Moluccana Seed Oil,,,1
SORBICACID,,,2
Ethyl olivate,,,1
Cyamopsis Tetragonoloba Gum,,,1
Apricot Kernel Amino Acids,,,1
Alkanna Tinctoria Root Extract,,,1
Vetiveria Zizanoides Root Extract,,,
Gluconobacter/honey Ferment Filtrate,,,
Bee Venom,,,1
Siloxanetriol alginate,,,1
SilverOxide,,,2
Lactobacillus/hydrolyzed Collagen Ferment Filtrate Extract,,,
Bis-PEG-15 Methyl Ether Dimethicone,,,
Curcumalonga,,,1
AmmoniumacryloyldimethyltaurateVPcopolymer,,,1
HydroxyethylacrylateSodiumacryloyldimethyltauratecopolymer,,,1
Acetyloctapeptide3,,,1
PEG40Stearate,,,3
Sesamum Indicum Sprout Extract,,,
Phaseolus Radiatus Sprout Extract,,,1
Trisodium Dicarboxymethyl Alaninate,,,
Polyglyceryl-10 dioleate,,,1
Isocetyl Stearate,5,0,1
Adansonia Digitata Fruit Extract,,,1
Radish Seed Extract,,,1
Argania Spinosa Callus Culture Extract,,,
Hippophae Rhamnoides Seed Oil,,,
BoswelliaCarteri,,,1
Brassica Alcohol,,,1
Polyglyceryl-10 Dipalmitate,,,1
C13-16 Isoalkane,,,1
Oryza Sativa Bran Oil Extract,,,
Decyl isostearate,,,
Magnolia Biondii Bud/Flower Extract,,,
Euphrasia Officinalis Extract,,,1
Globularia Alypum Leaf Extract,,,
Argania Spinosa Kernel Extract,,,1
Rhododendron Ferrugineum Extract,,,1
Primula Veris Extract,,,1
VP/Polycarbamyl Polyglycol Ester,,,
Arginine ferulate,,,1
Ammonia,,,6
Asparagine,,,1
Citrulline,,,1
Magnesium citrate,,,1
Ornithine,,,
Taurine,,,1
Uric acid,,,1
Acetyl Tripeptide-1,,,
PPG-2 Myristyl Ether Propionate,4,3,1
Safflower Oil/palm Oil Aminopropanediol Esters,,,
PPG-5-laureth-5,,,3
Solanum Tuberosum Pulp Extract,,,
Silver Citrate,,,2
Furcellaria Lumbricalis Extract,,,
Saccharomyces/Copper Ferment,,,1
Coriandrum Sativum Seed Oil,,,1
Petroselinum Crispum Leaf Oil,,,
Corn Starch modified,,,1
CucumisSativusExtract,,,
Magnolol,,,
HydrolyzedCollagen,0,0,1
Carboxypolymethylene,1,1,1
Rhodochrositeextract,,,1
12Butanediol,,,
Palmitoyl Pentapeptide-3,,,1
Palmitoyldipeptide5DiaminobutyroylHydroxythreonine,,,
CUCUMISSATIVUSFRUITEXTRACT,,,1
Satureia Hortensis Extract,,,1
Opuntia Dillenii Extract,,,
DehydroaceticAcid,,,1
Sodium Succinate,,,1
IRONOXIDES,0,0,2
CI 77163,,,1
Diisopropyl dimer dilinoleate,0,,1
Echinacea Purpurea Root Extract,,,1
PEG-10 Rapeseed Sterol,,,3
HydrogenatedPolyC614Olefin,,,1
Triacetin,0,,1
Lanolin,2,,1
Paraffin wax,,,1
8-Hydroxyquinoline sulfate,,,4
Camelina Sativa Seed Oil,,,1
Calcium pantothenate,,,1
Mangifera Indica Seed Oil,,,1
Palmitoyl Isoleucine,,,1
Fraxinus Rhynchophylla Extract,,,1
Synthetic beeswax,,,1
Ethyl Perfluorobutyl Ether,,,4
Cystine,,,1
AlphaGlucanOligosaccharide,,,1
Oligopeptide-177,,,
Alanyl Glutamine,,,1
Totarol,,,1
Limonium Vulgare Flower/leaf/stem Extract,,,
Silybum Marianum Seed Oil,,,1
Pulsatilla Koreana Extract,,,1
Sunflower Seed Wax,,,1
Sclerocarya Birrea Fruit Extract,,,1
D-Alpha-Tocopherol,,,
Astrocaryum Murumuru Seed Butter,,,1
Di-c12-15 alkyl fumarate,,,1
Di-C12-18 Alkyl Dimonium Chloride,,,1
SORBITANISOSTEARATE,2,,1
Chrysanthemum Parthenium Extract,,,1
PEG100Stearate,1,0,3
Acetyl Hydroxyproline,,,1
Ethylhexyl Hydroxystearate,,,1
Prunus armeniaca,,,1
Cucumis Sativus,,,1
Prunus Cerasus Fruit Extract,,,
Carthamus Tinctorius Seedcake Extract,,,
AphanizomenonFlosAquaeExtract,,,
Platinum Powder,,,1
PHYTOL,,,1
Hydroxyresveratrol,,,
Watermelon Fruit Extract,,,1
TRISODIUMETHYLENEDIAMINEDISUCCINATE,,,1
PrunusAmygdalusDulcis,,,1
C911Pareth6,,,1
C1314Isoparaffin,,,1
Emiliania Huxleyi Extract,,,
C1314isoparaffin,,,1
Acetyl Hexapeptide-37,,,1
Triisononanoin,,,1
Grape Seed Oil,,,1
Cococaprylate,,,1
Basic blue 9,,,4
Lauryl lactate,,,1
Astrocaryum murumuru butter,,,1
Isostearyl palmitate,,,1
Saccharomyces Cerevisiae Extract,,,1
Aniba Rosodora Wood Extract,,,
Opuntia Ficus-indica Fruit Extract,,,1
Bergamot Fruit Oil,,,2
Stearalkonium chloride,,,5
Hydrolyzed Vegetable Protein PG-Propyl Silanetriol,,,1
C11-15 pareth-7,,,1
Anise Fruit Extract,,,1
Glycine soja,,,1
Rhodiola Rosea Extract,,,1
Aniba Rosodora Wood Oil,,,
ChamomillaRecutita,,,2
LavandulaAngustifoliaOil,,,2
Rhodiola Rosea Root Extract,,,1
Hydrolyzed Extensin,,,2
Everlasting Extract,,,1
Nacetylglucosamine,,,1
Manganese Violet,,,1
PEG-25 STEARATE,,,
Hydrolyzed conchiolin protein,,,1
Magnolia Grandiflora Leaf Extract,,,1
Zn PCA,,,3
GlycerylStearatePEG100Stearate,,,3
Calcium silicate,,,1
Pentahydrosqualene,,,1
CI 77007,,,1
Zinc Myristate,,,2
Passiflora Edulis Seed Oil,,,1
RosaCanina,,,1
Balm Mint Extract,,,4
DistilledWater,,,
Cetyl esters,1,,1
PPG-3 Benzyl ether myristate,,,1
Amla Fruit Oil,,,
Prinsepia Utilis Seed Extract,,,
BetaGlucan,,,1
Acrylamides copolymer,,,
DipotassiumGlycyrrhizinate,,,1
Arthrospira Platensis Extract,,,
Spinacia oleracea,,,1
ANIBAROSAEODORA,,,1
CITRUSAURANTIUM,,,2
PerseaAmericana,2,0,1
MusaSapientum,,,1
IlliciumVerumSeedOil,,,1
Hydrogenated rapeseed oil,,,1
Saccharomyces/Zinc Ferment,,,3
Polyglyceryl-3 stearate,,,1
Bisabolane,,,
BenzylBenzoate,,,5
Potassium Palmitoyl Hydrolyzed Oat Protein,,,1
SodiumStearoylGlutamate,,,1
CetearylAlcohol,2,2,1
LaminariaOchroleucaExtract,,,1
Phaseolus Angularis Seed Extract,,,
Nicotiana Sylvestris Leaf Cell Culture,,,
Polyester-5,,,1
Mangiferaindica,,,1
Glycol,,,
Spirulina Maxima Extract,,,1
CI 11680,,,5
CI 77266,,,10
CI 74260,,,5
CI 28440,,,
Citrus limon,,,1
Osmanthus Fragrans Flower Extract,,,1
Pimpinella Anisum Fruit Oil,,,1
WitchHazelWater,,,1
Ci42090,,,7
PEG-80 sorbitan laurate,,,4
Maris limus,,,1
PEG-120 glyceryl stearate,,,
Coix Seed Extract,,,1
POLYACRYLAMIDEC1314ISOPARAFFINLAURETH7,,,2
Oat Stem Extract,,,1
Bentonite Clay,0,0,2
Agastacherugosaextract,,,
Green Tea Extract Powder,,,1
Simmondsiachinensis,,,1
Aloevera,0,0,2
Butyrospermum Parkii Oil,,,1
Organic Peppermint Essential Oil,,,1
Kaolin Clay,0,0,1
Caprylyl Alcohol,,,
Dead Sea Mud,,,1
Ethylhexyl Isopalmitate,,,
Scutellaria,,,1
TEA LEAF EXTRACT,2,0,5
Moringa pterygosperma,,,1
Citrobacter/soy Protein Ferment,,,
OATMEALEXTRACT,,,1
Butanediol,1,0,1
SODIUMPOLYACRYLATE,,,2
DIPROPYLENEGLYCOL,,,2
Gomphrena Officinalis Root Extract,,,
Glycyrrhiza Root Extract,,,4
PEG-10 Hydrogenated Castor Oil,,,3
VolcanicSoil,,,
Ammonium Glycolate,,,4
Rosa Rugosa Flower Extract,,,1
Pegppg176copolymer,,,3
Polysorbate,,,3
Kou-Cha Ekisu,,,1
ScutellariaBaicalensisRootExtract,,,1
SNAILSECRETIONFILTRATE,,,1
POLYSORBATE80,0,0,3
Malpighia Emarginata Seed Extract,,,
Lapsana Communis Flower/Leaf/Stem Extract,,,
Denatonium benzoate,,,1
Stearoyl Inulin,,,1
CI 74160,,,4
Hydrolyzed Corallina Officinalis Extract,,,1
Hizikia Fusiforme Extract,,,
Ecklonia Cava Extract,,,1
Lactobacillus/rice Ferment Filtrate,,,
Lactobacillus/Ginseng Root Ferment Filtrate,,,
Coix Lacryma-Jobi Ma-yuen Seed Water,,,1
Denatured Alcohol,0,5,4
Polyglyceryl2oleate,,,1
Thyme Leaf Extract,,,1
Iron oxide Yellow,,,1
4-Isopropyl-m-cresol,,,2
Sunflower Oil,0,0,1
Glacier Water,,,
Canadian Colloidal Clay,,,1
Methyl trimethicone ,,,1
Haematococcus Pluvialis Oil,,,
Bee Propolis Extract,,,1
Meliaazadirachta,,,1
Myrothamnus Flabellifolia Callus Culture Extract,,,
Polyquaternium-55,,,1
Serenoa Serrulata Fruit Extract,,,1
Amorphophallus Konjac Root Extract,,,
Tuber Aestivum Extract,,,
Artemisia Princeps Extract,,,
Artemisia Princeps Leaf Powder,,,
Phaseolus angularis Seed Powder,,,1
CINNAMYLALCOHOL,,,4
Bixa Orellana Seed Extract,,,1
Polyglyceryl-3 ricinoleate,,,1
COCOBETAINE,,,1
POLYGLYCERYL10LAURATE,,,1
Glucosyl Ceramide,,,
Behentrimonium chloride,,,4
C14-20 Alkane,,,
Quaternium52,,,1
Steartrimonium chloride,,,
Carbonated Water,,,
6aminocaproicacid,,,
Polyquaternium-61,,,
Prunus Yedoensis,,,
Actinidia chinensis,,,1
Artichokeleafextract,,,1
Trideceth-12,,,1
Hypericum Perforatum Oil,,,1
TrichosanthesKirilowii,,,
Thuja Orientalis Seed Extract,,,
Ziziphus Jujuba Seed Extract,,,
Moroccan Lava Clay,,,1
Ferric Ferrocyanide,,,4
Kalanchoe Pinnata Leaf Extract,,,1
Deoxyribonuclease,,,
Polyglyceryl-3 caprate,,,1
Polyglyceryl-4 cocoate,,,1
Melia Azadirachta Bark Extract,,,1
BixaOrellana,,,1
Jacaranda Mimosifolia Flower Extract,,,
SeaSilt,,,1
IsopropylAlcohol,0,4,2
Laureth-3,,,3
Hydrolyzed keratin,,,2
Creatinine,,,1
Fucoidan,,,
Dandelion,,,1
TremellaFuciformisPolysaccharide,,,
Cyperus Rotundus Root Extract,,,1
CalciumChloride,,,1
HydrolyzedHyaluRonicAcid,,,1
Phenyltrimethicone,,,1
Coconutpalm,,,
MethylmethacrylateCrosspolymer,,,1
Blackironoxide,,,2
Laurylpolyglyceryl3polydimethylsiloxyethyldimethicone,,,1
Peach Extract,,,1
Polyglyceryl2dipolyhydroxystearate,,,1
Cottonseedoil,3,5,1
Sphingomonas Ferment,,,
Cymbopogon Schoenanthus Oil,,,3
Etidronic acid,,,2
Isosorbide Dicaprylate,,,1
Argania spinosa,3,,
Argan,3,,
MenthaArvensis,,,1
ButyleneGlycolDicaprylateDicaprate,,,1
Copernicia Cerifera Cera,,,
Kigelia Africana Fruit Extract,,,1
Molasses,,,1
Olive Oil PEG-7 Esters,,,3
Jellyfish Extract,,,
APHANIZOMENONFLOSAQUAEEXTRACT,,,
Oryza Sativa Lees Extract,,,
Annatto,,,
Hexyldecyl Isostearate,,,1
Citrus Junos Seed Extract,,,1
Oligopeptide-20,,,
Oligopeptide-24,,,1
Trisodium ascorbyl palmitate phosphate,,,
PEG-45M,,,3
C1315alkane,,,1
Alkyl Benzoate,,,
Phenylpropyltrimethicone,,,
Methylenebisbenzotriazolyltetramethylbutylphenol,,,1
Iron Oxide,0,0,2
Polyglyceryl6polyhydroxystearate,,,1
Methyldiisopropylpropionamide,,,1
Ethylmenthanecarboxamide,,,1
Chlorophyllin-Copper Complex,,,4
Butyrospermum Parkii (Shea) Butter Extract,,,1
Paullinia Cupana Seed Extract,,,1
Caproyl Sphingosine,,,1
Hydrolyzed Manihot Esculenta Tuber Extract,,,1
Cera microcristallina,,,1
Sodium Cocamidopropyl PG-Dimonium Chloride Phosphate,,,1
SapindusMukorossi,,,1
Soluble Collagen Crosspolymer,,,
Rosin hydrolyzed collagen,,,
Nonoxynol-4,,,4
Triticum Vulgare Gluten,,,2
Tripeptide1,,,1
Caviar Extract,,,1
Glycine max,,,
Opuntia Coccinellifera Fruit Extract,,,1
Royal Jelly Extract,,,1
Honeycomb Extract,,,
Camellia Japonica Seed Extract,,,
Torreya Nucifera Extract,,,
Pinus Densiflora Extract,,,1
Soybean Phytoplacenta Extract,,,1
Prunus Persica Leaf Extract,,,1
Avocado oil,2,0,1
Mango Seed Butter,,,1
Wheat amino acids,,,1
Polygonum Multiflorum Root Extract,,,1
Indigofera Tinctoria Extract,,,1
Hemerocallis Fulva Flower Extract,,,
Myosotis Sylvatica Flower/leaf/stem Extract,,,
Polyglyceryl-4 Caprylate,,,1
SheaButter,,,1
Pentasodium pentetate,,,1
Hydrolyzed roe,,,1
Palmitoyl Camellia Sinensis Extract,,,1
OLIGOPEPTiDE3,,,1
Fullerenes,,,
Chlorine Oil Extract,,,
Orange Bark Oil,,,1
Lemongrass Leaf Oil,,,1
Polyglyceryl3MethylGlucoseDistearate,,,1
Silk Extract,,,1
Peppermint Leaf Extract,,,1
Chamomile Flower Extract,0,0,1
PEG-90,,,3
CI 73015,,,3
MORINGAOLEIFERA,,,1
Rosa damascena,,,1
Crataegus Oxyacantha Fruit Extract,,,
Brassica campestris Sterols,,,1
Plantago Major Seed Extract,,,
Ricebranwax,,,2
Rhizobian Gum,,,1
Hydrogenated Castor Oil/Sebacic acid Copolymer,,,1
Theobroma Grandiflorum Seed Butter,,,1
Hydrolyzed Ceratonia Siliqua Seed Extract,,,1
Saccharomyces Polypeptides,,,1
Hydroxypropyl Bispalmitamide MEA,,,1
Acorus Gramineus Extract,,,
Stearyl behenate,,,1
Saururus Chinensis Extract,,,
Kanten,,,1
Tartrazine,,,5
PEG60HydrogenatedCastorOil,,,3
Caprylic/Capric/Succinic Triglyceride,,,1
2-phenoxyethanol,,,4
GLUTATHIONE WATER,,,1
Saccharomyces/Viscum Album Ferment Extract,,,
Camellia Sinensis Leaf Oil,,,1
Juniperus Communis Fruit Extract,,,
Corylus Americana Seed Oil,,,1
Cellulose acetate,,,1
Quercus robur Bark Extract,,,1
Lithium magnesium silicate,,,1
Polyquaternium-80,,,
Sodium polystyrene sulfonate,,,1
Propylene glycol stearate,,,1
Kluyveromyces/lactobacillus/lactococcus/leuconostoc/saccharomyces Milk Ferment Filtrate,,,
ThiamineHcl,,,
Hovenia Dulcis Fruit Extract,,,
Hydrolyzed wheat starch,,,1
Citronellyl Methylcrotonate,,,1
Helianthus Annuus Hybrid Oil,,,
HyaluronicAcid,,,1
SeaWhip,,,1
Stearoxypropyltrimonium Chloride,,,
Hematin,,,
Humus Extract,,,
Buxus Chinensis Oil,2,2,1
Swertia Japonica Extract,,,1
Meadowfoam delta-lactone,,,1
Huile Minerale,0,0,4
Hydrolyzed Silk PG-Propyl Methylsilanediol Crosspolymer,,,1
Diethyl sebacate,,,
Hydrolyzed silk protein,,,1
Hydrolyzed Egg Shell Membrane,,,1
Egg,,,1
Quaternium-33,,,4
Zingiber Officinale Rhizome Extract,,,
PEG-55 Stearate,,,6
Hydroxypropyl Arginine Lauryl/Myristyl Ether HCl,,,
Grapefruit,,,1
Cymbopogon Schoenanthus Leaf/stem Extract,,,
Hydroxypropyltrimonium hydrolyzed silk,,,1
Hexadecanoic acid 2-ethylhexyl ester,4,1,1
Capsicum Annuum Fruit Extract,,,1
Pinus Sylvestris Cone Extract,,,2
Isostearoyl Hydrolyzed Silk,,,1
Keratin,,,2
PCA-Na,0,0,1
Tween 80,0,0,3
Sodium oleth-8 phosphate,,,
Ceryl Alcohol,,,1
Activated Carbon,,,
Chitin,,,1
Polypeptide-23,,,
Albumen Extract,,,1
MenthaPiperitaExtract,,,4
PCANa,0,0,1
Pentavin,,,1
Sodium malate,,,2
Isoceteth-20,,,3
Monarda Didyma Oil,,,1
Hydrolyzed Milk Protein,,,1
Alpha-isomethylionone,,,5
MelaleucaAlternifolia,,,1
MushroomExtract,,,1
Vitex Agnus Castus Extract,,,1
Ethyl isostearate,,,
Hydrolyzed Ginseng Saponins,,,
SCROPHULARIANINGPOENSIS,,,
Carbenia Benedicta Extract,,,1
Trideceth12,,,1
OpuntiaFicusIndicaSeedOil,,,1
OpuntiaFicusIndicaFruitExtract,,,1
Ubiquinol,,,1
Calcium sulfate,,,1
Tetrasodium pyrophosphate,,,1
Maleic acid,,,3
CI19140,,,5
NeopentylGlycolDiethylhexanoate,,,1
Cetearyl Dimethicone/vinyl Dimethicone Crosspolymer,,,
Hexadecanolactone,,,1
Petroleum distillates,2,,5
Ceteareth-22,,,3
Royal Jelly,,,2
Pegppgpolybutyleneglycol853glycerin,,,3
PEG-20 HYDROGENATED CASTOR OIL,,,
Laminariasaccharine,,,
Hibiscus Rosa-sinensis Flower Extract,,,
C1422alkane,,,1
"2-bromo-2-nitropropane-1,3-diol",,,8
Shikimic Acid,,,
Sesame oil,2,0,1
JUGLANSREGIA,,,1
Urtica Dioica Leaf Powder,,,1
Neem Tree,,,
ARCTIUMLAPPA,,,1
Persic Oil,,,
Camomile,0,0,1
Cetearyl isononanoate,,,1
Ceteareth12,,,3
PEnTYleNEGLYCOL,,,1
Agave Americana Stem Extract,,,
Rhaponticum Carthamoides Root Extract,,,1
Cetyl stearate,,,1
Hydrogenated Styrene/Isoprene Copolymer,,,1
Ceresin,0,0,1
Paeonia Officinalis Flower Extract,,,1
Prunus Serrulata Flower Extract,,,1
PEG-60,,,3
Olea Europaea Husk Oil,2,0,1
Trifluoroacetyl Tripeptide-2,,,1
Undaria Pinnatifida Cell Culture Extract,,,
ARTEMISIAPRINCEPSLEAFPOWDER,,,
CORDYCEPSSINENSISEXTRACT,,,1
Ligularia Fishceri Leaf Extract,,,
Rosa Davurica Bud Extract,,,
CHAMOMILLARECUTITAFLOWEREXTRACT,,,1
Tremella fuciformis,,,
Potassium Olivoyl PCA,,,1
Elastin,,,1
Wheat,,,1
Lithospermum Officinale Root Extract,,,1
SodiumNitrate,,,1
CHLOROPHYTASPP,,,
Hydroxyethyl Cellulose,,,1
Peg40HydrogenatedCastorOil,,,3
CI 42053,,,10
Helichrysum Italicum Extract,,,1
Vaccinium Myrtillus Leaf Extract,,,
Albatrellus Confluens Extract,,,1
Arginine HCl,,,1
4-pca Dimethicone/bis-vinyldimethicone Crosspolymer,,,
TinOxide,,,2
Cupressus Sempervirens Oil,,,2
Crambe Maritima Extract,,,
PalmariaPalmataExtract,,,1
Bamboo Charcoal,,,
PEG-150 Stearate,,,3
Manuka Honey,,,1
Hydrogenated Sweet Almond Oil,,,1
Trideceth-5,,,1
RosmarinusOfficinalisLeafExtract,,,1
BambusaVulgarisShootExtract,,,
SaccharideIsomerate,,,1
BiotinoylTripeptide1,,,1
HydrolyzedWheatProtein,,,2
SodiumPCA,0,0,1
Glycereth-2 Cocoate,,,1
BenzoicAcid,2,3,3
Nicotinamide Mononucleotide,,,
Quaternium-80,,,1
Sodium lauroyl hydrolyzed silk,,,1
Stearamide AMP,,,1
Hippophae Rhamnoides Oil,,,1
Boswellia Serrata Resin Extract,,,
Daucus Carota Sativa Extract,,,
Potassium palmitoyl hydrolyzed wheat protein,,,1
Tamarindus Indica Seed Extract,,,1
Chlorophene,,,
Asparagus Cochinchinensis Root Extract,,,
HydrolyzedViolaTricolorextract,,,1
Gossypium herbaceum,,,1
Polyglyceryl-6 Caprate,,,
Citrus Tangerina Peel Oil,,,1
PortulacaOleraceaextract,,,1
Dichlorobenzyl alcohol,,,1
Cereus Grandiflorus Flower Extract,,,1
Potassium Azeloyl Diglycina,,,1
Isopropyl Methylphenol,,,2
Aphanothece Sacrum Exopolysaccharides,,,
Oxidized Corn Oil,,,
Mirabilis Jalapa Extract,,,1
Dimer Dilinoleyl Dimer Dilinoleate,,,1
Ginger Root Oil,,,1
Boswellia Carterii Oil,,,1
Teaseedoil,,,
Aphanothece Sacrum Polysaccharides,,,
SalixNigraBarkExtract,,,1
HibiscusSabdariffa,,,1
ArnicaMontana,,,1
Alpha Lipoic Acid,,,2
Argania Spinosa Sprout Cell Extract,,,
Mentha Piperita Extract,,,4
Milk Lipids,,,1
PentaerythritylStearateCaprateCaprylateAdipate,,,1
Polyacrylate13,,,2
Gynostemma Pentaphyllum Leaf/stem Extract,,,
Cedrus Deodara Wood Oil,,,1
Isodecyl isononanoate,,,1
Borneol,,,1
Fucose,,,1
"Toluene-2,5-diamine sulfate",,,7
"2,6-dicarboxypyridine",,,1
Hexyl Salicylate,,,2
27Naphthalenediol,,,
Hydrogen peroxide,,,5
Ethanolamine,,,6
Equisetum Giganteum Extract,,,
Dioscorea Villosa Root Extract,,,1
Saccharomyces/panax Ginseng Flower Ferment Extract,,,
EDTA-4Na,,,2
Trimethylpentanediol/Adipic Acid/Glycerin Crosspolymer,,,1
Lauric/Myristic/Palmitic/Stearic Glycerides,,,
Potassium Lauryl Phosphate,,,
Oleth-15,,,3
ButyrospermumParkii,,,1
Polydiethylsiloxane,,,1
Aminoethanesulfinic acid,,,
Eucheuma Serra/grateloupia Sparsa/saccharina Angustata/ulva Linza/undaria Pinnatifida Extract,,,
PPG-17,,,1
Syzygium Jambos Leaf Extract,,,1
Octyl Palmitate,4,1,1
Organic Coconut Oil,,,1
Cocoa Butter,4,0,1
Passionflower,,,1
Noni,,,1
Evening Primrose Oil,3,2,1
Arnica montana,,,1
PEG-115m,,,3
Methyl2Octynoate,,,4
Yeast polysaccharides,,,1
Artemisia Capillaris Flower Extract,,,1
Zizyphus Jujuba Fruit Extract,,,1
Aesculus Chinensis Extract,,,
Macadamia Seed Oil Polyglyceryl-6 Esters Behenate,,,1
Hordeum Vulgare Seed Extract,,,1
Kojic Dipalmitate,,,4
Alpha Bisabolol,,,2
Pentapeptide-3,,,
Fibronectin,,,
GLYCYRRHIZAGLABRA,,,4
Cannabis Sativa Leaf Extract,,,
OliveFruitOil,2,0,1
PEG-20 GLYCERYL STEARATE,,,3
Sodium Acrylate/Sodium Acrylamidomethylpropane Sulfonate Copolymer,,,1
Sargassum Fusiforme Extract,,,
Eugenia Caryophyllus Leaf Extract,,,4
Polygala tenuifolia Root Extract,,,1
Alisma Orientale Tuber Extract,,,
Sodium shale oil sulfonate,,,
Mentholum,,,1
Salvia Miltiorrhiza Leaf Extract,,,
Lonicera Japonica Leaf Extract,,,1
Cnidium Monnieri Seed Powder,,,
Isoceteth-25,,,3
Distearyldimonium chloride,,,3
PEG-10 Phytosterol,,,3
Stearamidopropyl PG-dimonium chloride phosphate,,,1
Tamarindus Indica Extract,,,1
Dipentaerythrityl Tetrahydroxystearate/Tetraisostearate,,,1
PEG-2 STEARATE,,,3
German Chamomile,,,2
Biosaccharide Gum,,,1
Yellow 5 Al Lake,,,
4-O-α-glucopyranosyl-D-sorbitol,,,1
Propylene glycol dicaprylate,,,1
Petroleum Jelly,2,0,4
Polysilicone-9,,,1
Disodium ascorbyl sulfate,,,
Sodium Cocoyl Sarcosinate,,,2
GLYCERYLSTEARATE,,,
Butyrospermum Parkii Seedcake Extract,,,
Deinococcus Ferment Extract Filtrate,,,
PEG-15/Lauryl Dimethicone Crosspolymer,,,4
Boswellia Carterii Gum Extract,,,1
Candelilla Wax,1,1,1
Acacia Decurrens Flower Wax,,,1
PVOH,,,1
Tetrahydropiperine,,,
Beta Carotene,1,0,2
C12-14 isoparaffin,,,1
Panax Ginseng Root Water,,,
ButyleneGlycolDicaprylatedicaprate,,,1
Raphanus Sativus Seed Extract,,,1
Gossypium Herbaceum Extract,,,1
STEARICACID,2,0,1
Polyurethane-14,,,1
Ceteareth-7,,,3
Leontopodium Alpinum Extract,,,1
C12-13 Pareth-3,,,1
Cetyl Triethylmonium Dimethicone PEG-8 Succinate,,,3
AMP-acrylates copolymer,,,2
Bis-cetearyl Amodimethicone,,,1
C12-13 pareth-23,,,1
Divinyldimethicone/dimethicone copolymer,,,1
HippophaeRhamnoidesFruitExtract,,,1
Commiphora Myrrha Resin Water,,,
YuccaSchidigeraRootExtract,,,
Ceteth-13,,,
Disteareth-2 lauroyl glutamate,,,
Carum Petroselinum Seed Oil,,,1
Pelvetia Canaliculata Extract,,,1
Picea Abies Wood Extract,,,
"1,2-Octanediol",,,1
CI191401,,,
Centella Asiatica Leaf/stem Extract,,,
Isoflavone,,,1
Citrus Aurantium Amara Peel Extract,,,2
Alpha-glucosylrutin,,,
Vanillyl butyl ether  ,,,1
Citrus Nobilis Peel Extract,,,2
Viscum Album Fruit Extract,,,1
Hydrolyzed Myrtus Communis Leaf Extract,,,
Polydecene,,,1
Hibiscus Syriacus Callus Extract,,,
Oligopeptide-32,,,1
Oligopeptide-29,,,
4Terpineol,,,
CandidaBombicolaGlucoseMethylRapeseedateFerment,,,1
Bambusa Arundinacea Juice,,,1
Trichosanthes Kirilowii Root Extract,,,1
Agave Atrovirens Extract,,,
Vitis Vinifera Vine Sap,,,
Ganoderma Lucidum Stem Extract,,,1
VitaminEAcetate,0,0,3
ACRYLATESC1030AlkylACRYLATECROSSPOLYMER,,,1
Sempervivum Tectorum Extract,,,1
Viola Odorata Leaf Extract,,,1
Myristoyl/palmitoyl Oxostearamide/arachamide Mea,,,1
Bis-capryloyloxypalmitamido Isopropanol,,,
Dihydroxyisopropyl Palmoylpalmamide,,,
Phyllostachys Bambusoides Juice,,,
Phyllostachys Bambusoides Extract,,,1
Hibiscus Esculentus Fruit Extract,,,1
Pterocarpus Marsupium Leaf Extract,,,
Olive,,,1
Tinospora Cordifolia Extract,,,
Sida Cordifolia Extract,,,
Hexyldecyl Stearate,2,0,1
Passiflora Incarnata Seed Oil,,,1
Natural Squalene,,,1
Organic Rosehip Oil,,,1
Organic Lemon Oil,,,1
Grapefruit Oil,,,1
Orange Peel Extract,,,1
Octyldodecyl oleate,,,1
Hydrolyzed Acacia Macrostachya Seed Extract,,,
Cnidium Monnieri Fruit Extract,,,
Solidago Virgaurea Extract,,,1
Gypsophila Paniculata Root Extract,,,1
Cnidium Officinale Root Water,,,1
Angelica Acutiloba Root Water,,,1
Citrus Junos Peel Oil,,,1
Citrus Junos Peel Extract,,,1
Rice bran wax,,,2
GrapeseedOil,,,1
Isoeicosane,,,1
Isobutylamido Thiazolyl Resorcinol,,,
Theobroma Cacao Shell Powder,,,1
Glycine Max (Soybean) Oil,,,
N-hydroxysuccinimide,,,1
Ci158501,1,0,3
Ci77491,,,2
Ci77891,0,0,6
Ci45370,,,4
Caprylylglycol,,,1
Peony Extract,,,1
Honeysuckle Extract,,,1
Ginseng Extract,,,1
Golden Root,,,
Myrica Cerifera Fruit Wax,,,1
Hydrogenated jojoba oil,,,1
Red 7,,,
CI 77947,1,0,6
Lavandula angustifolia,,,1
Colloidaloatmeal,,,1
Cetearyl Phosphate,,,1
BiosaccharideGum1,,,1
DihydroxypropylArginineHCl,,,1
Tripeptide-29,,,1
Caffeoyl Hexapeptide-82,,,
Nicotinoyl Dipeptide-23,,,
Caffeoyl Tetrapeptide-80,,,
Hexapeptide-10,,,1
Tetrapeptide-30,,,
Tetrapeptide-21,,,1
Feruloyl Tetrapeptide-80,,,
Acetyl Tetrapeptide-9,,,1
Galloyl Pentapeptide-74,,,
AcetylTetrapeptide9,,,1
NicotinoylDipeptide23,,,
PolygonumCuspidatumRootExtract,,,1
PalmitoylTripeptide5,,,1
CamelliaSinensisLeafExtract,,,2
Hexapeptide2,,,1
Nonapeptide1,,,1
Red 28 Lake,,,5
Red 6,3,0,10
Triisostearyl citrate,,,1
Carmine,0,0,3
Prunus Avium Fruit Extract,,,1
Vaccinium Angustifolium Leaf Extract,,,
Linalyl acetate,,,1
Glycol palmitate,,,1
Rhamnose,,,1
Mineral Salts,,,1
Isopropyl lanolate,,,2
Lanolin Oil,1,0,1
Castor Isostearate Beeswax Succinate,,,1
Cetyl Acetate,4,3,1
Porphyra Umbilicalis Extract,,,1
Citrus Aurantium Dulcis Fruit Water,,,1
Agave Tequilana Leaf Extract,,,1
Polyglyceryl-6 Palmitate/succinate,,,
Carrot Extract,,,
DeoxyphytantriylpalmitamideMEA,,,
Acetylhexapeptide8,,,1
SHOligopeptide1,,,1
Illicium verum,,,1
Ethyl Ascorbyl Ether,,,
Panax Ginseng Berry Extract,,,
PEG-10 dimethicone/vinyl dimethicone crosspolymer,,,3
Ensulizole,,,3
Triceteareth-4 phosphate,,,3
Hydrolyzed Opuntia Ficus-indica Flower Extract,,,1
Lithospermum Officinale Extract,,,1
Tetrapeptide-3,,,
RNA,,,1
Sodium mannose phosphate,,,1
Ethyl oleate,,,1
PPG-1 TRIDECETH-6,,,1
JASMINUMOFFICINALEFLOWEREXTRACT,,,1
Polyquaternium-4,,,1
Trimethylsiloxyamodimethicone,,,1
C12-16 Pareth-9,,,1
VP/Dimethylaminoethylmethacrylate Copolymer,,,1
Glyceryl distearate,,,1
SodiumLaurylglucosidesHydroxypropylsulfonate,,,1
Maltol,,,1
Gamma-decalactone,,,1
Tetramethylbutyl Dihydroxybenzamide,,,
Phytosteryl Glucoside/glucosylceramide,,,
Pentaerythritol/Terephthalic Acid Copolymer,,,
Radish Root Extract,,,1
Aluminum Stearoyl Glutamate,,,
Quartz,,,6
Triglyceride,,,1
Lavender Flower,,,1
Behenyl betaine,,,
Anisaldehyde,,,2
Rhus Verniciflua Peel Wax,,,1
Dodecane,,,1
Stearalkonium bentonite,,,1
Solanum Lycopersicum Seed Oil,,,1
Phytosteryl Canola Glycerides,,,1
Adansonia Digitata Oil,,,1
Caryocar Brasiliense Fruit Oil,,,1
Ulva Lactuca Extract,,,1
PEG-30 GLYCERYL STEARATE,,,3
VerbascumThapsus,,,
Hydrolyzed Quinoa,,,1
AMP-Acrylates/Allyl Methacrylate Copolymer,,,2
Valeriana Officinalis Root Extract,,,
Gamma-undecalactone,,,1
Polyglyceryl-2 Tetraisostearate,,,1
Opuntia Humifusa Flower/stem Extract,,,1
Rosa moschata seed oil,,,3
ArnicaMontanaFlowerExtract,,,2
Styrax benzoin Gum,,,1
CitrusReticulata,,,1
Silicon dioxide,,,
Levomenol,,,2
Aluminum dimyristate,,,1
BlackIronOxide,,,2
Bacillus/Soybean/Folic Acid Ferment Extract,,,
AnibaRosaeodoraWoodOil,,,
Protein,,,1
YoYuimin,,,1
Wild chamomile,,,1
Yeast,,,1
AloeBarbadensisLeafExtract,,,3
Oubaku Ekisu,,,1
Methoxy Peg-17/methoxy Peg-11/hdi Isocyanurate Trimer Crosspolymer,,,
Blue 1 Lake,,,7
Hydrogenated microcrystalline wax,,,2
IronOxidesCi77491Ci77492Ci77499,0,0,2
MorusAlbaFruitExtract,,,
Ginkgo Biloba Nut Extract,,,1
Oleth-10,2,1,3
AluminumHydroxide,,,1
Carnitine HCl,,,
Cananga Odorata Flower Extract,,,2
POLYGLYCERYL3DIISOSTEARATE,4,0,1
Copper sulfate,,,2
Q10,,,1
Polyglyceryl-10 pentastearate,,,1
Glycinesojasoybeanprotein,,,1
Trilaurin,,,1
Brassica Campestris Seed Oil,,,1
Triticum Vulgare Bran Extract,,,1
GLYCINESOJASOYBEANPROTEIN,,,1
ACETYLGLUCOSAMINE,,,1
Potassium sulfate,,,1
Divinyldimethicone/dimethicone Crosspolymer,,,1
CetylPegPpg101Dimethicone,,,3
Camellia Sinensis Seed Extract,,,1
Aloe Arborescens Leaf Extract,,,3
Hexadecanoic acid,3,0,1
Vitamin B12,,,1
Diamond Powder,,,1
Amethyst Powder,,,1
N-Butyl alcohol,,,
CetylPEGPPG101Dimethicone,,,3
Crataegus Oxyacantha Stem Extract,,,
PEG-10 Dimethicone Crosspolymer,,,3
Schisandra Chinensis Extract,,,
POLYACRYLATECROSSPOLYMER6,,,1
Milk,,,1
Tea Tree,,,1
Hexylcinnamaldehyde,,,3
Polyglyceryl-3-Diisostearate,4,0,1
Ceramide 9,,,
Ceramide 5,,,
Oleyl erucate,,,1
Lactobacillus/collagen Ferment Filtrate,,,
Potassium laurate,,,1
Plantago Asiatica Extract,,,1
Nicotinoyl Hexapeptide-44,,,
Sh-polypeptide-16,,,
Dimethicone/Divinyldimethicone/Silsesquioxane Crosspolymer,,,1
Benzyl PCA,,,1
CarnaubaWax,1,1,1
Lauryl PEG-10 Tris(Trimethylsiloxy) Silylethyl Dimethicone,,,3
Quaternium-18 hectorite,,,1
Sodium cocoate,,,1
Benzisothiazolinone,,,6
ALOE JUICE,,,
Hemp Seed Oil,,,2
BORAGE Oil,,,1
Bilberry,,,1
BURDOCK ROOT,,,1
Rose Hips,,,1
Catnip,,,1
Chickweed,,,1
GINKGO LEAF,,,1
Linden,,,1
Hawthorn Berry Extract,,,
Flaxseed Oil,5,,1
Cayenne,,,
Ginseng,,,1
STJOHNSWORT,,,1
Alfalfa,,,
VITAMINE,3,2,1
Gum Arabic,,,1
Aluminumstarchoctenylsuccinate,,,2
Sorbitanolivate,,,1
Oleic/Linoleic/Linolenic Polyglycerides,,,1
Isoparaffin,,,1
Allium Sativum Bulb Extract,,,
Propyl Paraben,0,0,9
JojobaSeedOil,2,2,1
DimethylsilanolHyaluronate,,,1
SodiumHyaluronateCrosspolymer,,,1
PEG20METHYLGLUCOSESESQUISTEARATE,,,3
METHYLGLUCOSESESQUISTEARATE,,,1
CAMELLIA FLOWER EXTRACT,,,1
HydrolyzedCOLLAGEN,0,0,1
RASPBERRYKETONE,,,2
CollagenExtract,,,1
Acetylated hydrogenated vegetable glyceride,,,
Sucrose Polycottonseedate,,,1
Organic Barley Extract,,,1
Pomegranate Extract,,,1
Willowherb,,,
Tara Gum,,,1
Preservatives,,,4
CaprylicCaprictriglyceride,1,,1
Aesculus Hippocastanum Extract,,,1
Bertholletia Excelsa Seed Extract,,,1
Salmon Egg Extract,,,1
Sandalwood Wood Oil,,,1
Ethyl acetate,,,1
Jasminum Grandiflorum Flower Extract,,,
TETRASODIUMGLUTAMATEDIACETATE,,,1
C10-30 cholesterol/lanosterol esters,,,1
Eryngium Maritimum Extract,,,1
CI60730,,,5
Evening Primrose Oil/palm Oil Aminopropanediol Esters,,,1
Cococaprylatecaprate,,,1
Eriophorum Spissum Flower/stem Extract,,,1
Psidium Guajava Leaf Water,,,
Corchorus Olitorius Leaf Extract,,,1
Luffa Cylindrica Fruit Extract,,,1
Jojoba,,,1
Rosewood,,,1
Wood Powder,,,
Peppermint Extract,,,4
Methylsilanol/Silicate Crosspolymer,,,1
Cryptomeria Japonica Bud Extract,,,
Opuntiaficusindicaseedoil,,,1
Ammonium Polyacryldimethyltauramide,,,1
Tamarindus Indica Seed Polysaccharide,,,1
Potassium PCA,,,
Methylsilanol Mannuronate,,,1
Sodium Borate,,,5
Thymus vulgaris,,,2
Shorea Stenoptera Seed Butter,,,
OcimumBasilicum,,,1
Glucuronic acid,,,1
Perillaocymoides,,,1
Propanedioldicaprylatecaprate,,,
Baobab Seed Oil,,,
CottonSeedOil,3,5,1
Bidens Pilosa Extract,,,1
Aloe Leaf Juice Powder,,,
FlaxSeedOil,5,,1
Frankincense oil,,,1
Polianthes Tuberosa Callus Extract,,,
Cocoa Seed Butter,4,0,1
Comfrey Leaf Extract,,,1
Cranberry Seed Oil,,,1
Lavender Flower Extract,,,1
ChondrusCrispusExtract,,,1
Prunus Amygdalus Dulcis Fruit Extract,,,1
Cinnamomum Cassia Leaf Oil,,,3
Ocimum Basilicum Leaf Extract,,,
Tanacetum Vulgare Extract,,,1
Artemisia Dracunculus Leaf/stem Extract,,,
Thiodipropionic Acid,,,1
Tiliacora Triandra Leaf/vine Extract,,,
Sapindus Rarak Fruit Extract,,,1
Saccharomyces/platinum Ferment,,,
SACCHAROMYCES/COPPER FERMENT,,,1
CI 77480,,,4
Donkey Milk,,,
ALPHAISOMETHYLIONONE,,,5
