product_id,ingredient_id
1,1
1,2
1,3
1,4
1,5
1,6
1,7
1,8
1,9
1,10
1,11
1,12
1,13
1,14
1,15
1,16
2,16
2,17
2,4
2,18
2,19
2,20
2,21
2,22
2,23
2,24
2,25
2,26
2,15
2,12
3,12
3,13
3,14
3,15
3,3
3,16
3,17
3,18
3,4
3,19
3,20
3,24
3,21
3,13
3,22
3,15
3,23
4,12
4,23
4,16
4,4
4,24
4,25
4,26
4,27
4,28
4,3
4,29
4,30
4,22
4,31
4,32
4,15
4,12
4,22
4,33
4,34
5,12
5,34
5,35
5,36
5,37
5,38
5,39
5,40
5,41
5,42
5,43
5,44
5,45
5,46
5,47
5,48
5,49
5,50
5,51
5,12
5,52
5,53
5,54
5,26
5,55
5,56
5,32
5,57
5,22
5,22
6,12
6,26
6,22
6,23
6,2
6,24
6,25
6,21
6,26
6,27
6,13
6,15
6,28
6,29
6,22
7,16
7,34
7,22
7,23
7,24
7,25
7,26
8,12
8,13
8,4
8,34
8,38
8,22
8,26
8,27
8,26
8,28
8,55
8,29
8,30
8,31
8,15
8,33
8,32
8,33
8,34
8,35
8,36
8,37
9,12
9,27
9,36
9,31
9,23
9,4
9,24
9,37
9,17
9,26
9,38
9,3
9,50
9,38
9,39
9,40
9,41
9,42
9,21
9,43
9,44
9,45
9,46
9,47
9,48
9,55
9,49
9,50
9,51
9,52
9,53
9,54
9,54
9,25
9,55
9,56
9,57
9,58
9,59
9,60
9,61
9,40
9,12
9,62
9,63
9,33
9,64
9,65
9,66
9,67
9,68
9,69
9,22
9,70
9,71
9,72
9,73
9,22
10,12
10,22
10,4
10,50
10,24
10,3
10,23
10,25
10,24
10,25
10,66
10,33
10,12
10,26
10,22
10,27
10,28
10,29
10,38
10,30
10,31
10,32
10,33
10,34
11,16
11,4
11,34
11,35
11,18
11,36
11,37
11,38
11,29
11,33
11,39
11,26
11,40
11,41
11,42
11,43
11,44
11,45
11,46
11,47
11,48
11,66
11,29
11,49
11,50
11,22
11,15
11,51
11,12
11,52
11,53
11,54
11,23
11,68
11,55
11,56
12,16
12,56
12,4
12,57
12,71
12,26
12,58
12,50
12,59
12,26
12,60
12,12
12,61
12,52
12,15
12,23
12,33
12,55
13,16
13,55
13,56
13,57
13,58
13,4
13,59
13,60
13,61
13,62
13,63
13,64
13,65
13,12
13,66
13,22
13,67
13,68
13,69
14,16
14,69
14,22
14,70
14,71
14,26
14,72
14,57
14,71
14,33
14,21
14,73
14,59
14,74
14,75
14,76
14,14
14,77
14,78
14,79
14,80
14,81
14,44
14,82
14,42
14,83
14,43
14,84
14,47
14,23
14,85
14,86
14,50
14,87
14,8
14,31
14,26
14,26
14,33
14,68
14,88
14,38
14,89
14,90
14,61
14,54
14,50
14,24
14,55
14,15
14,91
14,92
14,93
15,16
15,4
15,26
15,38
15,85
15,40
15,93
15,14
15,71
15,94
15,26
15,25
15,33
15,95
15,96
15,97
15,66
15,50
15,98
15,68
15,40
15,99
15,100
15,101
15,102
16,16
16,36
16,4
16,31
16,61
16,41
16,8
16,58
16,22
16,18
16,102
16,50
16,23
16,103
16,104
16,26
16,105
16,60
16,106
16,90
16,15
16,55
16,107
16,108
16,27
16,71
16,29
16,109
16,73
16,110
16,111
16,14
16,66
16,12
16,59
16,112
17,112
17,4
17,26
17,38
17,17
17,113
17,40
17,114
17,115
17,116
17,117
17,118
17,119
17,120
17,26
17,121
17,46
17,33
17,122
17,123
17,60
17,63
17,124
17,71
17,29
17,125
17,12
17,126
18,73
18,16
18,38
18,57
18,4
18,26
18,8
18,26
18,71
18,61
18,102
18,23
18,121
18,126
18,106
18,15
18,127
18,128
18,103
18,129
18,130
18,131
18,38
18,132
18,133
18,50
18,59
18,134
18,56
18,12
18,42
18,54
18,89
18,135
19,12
19,135
19,22
19,27
19,4
19,136
19,23
19,53
19,137
19,21
19,42
19,138
19,139
19,52
19,37
19,140
19,141
19,142
19,22
19,2
19,123
19,22
19,51
19,143
19,55
19,12
20,16
20,36
20,61
20,58
20,31
20,27
20,50
20,4
20,23
20,2
20,27
20,41
20,57
20,12
20,22
20,13
20,14
20,26
20,15
20,3
20,16
20,17
20,15
20,18
20,57
20,93
20,108
20,54
20,19
20,86
20,20
20,52
20,66
20,21
20,21
20,22
20,23
21,40
21,236
21,35
21,168
21,562
21,237
21,238
21,241
21,563
21,242
21,16
21,21
21,74
21,132
21,52
21,20
21,9
21,172
21,130
21,12
21,243
21,244
21,234
21,100
22,16
22,23
22,4
22,8
22,24
22,25
22,21
22,14
22,13
22,26
22,27
22,28
22,29
22,30
22,56
22,55
22,31
22,32
22,56
22,12
22,94
22,22
22,66
22,33
22,34
23,16
23,34
23,35
23,4
23,36
23,90
23,37
23,38
23,39
23,40
23,53
23,41
23,42
23,131
23,43
23,128
23,44
23,125
23,45
23,46
23,58
23,41
23,61
23,26
23,61
23,23
23,88
23,55
23,66
23,36
23,12
23,115
23,66
23,22
23,47
24,12
24,22
24,4
24,23
24,26
24,47
24,12
24,13
24,66
24,31
24,7
24,38
24,14
24,40
24,97
24,96
24,48
24,95
24,54
24,49
24,69
24,50
25,16
25,24
25,4
25,98
25,25
25,57
25,38
25,90
25,41
25,50
25,24
25,40
25,33
25,12
25,51
25,52
25,15
25,53
25,26
25,14
25,38
25,59
26,16
26,13
26,51
26,2
26,31
26,4
26,59
26,27
26,36
26,61
26,19
26,41
26,60
26,61
26,100
26,38
26,40
26,22
26,26
26,55
26,22
26,22
26,62
26,63
26,64
26,65
26,66
26,71
27,12
27,50
27,57
27,23
27,26
27,40
27,22
27,71
27,4
27,14
27,29
27,72
27,66
27,26
27,53
27,73
27,94
28,16
28,4
28,35
28,94
28,41
28,60
28,113
28,95
28,96
28,97
28,98
28,90
28,99
28,100
28,50
28,101
28,102
28,103
28,104
28,21
28,23
28,22
28,42
28,105
28,106
28,60
28,107
28,15
29,15
29,16
29,54
29,61
29,17
29,22
29,18
29,19
29,20
29,47
29,21
29,51
29,136
29,22
29,37
29,23
30,23
30,16
30,24
30,4
30,25
30,26
30,27
30,28
30,57
30,28
30,38
30,90
30,50
30,41
30,29
30,30
30,65
30,31
30,32
30,33
30,34
30,35
30,121
30,36
30,37
30,38
30,39
30,40
30,41
30,42
30,43
30,44
30,45
30,46
30,47
30,48
30,49
30,102
30,50
30,61
30,71
30,23
30,51
30,38
30,60
30,52
30,8
30,53
30,54
30,26
30,55
30,58
30,61
30,15
31,12
31,15
31,16
31,103
31,4
31,25
31,17
31,18
31,19
31,20
31,21
31,22
31,45
31,23
31,24
31,59
31,22
31,23
31,26
31,12
32,12
32,13
32,25
32,14
32,15
32,16
32,17
32,61
32,115
33,16
33,50
33,4
33,135
33,22
33,24
33,57
33,71
33,26
33,115
33,12
33,63
33,15
33,106
33,55
33,73
33,116
33,117
33,62
33,118
33,33
34,12
34,23
34,57
34,22
34,24
34,50
34,33
34,26
34,4
34,22
34,34
34,66
34,27
34,33
34,12
34,13
34,35
34,15
34,33
34,36
34,23
34,37
34,21
34,53
34,38
34,136
34,8
34,39
34,40
34,45
34,41
34,42
34,43
34,22
34,44
34,45
34,46
34,47
34,117
34,48
34,49
35,16
35,26
35,90
35,3
35,17
35,8
35,4
35,85
35,2
35,41
35,22
35,51
35,60
35,23
35,22
35,26
35,107
35,93
35,49
35,50
35,51
35,52
35,53
35,54
36,12
36,4
36,113
36,87
36,38
36,54
36,55
36,56
36,57
36,58
36,59
36,60
36,12
36,61
37,12
37,26
37,61
37,90
37,4
37,62
37,63
37,64
37,65
37,51
37,66
37,67
37,23
37,45
37,115
37,17
37,55
37,68
37,12
37,22
37,22
37,22
37,69
37,70
38,70
38,71
38,72
38,34
38,73
38,74
38,33
38,71
38,42
38,75
38,31
38,100
38,58
38,127
38,61
38,36
39,16
39,36
39,4
39,50
39,57
39,37
39,93
39,38
39,39
39,14
39,8
39,53
39,54
39,71
39,93
39,33
39,13
39,12
39,39
39,40
39,15
39,21
39,24
39,53
39,38
39,41
39,42
39,26
39,43
40,12
40,4
40,90
40,43
40,44
40,45
40,46
40,47
40,48
40,30
40,49
40,50
40,72
40,51
40,115
40,52
40,23
40,53
40,52
40,66
40,46
40,12
40,54
40,55
40,33
40,56
40,57
40,22
41,16
41,4
41,16
41,31
41,38
41,22
41,21
41,123
41,142
41,52
41,138
41,41
41,55
41,60
41,66
41,71
41,13
41,14
41,23
41,50
41,63
41,49
41,52
41,64
41,46
41,55
41,70
41,141
41,140
41,69
41,59
41,53
41,65
41,67
41,56
41,60
41,72
41,24
41,25
41,139
41,66
42,16
42,86
42,4
42,85
42,55
42,57
42,26
42,93
42,22
42,61
42,26
42,12
42,68
42,66
42,67
42,71
42,68
42,50
42,42
42,89
42,69
42,52
42,8
42,47
43,12
43,27
43,57
43,31
43,23
43,36
43,47
43,23
43,47
43,48
43,49
43,21
43,50
43,26
43,12
43,51
43,22
43,37
43,22
44,112
44,22
44,4
44,3
44,37
44,33
44,87
44,25
44,136
44,42
44,43
44,44
44,45
44,32
44,26
44,49
44,50
44,15
44,57
44,12
44,51
44,52
44,54
44,23
45,112
45,22
45,4
45,3
45,37
45,33
45,87
45,25
45,136
45,42
45,43
45,44
45,45
45,32
45,26
45,49
45,50
45,15
45,57
45,12
45,51
45,52
45,54
45,23
46,112
46,57
46,40
46,23
46,23
46,24
46,4
46,25
46,26
46,70
46,113
46,27
46,78
46,28
46,29
46,30
46,55
46,66
46,22
46,31
47,16
47,18
47,57
47,23
47,135
47,31
47,26
47,55
47,50
47,127
47,32
47,33
47,12
47,73
47,130
47,33
47,34
47,69
47,35
47,71
47,36
47,106
47,38
47,66
47,121
47,59
47,37
47,112
47,89
47,50
48,50
48,113
48,51
48,52
48,53
48,54
48,55
48,56
48,57
48,58
48,59
48,60
48,61
48,62
48,63
48,64
48,65
48,61
48,66
48,67
48,68
48,115
48,69
48,96
48,97
48,95
48,22
49,12
49,13
49,23
49,23
49,22
49,26
49,22
49,40
49,30
49,23
49,24
49,15
49,31
49,93
50,12
50,22
50,4
50,57
50,23
50,22
50,50
50,93
50,12
50,15
50,22
50,64
50,94
50,95
50,14
50,55
50,96
52,12
52,4
52,22
52,8
52,15
52,27
52,29
52,30
52,37
52,24
52,23
52,28
52,40
52,38
52,96
52,14
52,13
52,45
52,7
52,103
52,97
52,22
52,55
52,98
52,53
52,12
52,29
52,94
53,28
53,94
53,95
53,96
53,97
53,98
53,99
53,68
53,22
53,100
53,115
53,12
53,28
53,33
53,31
53,100
54,16
54,4
54,93
54,22
54,17
54,26
54,103
54,26
54,71
54,33
54,66
54,31
54,100
54,127
54,55
54,50
54,12
54,101
54,102
54,103
54,104
54,94
54,105
54,21
54,106
54,107
55,16
55,4
55,16
55,107
55,25
55,50
55,41
55,71
55,23
55,12
55,108
55,109
55,110
55,132
55,111
55,26
55,78
56,78
56,79
56,23
56,12
56,26
56,55
56,4
56,14
56,29
56,80
56,103
56,24
56,22
56,81
56,66
57,12
57,103
57,50
57,4
57,8
57,23
57,71
57,56
57,66
57,67
57,68
57,62
57,68
57,69
57,23
57,26
57,70
57,71
57,72
57,115
57,113
57,33
57,73
57,74
57,12
57,38
57,88
57,94
57,66
57,22
58,22
58,4
58,57
58,23
58,24
58,25
58,26
58,27
58,28
58,26
58,94
58,29
58,14
58,100
58,13
58,23
58,44
58,22
58,12
58,66
58,125
58,22
58,55
59,16
59,24
59,4
59,25
59,22
59,100
59,55
59,51
59,56
59,57
59,58
59,102
59,117
59,117
59,59
59,60
59,30
59,61
59,62
59,63
59,64
59,65
59,66
59,38
59,103
59,67
59,26
59,12
59,51
59,66
59,71
59,68
59,115
59,113
59,89
59,50
59,61
59,42
59,54
59,82
59,50
59,43
59,83
59,55
59,44
59,90
59,69
60,113
60,4
60,16
60,69
60,70
60,71
60,134
60,71
60,33
60,72
60,100
60,73
60,115
60,131
60,128
60,43
60,121
60,45
60,74
60,75
61,16
61,18
61,78
61,75
61,4
61,22
61,8
61,76
61,77
61,7
61,29
61,78
61,79
61,80
61,78
61,47
61,81
61,22
61,82
61,50
61,83
61,115
61,98
61,84
61,40
61,33
61,22
61,55
61,22
61,66
61,26
61,93
61,69
61,85
62,16
62,78
62,23
62,4
62,50
62,3
62,60
62,85
62,33
62,51
62,49
62,103
62,86
62,15
62,87
62,55
62,97
62,68
62,26
62,70
62,88
62,89
62,90
62,22
62,91
62,92
62,93
62,94
62,94
62,95
63,16
63,95
63,136
63,90
63,50
63,60
63,58
63,96
63,41
63,73
63,45
63,107
63,68
63,97
63,32
63,22
63,98
63,57
63,93
63,15
63,99
63,89
63,100
63,46
63,101
63,102
63,103
63,21
63,104
63,105
63,92
63,55
63,40
64,16
64,57
64,38
64,4
64,112
64,26
64,8
64,50
64,26
64,71
64,61
64,102
64,105
64,103
64,40
64,57
64,55
64,40
64,23
64,18
64,98
64,138
64,52
64,21
64,13
67,16
67,13
67,22
67,14
67,24
67,4
67,26
67,94
67,112
67,15
67,46
67,79
67,67
67,59
67,16
67,55
67,33
67,17
67,12
67,50
67,71
67,18
67,19
67,20
67,21
67,29
67,15
68,16
68,4
68,50
68,86
68,22
68,57
68,85
68,26
68,15
68,25
68,16
68,17
68,18
68,15
68,23
68,26
68,38
68,68
68,55
68,13
68,15
68,61
68,19
68,20
68,21
68,22
68,23
68,23
68,24
68,25
68,28
68,26
68,71
68,33
68,12
69,12
69,4
69,25
69,22
69,24
69,26
69,12
69,13
69,60
69,37
69,87
69,14
69,15
69,64
69,42
69,43
69,44
69,59
69,45
69,24
69,41
69,97
69,63
69,16
69,90
69,17
69,67
69,94
69,23
69,7
69,29
69,69
69,49
69,49
69,66
69,56
69,21
69,65
69,60
69,50
69,22
69,55
69,53
69,16
69,103
69,23
69,15
69,18
69,12
69,55
69,33
69,54
69,23
69,72
69,60
69,19
69,18
69,58
69,55
69,56
70,12
70,16
70,22
70,4
70,26
70,26
70,22
70,66
70,26
70,94
70,23
70,56
70,21
70,22
71,12
71,4
71,22
71,22
71,23
71,78
71,53
71,24
71,25
71,24
71,25
71,40
71,23
71,103
71,97
71,26
71,93
71,94
71,27
71,28
71,135
71,29
71,73
71,113
71,30
71,28
71,31
71,32
71,128
71,131
71,45
71,33
71,34
71,64
71,66
71,100
71,94
71,23
71,96
71,12
71,88
71,22
71,49
72,112
72,105
72,4
72,16
72,95
72,68
72,22
72,136
72,22
72,15
72,26
72,49
72,67
73,67
73,68
73,100
73,65
74,12
74,65
74,22
74,21
74,24
74,26
74,33
74,26
74,53
74,54
74,24
74,83
74,43
74,105
74,66
74,44
74,67
74,15
74,26
74,40
74,73
74,68
74,107
74,69
75,16
75,4
75,50
75,22
75,67
75,24
75,16
75,12
75,69
75,26
75,26
75,70
75,73
75,71
75,50
75,72
75,73
75,22
75,23
76,12
76,22
76,4
76,3
76,8
76,23
76,33
76,87
76,42
76,43
76,44
76,45
76,25
76,66
76,26
76,49
76,21
76,50
76,22
76,15
76,12
76,51
76,54
76,23
76,55
77,16
77,4
77,55
77,23
77,24
77,24
77,56
77,57
77,58
77,55
77,12
77,94
78,12
78,4
78,22
78,8
78,16
78,24
78,26
78,94
78,12
78,42
78,33
78,15
78,45
78,33
78,26
79,16
79,36
79,4
79,50
79,61
79,27
79,22
79,26
79,27
79,41
79,24
79,2
79,60
79,22
79,62
79,27
79,89
79,97
79,113
79,44
79,82
79,42
79,71
79,28
79,29
79,50
79,30
79,31
79,38
79,15
79,66
79,26
79,93
80,16
80,4
80,22
80,24
80,25
80,26
80,93
80,94
80,26
80,22
80,95
80,115
80,94
80,15
80,12
80,55
80,52
81,16
81,52
81,4
81,53
81,15
81,99
81,90
81,63
81,54
81,46
81,64
81,100
81,55
81,56
81,57
81,58
81,64
81,47
81,26
81,74
81,48
81,59
81,60
81,103
81,12
81,56
81,39
81,23
81,22
81,66
81,61
81,62
81,22
82,12
82,4
82,22
82,8
82,15
82,27
82,29
82,30
82,37
82,24
82,23
82,28
82,40
82,38
82,96
82,14
82,13
82,45
82,7
82,103
82,97
82,22
82,55
82,98
82,53
82,12
82,29
82,94
83,112
83,22
83,4
83,3
83,37
83,33
83,87
83,25
83,136
83,42
83,43
83,44
83,45
83,32
83,26
83,49
83,50
83,15
83,57
83,12
83,51
83,52
83,54
83,23
85,23
85,4
85,15
85,45
85,23
85,57
85,136
85,50
85,41
85,60
85,53
85,24
85,25
85,29
85,26
85,73
85,21
85,7
85,27
85,29
85,12
85,107
85,22
85,28
86,12
86,28
86,29
86,30
86,58
86,61
86,22
86,23
86,45
86,68
86,15
86,94
86,31
86,136
86,28
86,49
86,26
86,100
86,62
86,27
86,70
86,75
86,76
86,32
86,74
86,94
86,12
86,22
86,33
87,135
87,22
87,85
87,33
87,13
87,34
87,90
88,16
88,4
88,98
88,38
88,26
88,62
88,17
88,40
88,114
88,72
88,42
88,90
88,91
88,92
88,46
88,124
88,8
88,60
88,63
88,93
88,26
88,119
88,122
88,40
88,12
88,94
88,29
88,94
88,115
88,113
88,95
88,96
88,94
88,97
88,98
88,67
88,106
88,78
88,99
88,100
88,101
88,128
88,102
88,103
88,131
88,104
88,74
88,45
88,105
89,98
89,54
89,106
89,105
89,64
89,32
89,50
89,95
89,29
89,22
89,66
89,37
89,94
89,71
89,26
89,30
90,16
90,30
90,68
90,57
90,3
90,104
90,31
90,50
90,32
90,22
90,55
90,94
90,93
91,112
91,47
91,69
91,72
91,93
91,4
91,22
91,22
91,24
91,94
91,33
91,95
91,96
91,90
91,26
91,55
91,68
91,54
91,66
91,26
91,97
91,98
96,98
96,136
96,99
96,100
96,16
96,101
96,102
96,103
96,31
96,26
96,12
96,94
96,23
96,101
96,104
96,69
96,70
96,93
97,12
97,34
97,35
97,36
97,37
97,38
97,39
97,40
97,41
97,42
97,43
97,44
97,45
97,46
97,47
97,48
97,49
97,50
97,51
97,12
97,52
97,53
97,54
97,26
97,55
97,56
97,32
97,57
97,22
97,22
98,112
98,4
98,81
98,22
98,22
98,24
98,61
98,2
98,17
98,42
98,43
98,44
98,45
98,23
98,26
98,94
98,93
98,66
98,49
98,21
98,50
98,12
98,45
98,26
98,33
98,113
98,98
98,54
98,23
98,56
98,37
98,13
98,87
99,16
99,4
99,25
99,22
99,24
99,41
99,60
99,13
99,87
99,29
99,21
99,94
99,88
99,89
99,16
99,136
99,33
99,12
99,19
99,60
99,66
99,23
99,22
99,23
100,16
100,4
100,58
100,61
100,36
100,27
100,23
100,31
100,24
100,25
100,41
100,26
100,33
100,14
100,27
100,115
100,93
100,28
100,21
100,29
100,30
100,38
100,55
100,15
101,16
101,85
101,93
101,25
101,4
101,60
101,15
101,26
101,55
101,112
101,100
101,16
101,17
101,18
101,71
101,33
101,61
101,103
101,14
101,23
101,19
101,50
101,57
101,60
101,24
101,29
101,66
101,68
101,55
101,12
101,20
101,113
101,89
101,42
101,86
101,38
101,50
101,93
102,85
102,21
102,93
102,94
102,22
102,95
102,50
102,23
102,16
102,71
102,56
102,106
102,73
102,95
102,112
102,12
102,96
102,97
102,98
102,99
102,100
102,103
102,101
102,79
102,102
102,41
102,55
102,103
102,104
102,105
102,106
102,106
102,107
102,108
102,109
102,110
102,89
102,111
102,112
102,113
102,42
104,4
104,22
104,28
104,23
104,26
104,103
104,33
104,52
104,57
104,50
104,24
104,15
104,14
104,71
104,104
104,12
104,100
104,13
104,42
104,68
104,16
104,94
104,43
104,44
104,37
104,45
104,22
104,28
104,46
105,28
105,4
105,22
105,57
105,51
105,69
105,46
105,47
105,106
105,69
105,48
107,12
107,23
107,50
107,23
107,27
107,22
107,48
107,47
107,22
107,12
107,26
107,22
107,14
107,16
107,13
107,66
107,55
107,49
107,50
108,12
108,16
108,50
108,51
108,24
108,52
108,23
108,28
108,22
108,53
108,24
108,22
108,21
108,142
108,53
108,71
108,26
108,26
109,112
109,4
109,15
109,57
109,22
109,38
109,26
109,21
109,71
109,12
109,55
109,27
109,14
109,31
109,22
109,78
109,94
109,28
109,29
109,115
109,98
109,23
109,33
110,16
110,4
110,99
110,98
110,94
110,61
110,53
110,58
110,33
110,41
110,33
110,100
110,34
110,14
110,60
110,45
110,28
110,7
110,105
110,49
110,63
110,52
110,55
110,70
110,69
110,67
110,65
110,35
110,68
110,29
110,107
110,32
110,57
110,15
110,93
110,36
110,91
110,15
111,12
111,22
111,15
111,25
111,23
111,26
111,53
111,23
111,24
111,22
111,94
111,33
111,16
111,15
111,55
111,68
111,101
111,50
111,94
111,115
112,12
112,4
112,81
112,22
112,22
112,24
112,61
112,2
112,37
112,13
112,87
112,17
112,42
112,43
112,44
112,45
112,23
112,26
112,94
112,93
112,49
112,21
112,50
112,12
112,45
112,26
112,33
112,113
112,98
112,54
112,23
112,56
113,12
113,135
113,22
113,27
113,4
113,136
113,23
113,53
113,137
113,21
113,42
113,138
113,139
113,52
113,37
113,140
113,141
113,142
113,22
113,2
113,123
113,22
113,51
113,143
113,55
113,12
114,16
114,4
114,25
114,22
114,24
114,41
114,60
114,13
114,87
114,29
114,21
114,94
114,88
114,89
114,16
114,136
114,33
114,12
114,19
114,60
114,66
114,23
114,22
114,23
117,16
117,85
117,4
117,22
117,22
117,26
117,26
117,71
117,23
117,73
117,95
117,104
117,24
117,47
117,25
117,26
117,27
117,40
117,28
117,29
117,30
117,130
117,89
117,31
117,12
117,56
117,42
117,61
117,68
117,66
117,14
117,42
117,55
117,26
118,16
118,4
118,56
118,57
118,100
118,52
118,28
118,60
118,26
118,71
118,26
118,33
118,103
118,12
118,93
118,24
118,89
118,42
118,99
118,50
118,27
118,58
118,61
118,28
118,31
118,29
118,46
118,50
118,15
118,30
118,93
119,16
119,4
119,50
119,22
119,67
119,24
119,16
119,12
119,69
119,26
119,26
119,70
119,73
119,71
119,50
119,72
119,73
119,22
119,23
120,16
120,93
120,57
120,55
120,86
120,85
120,71
120,73
120,66
120,67
120,95
120,128
120,131
120,112
120,111
120,106
120,89
120,60
120,56
120,26
120,23
120,50
120,15
120,68
120,68
120,42
120,52
120,42
120,26
120,55
120,24
121,112
121,4
121,26
121,38
121,17
121,113
121,40
121,114
121,115
121,116
121,117
121,118
121,119
121,120
121,26
121,121
121,46
121,33
121,122
121,123
121,60
121,63
121,124
121,71
121,29
121,125
121,12
121,126
122,12
122,57
122,23
122,4
122,33
122,28
122,126
122,18
122,87
122,2
122,45
122,66
122,22
122,22
122,127
122,53
122,51
122,12
122,128
122,29
122,62
122,22
122,69
122,35
122,56
122,92
122,105
124,16
124,4
124,16
124,36
124,28
124,105
124,50
124,8
124,106
124,18
124,13
124,38
124,107
124,55
124,94
124,33
124,108
124,71
124,128
124,15
124,98
124,66
124,109
124,95
124,131
124,73
124,110
124,109
124,111
124,112
124,113
124,114
124,21
124,89
124,42
124,123
124,42
124,142
124,52
124,138
124,140
124,141
124,115
125,12
125,18
125,78
125,22
125,39
125,115
125,4
125,116
125,46
125,14
125,23
125,117
125,53
125,118
125,93
125,26
125,119
126,12
126,36
126,61
126,4
126,31
126,116
126,53
126,94
126,23
126,50
126,119
126,120
126,121
126,51
126,93
126,119
128,12
128,95
128,36
128,61
128,31
128,58
128,4
128,27
128,50
128,120
128,119
128,62
128,120
128,25
128,121
128,93
128,55
128,51
128,122
128,123
128,69
128,124
128,132
128,97
128,125
128,126
128,57
128,70
128,23
128,16
128,22
128,22
128,66
129,12
129,34
129,38
129,12
129,120
129,66
129,26
129,67
129,68
129,69
129,30
129,70
129,50
129,29
129,71
129,71
129,72
129,28
129,26
129,73
129,26
130,12
130,69
130,22
130,103
130,97
130,26
130,27
130,28
130,29
130,30
130,31
130,32
130,33
130,34
130,35
130,36
130,37
130,38
130,2
130,55
130,60
130,22
130,39
130,94
130,55
130,69
130,135
130,62
130,15
131,12
131,25
131,22
131,4
131,28
131,135
131,12
131,22
131,40
131,55
131,119
131,15
132,12
132,135
132,53
132,136
132,41
132,60
132,33
132,17
132,50
132,42
132,82
132,83
132,43
132,44
132,73
132,94
132,15
132,16
132,95
132,29
132,17
132,24
132,21
132,14
132,50
132,89
132,73
132,18
132,33
132,19
132,26
132,22
132,55
133,16
133,57
133,4
133,105
133,55
133,22
133,55
133,60
133,23
133,93
133,94
133,18
133,15
133,56
133,24
133,136
133,94
133,66
133,23
134,12
134,4
134,18
134,22
134,24
134,33
134,7
134,14
134,26
134,23
134,30
134,24
134,66
134,15
134,13
134,109
134,12
134,15
134,21
134,98
134,120
134,71
134,33
135,12
135,24
135,4
135,61
135,23
135,22
135,90
135,87
135,33
135,34
135,35
135,7
135,20
135,94
135,95
135,26
135,13
135,23
135,22
135,56
136,16
136,23
136,22
136,115
136,14
136,68
136,100
136,56
136,33
136,57
136,101
136,61
136,26
136,12
136,15
136,66
136,93
137,112
137,28
137,93
137,134
137,103
137,94
137,24
137,4
137,22
137,95
137,45
137,61
137,23
137,12
137,40
137,52
137,70
137,55
137,23
137,29
137,96
137,97
137,94
137,98
137,99
137,72
137,115
137,100
137,101
137,102
137,103
137,104
137,105
137,106
138,16
138,24
138,8
138,4
138,27
138,25
138,23
138,38
138,71
138,98
138,38
138,96
138,26
138,23
138,115
138,106
138,55
138,107
138,50
138,24
138,108
138,28
138,109
138,54
138,110
138,111
138,112
138,112
138,44
138,113
138,94
138,92
138,114
138,32
138,57
138,111
138,29
138,115
138,113
138,116
138,99
138,12
138,117
138,75
138,74
138,73
138,76
138,50
138,59
138,15
139,12
139,15
139,61
139,16
139,17
139,115
140,16
140,4
140,3
140,38
140,40
140,26
140,28
140,57
140,22
140,22
140,115
140,26
140,57
140,86
140,12
140,22
140,63
140,64
140,52
140,42
140,55
140,106
140,116
140,71
140,117
140,23
140,33
140,50
140,60
140,21
140,118
140,123
140,141
140,142
140,138
140,52
140,140
140,139
141,12
141,139
141,140
141,141
141,142
141,16
141,40
141,57
141,143
141,3
141,144
141,126
141,4
141,145
142,12
142,22
142,40
142,31
142,2
142,38
142,33
142,21
142,73
142,42
142,140
142,21
142,142
142,138
142,145
142,141
142,43
142,83
142,82
142,52
142,44
142,146
142,147
142,148
142,149
142,89
142,50
142,22
142,150
142,93
142,66
142,15
142,50
142,151
142,152
142,41
143,16
143,95
143,36
143,61
143,31
143,41
143,4
143,27
143,50
143,120
143,42
143,55
143,122
143,51
143,40
143,70
143,23
143,66
143,22
143,43
144,12
144,22
144,21
144,4
144,50
144,85
144,39
144,16
144,113
144,60
144,42
144,43
144,101
144,126
144,103
144,24
144,44
144,22
144,107
144,55
144,53
145,16
145,4
145,103
145,16
145,26
145,33
145,49
145,26
145,71
145,69
145,94
145,15
146,26
146,63
146,15
146,16
146,17
146,21
146,18
146,24
146,33
146,19
146,20
146,21
146,4
146,92
146,22
146,49
146,23
146,24
147,16
147,50
147,38
147,4
147,93
147,24
147,25
147,78
147,64
147,68
147,47
147,40
147,24
147,29
147,26
147,7
147,26
147,27
147,24
147,28
147,45
147,29
147,30
147,31
148,16
148,22
148,22
148,85
148,4
148,26
148,29
148,25
148,22
148,66
148,45
148,31
148,23
148,51
148,55
148,56
148,12
148,50
148,62
148,29
148,32
148,33
148,22
148,34
149,16
149,4
149,16
149,36
149,50
149,22
149,28
149,98
149,27
149,59
149,75
149,76
149,74
149,14
149,13
149,128
149,34
149,94
149,131
149,26
149,64
149,33
149,51
149,71
149,55
149,12
149,35
150,12
150,34
150,38
150,28
150,12
150,120
150,38
150,26
150,26
150,68
150,118
150,47
150,30
150,13
150,50
150,29
150,71
150,35
150,36
150,26
151,16
151,4
151,22
151,93
151,36
151,26
151,26
151,51
151,26
151,22
151,55
151,53
151,27
151,117
151,115
151,38
151,27
151,33
151,23
151,71
151,22
151,24
151,46
151,61
151,29
151,12
151,94
151,29
151,31
151,69
151,70
151,28
152,2
152,12
152,113
152,33
152,66
152,78
152,23
152,33
152,4
152,93
152,94
152,40
152,22
152,76
152,37
152,45
152,7
152,14
152,13
152,94
152,118
152,70
152,27
152,28
152,59
152,75
152,76
152,74
152,73
152,21
152,70
152,72
152,69
152,64
152,67
152,49
152,52
152,65
152,63
152,55
152,56
152,25
152,60
152,46
152,59
152,53
152,24
152,71
152,22
152,61
152,12
152,55
152,101
152,66
152,46
153,16
153,4
153,24
153,46
153,47
153,70
153,16
153,71
153,71
153,22
153,50
153,17
153,8
153,102
153,26
153,48
153,49
153,60
153,33
153,60
153,50
153,55
153,21
153,15
153,25
153,134
153,120
153,52
153,51
153,140
153,139
153,123
153,141
153,138
153,100
153,52
153,81
153,53
153,54
153,55
153,56
153,28
153,142
153,57
153,28
153,58
153,59
153,60
154,16
154,95
154,136
154,60
154,96
154,65
154,61
154,15
154,62
154,61
154,53
154,113
154,63
154,98
154,64
154,22
154,55
154,107
154,65
154,93
154,66
154,13
154,66
154,100
154,28
155,4
155,16
155,16
155,50
155,17
155,61
155,28
155,56
155,71
155,29
155,30
155,31
155,25
155,63
155,65
155,32
155,68
155,17
155,95
155,33
155,40
155,34
155,26
155,21
155,56
155,28
155,22
155,15
155,35
155,8
155,40
155,103
155,23
155,97
155,136
155,36
155,52
155,37
155,38
155,23
155,14
155,39
155,40
155,41
155,48
155,39
155,42
155,40
155,58
155,84
155,29
155,66
155,46
156,12
156,4
156,58
156,61
156,36
156,31
156,27
156,22
156,46
156,47
156,26
156,113
156,22
156,50
156,66
156,22
156,60
156,70
156,108
156,106
156,104
156,15
156,74
156,48
156,49
156,50
156,113
156,89
156,56
156,21
156,42
156,43
156,82
156,50
156,83
156,51
156,74
156,54
156,76
156,75
156,52
157,112
157,15
157,24
157,4
157,85
157,54
157,57
157,37
157,16
157,26
157,22
157,17
157,14
157,115
157,33
157,98
157,66
157,55
157,68
157,94
157,52
157,53
157,95
157,26
157,53
157,54
158,50
158,113
158,51
158,52
158,53
158,54
158,55
158,56
158,63
158,65
158,61
158,66
158,57
158,61
158,58
158,59
158,54
158,64
158,62
158,67
158,68
158,4
158,115
159,115
159,8
159,18
159,116
159,4
159,22
159,16
159,117
159,118
159,119
159,120
159,68
159,121
159,24
159,122
159,45
159,48
159,123
159,23
159,12
159,124
159,125
159,126
159,53
159,53
159,127
159,128
159,129
159,130
159,14
162,12
162,34
162,20
162,22
162,14
162,57
162,37
162,15
162,16
162,17
162,18
162,67
162,19
162,20
162,37
162,16
162,21
162,24
162,22
162,23
162,24
162,25
162,12
162,56
162,26
162,102
162,23
162,22
162,26
163,16
163,38
163,8
163,22
163,85
163,23
163,26
163,98
163,26
163,55
163,18
163,12
163,52
163,27
164,12
164,4
164,25
164,22
164,24
164,26
164,33
164,41
164,60
164,13
164,87
164,29
164,21
164,94
164,27
164,89
164,16
164,136
164,33
164,12
164,19
164,60
164,66
164,23
164,22
164,23
165,16
165,4
165,105
165,23
165,71
165,22
165,12
165,50
165,15
165,55
165,21
165,40
165,28
165,14
165,73
165,94
165,20
165,38
165,23
165,33
165,140
165,52
165,138
165,141
166,16
166,141
166,8
166,22
166,142
166,50
166,47
166,120
166,143
166,40
166,113
166,26
166,144
166,145
166,90
166,146
166,147
166,148
166,149
166,150
166,151
166,37
166,61
166,16
166,152
166,77
166,153
166,4
166,125
166,68
166,94
166,53
166,29
166,66
166,48
167,16
167,4
167,27
167,61
167,58
167,36
167,31
167,41
167,17
167,36
167,50
167,48
167,108
167,71
167,26
167,49
167,50
167,15
167,51
167,52
167,53
167,54
167,26
167,98
167,115
167,15
167,93
168,93
168,3
168,22
168,4
168,33
168,40
168,25
168,37
168,42
168,43
168,44
168,45
168,48
168,23
168,66
168,94
168,49
168,50
168,51
168,33
168,52
168,98
168,23
168,94
168,54
168,95
169,12
169,24
169,22
169,90
169,13
169,95
169,4
169,22
169,26
169,17
169,25
169,33
169,120
169,73
169,111
169,59
169,12
169,95
169,96
169,53
169,97
169,73
169,110
169,28
169,98
169,24
169,50
169,55
169,38
169,57
169,71
169,46
169,93
169,66
169,69
169,42
169,99
169,22
169,66
169,22
170,16
170,36
170,4
170,22
170,58
170,31
170,25
170,27
170,61
170,109
170,23
170,24
170,121
170,33
170,25
170,18
170,45
170,24
170,94
170,21
170,67
170,66
170,22
170,24
170,50
170,15
170,66
170,55
171,16
171,50
171,86
171,55
171,56
171,2
171,57
171,58
171,115
171,60
171,28
171,59
171,134
171,7
171,60
171,61
171,4
171,28
171,24
171,66
171,45
171,57
171,62
171,52
171,63
171,23
171,88
171,93
171,94
172,12
172,57
172,15
172,33
172,4
172,12
172,23
172,23
172,94
172,66
172,45
172,22
172,97
172,13
172,56
173,112
173,3
173,22
173,22
173,4
173,56
173,26
173,20
173,57
173,8
173,58
173,121
173,26
173,57
173,98
173,12
173,28
173,48
173,59
173,66
173,22
173,22
174,12
174,23
174,57
174,4
174,22
174,85
174,26
174,23
174,81
174,107
174,26
174,38
174,22
174,2
174,94
174,12
174,68
174,22
174,23
174,66
174,21
174,17
174,24
174,115
174,33
174,62
175,12
175,62
175,26
175,8
175,22
175,63
175,31
175,26
175,110
175,15
175,64
175,12
175,35
175,54
175,33
175,4
175,36
175,34
175,65
175,37
175,66
175,67
175,71
175,68
176,16
176,4
176,28
176,3
176,26
176,12
176,24
176,62
176,68
176,22
176,51
177,16
177,24
177,22
177,8
177,23
177,103
177,3
177,28
177,33
177,26
177,4
177,142
177,51
177,66
177,46
177,50
177,27
177,23
177,98
177,22
177,111
177,12
177,29
177,52
178,50
178,4
178,136
178,71
178,26
178,22
178,33
178,52
178,22
178,21
178,93
178,53
178,23
178,72
178,27
178,22
178,63
178,21
178,126
178,29
178,54
178,13
178,55
178,115
178,15
178,95
178,50
178,90
178,113
178,56
178,98
178,58
178,54
178,41
178,45
178,69
178,23
178,55
178,57
178,69
179,90
179,69
179,103
179,40
179,69
179,70
179,71
179,66
179,72
179,94
179,61
179,16
180,12
180,22
180,16
180,17
180,18
180,26
180,4
180,19
180,26
180,33
180,15
180,68
180,48
180,22
180,66
180,22
180,22
180,53
180,57
181,4
181,16
181,16
181,22
181,57
181,12
181,23
181,33
181,24
181,27
181,23
181,132
181,57
181,58
181,115
181,22
181,23
182,12
182,72
182,18
182,136
182,22
182,61
182,135
182,93
182,15
182,28
182,23
182,26
182,115
182,22
182,24
182,25
182,26
182,54
182,68
182,45
182,55
182,24
182,27
182,31
182,27
182,66
182,53
182,4
182,33
182,28
182,12
182,36
182,8
182,95
182,37
182,50
182,16
182,29
182,30
182,31
182,32
182,33
182,34
182,22
183,16
183,22
183,15
183,61
183,22
183,50
183,16
183,17
183,18
183,111
183,112
183,112
183,44
183,106
183,13
183,33
183,55
183,28
183,12
183,23
183,71
183,98
183,66
183,24
184,16
184,23
184,22
184,99
184,26
184,24
184,26
184,50
184,22
184,66
184,29
184,47
184,22
184,4
184,73
184,23
184,31
184,94
184,15
184,24
184,47
184,20
184,61
184,12
184,32
184,57
184,26
184,104
185,50
185,4
185,16
185,71
185,53
185,47
185,23
185,104
185,26
185,39
185,105
185,109
185,110
185,106
185,107
185,49
185,48
185,30
185,47
185,28
185,26
185,29
185,108
185,109
185,67
185,110
185,99
185,71
185,33
185,70
185,12
185,111
185,57
185,22
185,66
186,16
186,4
186,58
186,61
186,36
186,31
186,27
186,38
186,66
186,22
186,67
186,68
186,69
186,32
186,30
186,57
186,15
186,93
186,23
186,70
187,16
187,36
187,58
187,4
187,58
187,27
187,31
187,61
187,70
187,71
187,33
187,57
187,41
187,72
187,73
187,74
187,54
187,21
187,7
187,54
187,49
187,75
187,42
187,43
187,83
187,105
187,44
187,73
187,76
187,76
187,89
187,77
187,78
187,18
187,22
187,26
188,16
188,4
188,26
188,22
188,69
188,26
188,26
188,78
188,12
188,94
188,51
188,33
188,27
188,73
188,71
188,50
188,23
188,132
188,57
188,73
188,62
188,58
188,22
188,28
189,28
189,29
189,30
189,31
189,32
189,33
189,34
189,35
189,36
190,12
190,22
190,3
190,23
190,26
190,4
190,103
190,97
190,12
190,36
190,93
190,14
190,100
190,66
190,22
190,29
190,31
190,37
191,37
191,38
191,24
191,23
191,39
191,40
191,41
191,42
191,43
191,44
191,45
192,12
192,22
192,103
192,26
192,107
192,15
192,62
192,73
192,71
192,106
192,53
192,110
192,23
192,22
192,45
193,12
193,4
193,90
193,14
193,33
193,80
193,23
193,24
193,66
193,12
194,16
194,38
194,26
194,22
194,71
194,111
194,4
194,14
194,42
194,100
194,26
194,55
194,66
194,50
194,115
195,16
195,4
195,36
195,61
195,27
195,38
195,31
195,24
195,26
195,50
195,85
195,57
195,99
195,41
195,115
195,23
195,26
195,55
195,27
195,100
195,116
195,68
195,104
195,71
195,117
195,14
195,49
195,86
195,47
195,84
195,118
195,59
195,33
195,119
195,42
195,17
195,120
195,75
195,74
195,76
195,113
195,42
195,89
196,112
196,89
196,90
196,53
196,47
196,71
196,100
196,22
196,31
196,28
196,17
196,13
196,91
196,92
196,23
196,55
196,89
196,50
196,22
197,22
197,142
197,50
197,23
197,24
197,25
198,12
198,25
198,4
198,26
198,104
198,33
198,87
198,23
198,37
198,28
198,22
198,23
198,115
198,24
198,94
198,26
198,22
198,15
198,47
198,94
198,51
198,56
198,115
199,26
199,16
199,68
199,32
199,4
199,115
199,103
199,147
199,94
199,23
199,120
199,89
199,23
199,28
199,97
199,116
199,12
199,117
199,17
199,118
199,77
199,70
199,69
200,16
200,36
200,26
200,23
200,22
200,69
200,25
200,55
200,61
200,39
200,31
200,33
200,4
200,31
200,23
200,27
200,50
200,70
200,71
200,15
200,24
200,106
200,12
201,16
201,27
201,31
201,36
201,58
201,111
201,24
201,12
201,27
201,13
201,25
201,14
201,18
201,15
201,61
201,22
201,61
201,54
201,16
201,12
201,29
201,22
201,33
202,16
202,26
202,4
202,22
202,61
202,21
202,33
202,55
202,68
202,116
202,77
202,33
202,100
202,94
202,15
202,60
203,112
203,4
203,57
203,25
203,56
203,49
203,26
203,46
203,71
203,33
203,66
203,12
203,54
204,68
204,54
204,55
204,56
204,64
204,57
204,58
204,17
204,115
204,21
204,45
204,51
204,59
204,60
204,61
204,62
204,28
204,33
204,70
204,35
204,69
205,113
205,16
205,85
205,38
205,69
205,50
205,4
205,26
205,66
205,71
205,60
205,33
205,39
205,13
205,37
205,101
205,102
205,55
205,12
205,68
205,38
205,70
205,95
205,71
205,72
205,73
206,16
206,85
206,38
206,24
206,73
206,21
206,23
206,60
206,69
206,115
206,39
206,14
206,42
206,73
206,20
206,66
206,71
206,50
206,33
206,108
206,15
206,69
206,70
207,16
207,56
207,4
207,26
207,60
207,50
207,113
207,113
207,64
207,33
207,93
207,71
207,57
207,103
207,56
207,70
207,52
207,106
207,24
207,15
207,21
207,71
207,100
207,56
208,23
208,16
208,4
208,18
208,22
208,28
208,26
208,56
208,21
208,73
208,57
208,66
208,50
208,22
208,33
208,104
208,94
208,12
208,55
208,22
209,16
209,22
209,4
209,26
209,26
209,40
209,22
209,23
209,68
209,60
209,61
209,23
209,22
209,69
210,16
210,69
210,22
210,70
210,71
210,26
210,72
210,57
210,71
210,33
210,21
210,73
210,59
210,74
210,75
210,76
210,14
210,77
210,78
210,79
210,69
210,81
210,44
210,82
210,42
210,83
210,43
210,84
210,47
210,23
210,85
210,86
210,50
210,87
210,8
210,31
210,26
210,26
210,33
210,68
210,88
210,38
210,89
210,90
210,61
210,54
210,50
210,24
210,55
210,15
210,91
210,92
210,93
211,16
211,85
211,18
211,33
211,26
211,60
211,26
211,4
211,93
211,111
211,94
211,55
211,45
211,44
211,112
211,62
211,42
211,71
211,50
211,12
211,112
211,69
211,45
211,33
211,40
211,94
212,16
212,94
212,22
212,95
212,8
212,96
212,22
212,40
212,66
212,23
212,45
212,64
212,15
212,31
213,16
213,31
213,28
213,52
213,73
213,4
213,94
213,12
213,25
213,26
213,40
213,53
213,115
213,32
213,102
213,23
213,33
213,34
213,33
213,35
213,57
213,69
213,104
213,23
213,116
213,98
213,36
214,51
214,68
214,16
214,57
214,36
214,36
214,37
214,23
214,38
214,39
214,42
214,40
215,4
215,57
215,16
215,106
215,40
215,12
215,94
215,41
215,127
215,42
215,69
216,16
216,4
216,22
216,61
216,26
216,107
216,116
216,77
216,33
216,22
216,33
216,55
216,68
216,60
216,69
216,100
216,51
216,69
217,4
217,69
217,42
217,23
217,41
217,23
217,70
217,71
217,29
217,72
217,73
217,74
217,75
217,23
217,15
217,12
217,33
217,68
217,22
217,55
218,16
218,18
218,4
218,26
218,50
218,8
218,22
218,17
218,61
218,55
218,102
218,23
218,12
218,56
218,57
218,103
218,29
218,57
218,105
218,115
218,127
218,14
218,26
218,15
218,128
218,130
218,71
218,131
218,112
218,57
218,30
218,58
218,138
218,52
218,21
218,59
218,59
218,62
218,113
218,60
218,61
218,13
219,16
219,4
219,113
219,22
219,28
219,8
219,94
219,23
219,21
219,14
219,13
219,26
219,103
219,45
219,52
219,33
219,57
219,50
219,138
219,21
219,52
219,24
219,12
219,13
219,66
219,131
219,43
219,71
219,132
219,129
219,128
219,50
219,22
219,45
219,31
219,44
219,100
219,23
219,38
219,14
219,15
219,55
220,12
220,113
220,4
220,56
220,90
220,55
220,56
220,33
220,57
220,23
220,72
220,116
220,51
220,57
220,57
220,115
220,43
220,68
221,12
221,23
221,22
221,4
221,94
221,7
221,26
221,103
221,97
221,55
221,33
221,71
221,12
221,29
221,53
221,51
221,115
221,68
222,16
222,22
222,4
222,93
222,27
222,38
222,30
222,29
222,35
222,45
222,115
222,103
222,97
222,45
222,93
222,29
222,136
222,68
222,55
222,12
222,31
222,33
223,113
223,4
223,126
223,33
223,12
223,71
223,62
223,69
223,22
223,69
223,34
223,51
223,99
223,72
223,51
223,73
223,55
223,93
223,55
223,125
223,70
223,35
223,36
223,69
223,40
223,12
223,68
223,17
224,22
224,25
224,22
224,22
224,135
224,33
224,21
224,14
224,100
224,17
224,18
224,77
224,19
224,13
224,22
224,12
224,22
224,55
225,12
225,4
225,6
225,58
225,55
225,15
225,78
225,85
225,38
225,23
225,37
225,103
225,97
225,14
225,28
225,7
225,24
225,55
225,140
225,40
225,13
225,22
225,55
225,98
225,53
226,16
226,61
226,13
226,4
226,94
226,16
226,41
226,60
226,90
226,53
226,100
226,22
226,26
226,70
226,74
226,75
226,15
226,54
227,12
227,4
227,24
227,120
227,93
227,16
227,57
227,61
227,54
227,17
227,98
227,52
227,138
227,21
227,18
227,58
227,102
227,26
227,50
227,105
227,12
227,51
227,90
227,106
227,127
227,107
227,53
227,8
227,29
227,34
227,98
227,97
227,106
227,71
227,30
227,92
227,77
227,55
227,112
227,15
227,69
227,70
228,16
228,4
228,24
228,41
228,90
228,22
228,8
228,16
228,25
228,98
228,17
228,57
228,61
228,26
228,23
228,102
228,58
228,53
228,105
228,50
228,73
228,71
228,15
228,26
228,104
228,108
228,14
228,68
228,70
228,36
228,86
228,111
228,71
228,72
228,73
228,74
228,55
228,73
228,39
228,13
228,21
228,75
228,76
228,74
228,123
228,142
228,52
228,138
228,140
228,139
228,59
229,16
229,59
229,4
229,117
229,22
229,26
229,14
229,79
229,60
229,61
229,62
229,63
229,26
229,64
229,65
229,69
229,66
229,118
229,50
229,37
229,87
229,98
229,94
229,55
229,22
229,67
230,23
230,31
230,23
230,3
230,22
230,58
230,28
230,67
230,2
230,36
230,115
230,24
230,68
230,39
230,50
230,120
230,22
230,15
230,31
231,12
231,3
231,78
231,23
231,24
231,4
231,2
231,66
231,13
231,14
231,31
231,51
231,115
231,12
231,81
232,4
232,90
232,33
232,80
232,23
232,24
232,66
232,12
233,24
233,61
233,112
233,17
233,15
233,71
233,42
233,43
233,44
233,45
233,4
233,90
233,100
233,98
233,17
233,26
233,49
233,21
233,50
233,22
233,15
233,12
233,115
233,113
233,60
233,54
233,23
233,87
233,53
233,55
234,12
234,28
234,61
234,90
234,50
234,55
234,67
234,56
234,60
234,68
234,115
234,57
234,94
234,97
234,53
234,58
234,62
234,59
234,33
234,23
234,45
234,107
234,22
234,70
234,33
234,69
234,34
235,12
235,33
235,98
235,4
235,50
235,142
235,46
235,8
235,70
235,109
235,34
235,28
235,13
235,21
235,35
235,50
235,36
235,75
235,15
235,23
235,37
235,45
235,94
235,12
235,22
235,54
238,95
238,13
238,36
238,38
238,89
238,67
238,64
238,96
238,54
238,55
238,56
238,104
238,12
238,22
238,101
238,13
238,26
239,16
239,4
239,47
239,18
239,22
239,136
239,23
239,12
239,94
239,26
239,46
239,27
239,43
239,28
239,102
239,22
240,22
240,16
240,65
240,4
240,16
240,98
240,57
240,27
240,26
240,17
240,71
240,17
240,33
240,12
240,107
240,15
240,94
240,23
240,109
240,28
240,23
240,14
240,112
240,50
240,8
240,89
240,90
240,24
240,61
240,28
240,109
240,111
240,25
240,37
240,26
240,26
240,73
240,81
240,68
240,60
240,50
240,27
240,42
240,42
240,120
240,21
240,70
240,72
240,28
240,38
240,29
240,69
240,24
240,63
240,138
240,30
240,108
240,31
240,82
240,50
240,54
240,83
240,43
240,44
241,16
241,44
241,4
241,57
241,17
241,45
241,33
241,85
241,27
241,21
241,93
241,90
241,14
241,58
241,60
241,23
241,22
241,55
241,22
241,46
242,12
242,8
242,2
242,29
242,57
242,54
242,107
242,136
242,20
242,92
243,16
243,18
243,92
243,41
243,22
243,61
243,51
243,49
243,21
243,104
243,93
243,13
243,28
243,17
243,29
243,22
243,33
243,55
243,68
243,94
244,12
244,15
244,22
244,35
244,23
244,31
244,30
244,24
244,62
244,94
244,95
244,4
244,24
244,96
244,51
244,56
244,26
244,57
244,12
244,96
244,97
244,96
244,78
244,98
244,99
244,99
244,100
244,104
244,19
244,101
244,95
244,102
244,29
244,35
244,29
244,42
244,103
244,43
244,28
244,23
244,33
244,14
244,21
244,94
244,104
245,12
245,38
245,104
245,28
245,67
245,40
245,44
245,42
245,83
245,43
245,57
245,32
245,54
245,26
245,57
245,31
245,33
245,15
245,105
245,22
246,16
246,24
246,120
246,56
246,97
246,98
246,57
246,4
246,22
246,43
246,102
246,23
246,57
246,62
246,131
246,128
246,24
246,25
246,29
246,26
246,27
246,21
246,28
246,29
246,97
246,30
246,96
246,31
246,32
246,33
246,49
246,51
246,55
246,71
246,34
246,35
246,68
246,30
246,26
246,116
246,36
246,37
246,98
246,96
246,38
246,126
246,73
246,120
246,39
246,40
246,52
246,104
246,49
246,8
246,66
246,55
246,22
246,66
246,12
247,112
247,4
247,26
247,24
247,22
247,25
247,67
247,19
247,78
247,67
247,14
247,12
247,21
247,13
247,140
247,141
247,142
247,26
247,50
247,38
247,14
247,15
247,22
247,55
247,22
247,66
247,12
247,94
248,12
248,94
248,4
248,53
248,17
248,99
248,90
248,63
248,95
248,46
248,64
248,100
248,96
248,56
248,57
248,58
248,64
248,47
248,26
248,74
248,48
248,59
248,60
248,103
248,28
248,50
248,12
248,97
248,39
248,23
248,22
248,66
248,98
248,99
248,22
249,16
249,135
249,23
249,4
249,50
249,49
249,47
249,22
249,57
249,23
249,23
249,33
249,14
249,15
249,71
249,34
249,29
249,12
249,24
249,29
249,25
249,26
249,27
249,28
249,51
249,16
249,21
249,61
249,23
249,12
249,69
249,33
250,16
250,113
250,103
250,52
250,4
250,73
250,25
250,94
250,50
250,22
250,51
250,23
250,53
250,33
250,44
250,34
250,115
250,25
250,73
250,35
250,36
250,57
250,37
250,128
250,131
250,93
250,69
250,40
250,38
250,12
250,66
250,22
251,12
251,26
251,22
251,4
251,33
251,57
251,23
251,69
251,23
251,22
251,96
251,40
251,100
251,94
251,12
251,22
251,66
252,16
252,36
252,58
252,27
252,61
252,31
252,136
252,4
252,28
252,22
252,66
252,23
252,60
252,41
252,67
252,50
252,86
252,68
252,26
252,19
252,15
252,22
252,32
252,93
252,69
253,16
253,56
253,4
253,57
253,71
253,26
253,58
253,50
253,59
253,26
253,60
253,12
253,61
253,52
253,15
253,23
253,33
253,55
254,12
254,38
254,4
254,71
254,68
254,64
254,31
254,89
254,55
254,55
254,12
254,46
254,22
254,56
254,53
254,70
254,57
254,53
254,58
254,59
254,21
254,116
254,60
254,29
254,115
254,33
256,16
256,4
256,16
256,36
256,71
256,94
256,28
256,98
256,73
256,95
256,66
256,67
256,128
256,131
256,112
256,111
256,89
256,105
256,106
256,26
256,18
256,23
256,13
256,50
256,33
256,68
256,42
256,42
256,52
256,26
256,55
257,16
257,22
257,15
257,67
257,58
257,50
257,71
257,26
257,61
257,23
257,98
257,55
257,86
257,14
257,13
257,12
257,22
257,26
257,56
258,16
258,57
258,85
258,26
258,38
258,26
258,25
258,40
258,50
258,67
258,56
258,12
258,73
258,55
258,68
258,15
258,35
258,36
258,95
258,57
259,12
259,4
259,16
259,17
259,22
259,28
259,98
259,33
259,12
259,22
259,23
259,13
259,93
259,15
259,39
259,106
259,92
259,91
260,112
260,4
260,91
260,8
260,56
260,58
260,42
260,33
260,26
260,22
260,15
260,33
260,14
260,115
261,26
261,12
261,103
261,115
261,8
261,116
261,4
261,117
261,118
261,119
261,96
261,40
261,23
261,100
261,12
261,46
262,46
262,97
262,47
262,48
262,49
262,73
262,50
262,51
262,52
262,74
262,113
262,115
262,113
262,53
262,34
262,54
262,55
262,56
262,54
262,31
262,105
262,57
262,58
262,59
262,60
262,61
263,23
263,15
263,4
263,136
263,57
263,22
263,24
263,70
263,26
264,16
264,4
264,24
264,26
264,24
264,38
264,17
264,41
264,22
264,26
264,26
264,142
264,32
264,15
264,53
264,95
264,96
264,21
264,123
264,139
264,140
264,59
264,74
265,55
265,90
265,16
265,98
265,41
265,113
265,109
265,52
265,16
265,38
265,74
265,26
265,22
265,23
265,101
265,103
265,51
266,44
266,112
266,111
266,15
266,17
266,66
266,12
266,13
266,23
266,18
266,33
266,22
266,61
266,72
266,98
266,15
266,22
267,12
267,75
267,68
267,33
267,22
267,23
267,12
267,22
267,66
267,13
267,24
267,50
267,21
268,16
268,18
268,22
268,115
268,4
268,61
268,21
268,100
268,106
268,60
268,22
268,38
268,12
269,30
269,71
269,12
269,34
269,23
269,47
269,90
269,13
269,28
269,14
269,115
269,66
269,22
270,22
270,57
270,4
270,22
270,36
270,23
270,49
270,53
270,12
270,31
270,52
270,113
270,40
270,95
270,90
270,7
270,38
270,49
270,37
270,21
270,66
270,69
270,116
270,24
270,25
270,26
270,27
270,53
270,28
270,34
270,35
270,33
270,28
270,69
271,23
271,93
271,4
271,53
271,103
271,26
271,97
271,136
271,40
271,22
271,66
271,30
271,12
271,116
271,49
271,94
271,80
271,62
271,94
271,29
271,69
271,102
271,21
271,117
271,68
271,43
271,15
271,69
272,69
272,78
272,24
272,49
272,25
272,22
272,103
272,97
272,114
272,38
272,27
272,26
273,112
273,15
273,4
273,26
273,24
273,144
273,94
273,22
273,33
273,113
273,22
273,26
273,66
273,68
273,26
273,95
273,106
273,8
273,14
273,12
273,27
273,28
273,29
273,30
273,31
273,78
273,28
273,32
273,94
273,33
273,69
274,12
274,28
274,15
274,22
274,35
274,23
274,103
274,72
274,59
274,27
274,69
274,70
274,71
274,29
274,72
274,27
274,73
274,74
274,75
274,76
274,77
274,78
274,79
274,80
274,81
274,82
274,16
274,83
274,84
274,26
274,14
274,120
274,23
274,136
274,33
274,66
274,22
274,85
275,60
275,4
275,93
275,28
275,68
275,85
275,8
275,16
275,100
275,71
275,93
275,26
275,33
275,23
275,66
275,53
276,49
276,72
276,92
276,77
276,55
276,12
276,12
276,28
276,22
276,56
276,53
276,73
276,29
276,67
276,29
276,22
276,60
276,112
276,72
276,65
277,72
277,64
277,29
277,72
277,59
277,65
277,60
277,64
277,38
277,35
277,72
277,55
277,7
277,69
277,106
277,28
277,63
277,49
277,66
277,22
277,12
278,50
278,12
278,69
278,33
278,60
278,67
278,71
278,118
278,22
278,138
278,33
278,70
278,24
278,141
278,21
278,139
278,22
278,4
278,123
278,27
278,22
278,26
278,23
278,140
278,16
278,52
279,51
279,28
279,97
279,56
279,62
279,95
279,56
279,63
279,65
279,31
279,115
279,17
279,112
279,22
279,22
279,70
280,12
280,61
280,70
280,4
280,107
280,90
280,49
280,23
280,71
280,36
280,51
280,69
280,28
280,33
281,23
281,4
281,45
281,60
281,53
281,24
281,41
281,25
281,29
281,26
281,21
281,7
281,27
281,29
281,12
281,107
281,22
282,36
282,16
282,28
282,22
282,27
282,93
282,15
282,94
282,24
282,33
282,24
282,40
283,12
283,4
283,40
283,135
283,85
283,2
283,93
283,22
283,22
283,12
283,55
283,29
283,39
283,64
283,50
283,29
283,41
283,42
283,80
283,50
283,39
283,95
283,46
283,45
283,43
283,44
283,31
283,45
283,15
283,21
283,46
283,47
283,136
283,22
283,32
283,52
283,67
283,56
283,57
284,25
284,4
284,119
284,59
284,29
284,12
284,66
284,23
284,8
284,56
284,50
284,26
284,94
284,53
284,23
284,55
284,95
284,22
285,16
285,143
285,67
285,22
285,26
285,28
286,16
286,16
286,94
286,28
286,29
286,116
286,23
286,32
286,117
286,73
286,138
286,21
286,50
286,111
286,102
286,96
286,75
286,74
286,59
286,41
286,132
286,57
286,71
287,16
287,26
287,90
287,3
287,17
287,2
287,22
287,60
287,23
287,26
287,93
287,49
287,51
287,52
287,53
287,54
288,14
288,40
288,73
288,4
288,82
288,83
288,44
288,54
288,50
288,71
288,38
288,8
288,55
288,56
288,57
288,39
288,49
288,58
288,21
288,24
288,40
288,71
288,89
288,59
288,55
289,55
289,55
289,56
289,57
289,56
289,26
289,58
289,14
289,16
289,61
289,37
289,70
289,59
289,60
289,95
289,101
289,4
289,61
289,43
289,38
289,24
289,62
289,63
289,45
289,108
289,50
289,31
289,42
289,39
289,37
289,64
289,17
289,65
289,41
289,57
289,33
289,22
289,66
289,17
289,67
289,68
289,69
289,56
289,70
289,15
289,100
289,8
289,33
289,71
289,42
289,29
289,72
289,73
289,12
289,16
289,74
289,15
289,75
289,56
289,76
289,77
289,78
290,4
290,60
290,23
290,57
290,71
290,33
290,26
290,46
290,78
290,22
290,79
291,22
291,26
291,12
291,40
291,79
292,12
292,50
292,14
292,79
292,80
292,13
293,12
293,14
293,21
293,13
293,14
293,15
293,26
294,12
294,50
294,138
294,24
294,26
294,27
294,45
294,107
294,73
294,28
294,37
294,73
295,12
295,50
295,38
295,73
295,21
295,24
295,69
295,4
295,26
295,68
295,18
295,13
295,60
296,4
296,23
296,38
296,76
296,21
296,18
296,66
296,22
296,13
296,69
296,73
296,12
296,74
297,69
297,22
297,71
297,105
297,15
297,28
297,122
297,42
297,50
297,83
297,12
297,115
297,21
297,45
297,89
297,74
297,13
297,60
297,23
297,38
298,12
298,8
298,38
298,56
298,24
298,89
298,71
298,43
298,44
298,90
298,39
298,57
298,40
298,49
298,50
298,22
298,96
298,41
298,33
298,12
298,98
298,38
298,54
298,23
298,55
299,12
299,40
299,4
299,50
299,6
299,55
299,55
299,109
299,72
299,111
299,25
299,22
299,13
299,56
299,23
299,15
300,22
300,40
300,17
300,15
300,42
300,68
300,16
300,42
300,17
300,24
300,14
300,53
300,48
300,104
300,45
300,22
300,23
300,31
301,16
301,4
301,104
301,46
301,94
301,94
301,68
301,50
301,31
301,42
301,32
301,29
301,22
301,73
301,121
301,12
301,71
301,66
301,79
301,70
301,100
301,7
301,23
301,29
302,16
302,33
302,4
302,29
302,30
302,21
302,141
302,74
302,76
302,27
302,29
302,46
302,30
302,16
302,60
302,15
302,45
302,136
302,22
303,55
303,91
303,74
303,71
303,45
303,22
303,23
303,98
303,24
303,55
303,70
303,75
303,25
303,26
303,15
303,16
304,12
304,28
304,16
304,107
304,17
304,17
304,22
304,32
304,40
304,21
304,36
304,18
304,15
304,52
304,105
305,23
305,105
305,106
305,107
305,108
305,40
305,23
305,109
305,45
305,110
305,111
305,112
305,113
305,114
305,115
306,22
306,61
306,106
306,60
306,16
306,22
306,22
306,73
306,12
306,64
306,115
306,21
306,107
306,116
306,73
306,144
306,117
306,15
306,50
306,62
306,33
307,34
307,50
307,45
307,28
307,12
307,119
307,136
307,33
307,34
307,73
307,35
307,36
307,26
308,12
308,55
308,25
308,71
308,26
308,76
308,27
308,16
308,50
308,14
308,29
308,69
308,138
308,45
308,107
308,23
309,12
309,4
309,25
309,71
309,16
309,26
309,40
309,115
309,98
309,14
309,22
309,50
309,55
309,23
309,69
309,138
309,29
309,45
309,107
309,23
309,32
309,67
309,24
310,23
310,33
310,55
310,69
310,107
310,27
310,138
310,24
310,14
310,98
310,4
310,12
310,67
310,28
310,71
310,45
311,12
311,136
311,108
311,110
311,21
311,45
311,22
311,15
312,16
312,23
312,50
312,60
312,118
312,15
312,138
312,52
312,142
312,139
312,16
312,105
312,17
312,22
313,119
313,22
313,4
314,4
314,28
314,23
314,15
314,4
314,43
314,5
315,16
315,5
315,64
315,73
315,94
315,51
315,138
315,45
315,107
315,94
316,28
316,34
316,94
316,95
316,22
316,136
316,28
316,18
317,18
317,19
317,20
317,67
317,4
317,21
317,22
317,28
317,12
317,23
317,24
317,22
317,55
318,23
318,55
318,4
318,26
318,36
318,26
318,114
318,56
318,22
318,55
319,57
319,64
319,12
319,115
319,23
319,4
319,37
319,99
319,55
319,27
319,22
319,66
319,21
320,50
320,21
320,40
320,71
320,16
320,98
320,136
320,95
320,55
320,32
320,18
320,26
321,16
321,4
321,136
321,119
321,120
321,32
321,26
321,45
321,107
321,22
322,115
322,22
322,73
322,144
322,22
322,15
322,136
322,116
322,12
322,73
322,16
322,107
322,64
322,41
322,50
322,62
322,117
322,33
322,60
322,71
323,12
323,4
323,28
323,39
323,14
323,22
323,60
323,107
323,76
323,24
323,24
323,54
323,32
323,71
323,116
323,73
323,21
323,22
323,55
323,20
323,91
324,23
324,37
324,91
324,92
324,36
324,93
325,93
325,94
325,95
325,4
325,136
325,96
325,25
325,97
325,41
325,98
325,22
325,99
325,90
325,100
325,23
328,23
328,34
328,28
328,23
328,50
328,26
328,14
328,24
328,21
328,22
328,55
328,42
328,105
328,12
328,118
328,33
329,4
329,32
329,55
329,33
329,44
329,58
329,34
329,119
329,65
329,23
329,35
330,33
330,15
330,55
330,39
330,4
330,45
330,60
330,71
330,28
330,23
330,45
330,16
331,12
331,8
331,136
331,23
331,93
332,12
332,56
332,28
332,22
332,93
332,93
332,94
332,15
332,22
332,95
332,96
332,97
332,13
332,98
332,45
332,107
333,107
333,62
333,28
333,55
333,4
333,14
333,22
333,31
333,94
333,51
333,100
333,16
335,107
335,136
335,4
335,16
335,17
335,59
335,103
335,18
335,64
335,19
335,36
335,27
335,22
336,12
336,89
336,4
336,95
336,136
336,90
336,41
336,22
336,14
336,15
336,26
336,23
336,68
336,26
336,79
336,12
336,22
336,24
336,107
336,23
336,25
336,26
336,27
336,99
336,32
336,66
336,69
336,28
336,29
337,89
337,4
337,50
337,95
337,136
337,90
337,41
337,22
337,98
337,14
337,15
337,26
337,60
337,23
337,68
337,12
337,50
337,24
337,47
337,23
337,26
337,27
337,99
337,32
337,57
337,54
337,29
337,66
337,69
337,29
338,21
338,12
338,90
338,99
338,23
338,27
338,12
338,68
338,24
338,15
338,26
338,14
338,4
338,50
338,69
338,79
338,47
338,50
338,32
338,26
338,31
338,23
338,22
338,26
338,57
338,89
338,28
338,22
338,29
338,107
338,25
339,12
339,89
339,4
339,50
339,95
339,136
339,90
339,41
339,22
339,98
339,14
339,21
339,23
339,68
339,26
339,79
339,22
339,50
339,24
339,47
339,107
339,23
339,25
339,99
339,32
339,57
339,54
339,29
339,66
339,69
339,15
339,28
339,22
340,12
340,4
340,50
340,95
340,136
340,90
340,41
340,98
340,14
340,15
340,60
340,21
340,23
340,68
340,26
340,79
340,31
340,22
340,50
340,24
340,29
340,47
340,107
340,23
340,99
340,32
340,57
340,54
340,29
340,66
340,69
340,15
340,28
340,29
340,22
341,58
341,86
341,45
341,22
341,52
341,25
341,145
341,23
341,98
341,55
341,23
341,61
341,38
341,56
341,21
341,71
341,24
341,54
341,33
341,62
341,25
341,26
341,59
341,28
341,121
341,71
341,17
341,27
342,112
342,4
342,27
342,8
342,23
342,57
342,94
342,28
342,29
342,30
342,33
342,28
342,34
342,21
342,94
342,98
342,31
342,42
342,32
342,54
342,50
342,90
342,45
342,15
342,50
342,33
342,41
342,60
342,38
342,67
342,68
342,34
342,23
342,35
342,22
342,22
343,50
343,47
343,19
343,22
343,23
343,121
343,73
343,26
343,45
343,107
343,82
343,91
343,42
343,44
343,92
343,43
343,23
343,40
343,28
343,21
343,39
343,51
343,33
343,64
343,66
343,4
344,16
344,98
344,50
344,4
344,5
344,96
344,6
344,56
344,26
344,21
344,7
344,8
344,54
344,55
344,33
344,106
344,50
344,9
344,67
344,24
344,10
345,16
345,33
345,86
345,8
345,10
345,11
345,12
345,38
345,13
345,14
345,25
345,4
345,28
345,55
345,50
345,93
345,47
345,25
345,33
345,37
345,68
345,33
345,40
345,58
345,84
345,14
346,40
346,52
346,102
346,41
346,2196
346,3383
346,169
346,10
346,3405
346,982
346,508
346,498
346,1382
346,1383
346,308
346,312
346,1354
346,1397
346,21
346,1521
346,993
346,9
346,455
347,8
347,23
347,26
347,14
347,39
347,17
347,12
347,29
347,15
348,45
348,23
348,15
348,33
348,15
348,8
348,22
348,29
348,16
349,123
349,55
349,23
349,59
349,13
349,50
349,8
349,95
349,71
349,76
349,142
349,138
349,15
349,29
349,12
349,141
349,16
349,17
349,75
349,74
349,4
349,52
349,60
349,32
349,22
349,16
351,47
351,23
351,55
351,26
351,45
351,23
351,16
351,17
351,71
351,33
351,8
351,45
351,18
351,59
351,112
351,21
351,16
351,19
351,34
351,28
351,17
351,73
351,20
351,86
351,50
351,12
351,98
351,4
351,21
351,38
352,33
352,24
352,22
352,73
352,8
352,38
352,73
352,4
352,94
352,12
352,24
352,29
352,45
352,28
352,94
352,26
352,71
353,16
353,50
353,33
353,73
353,138
353,32
353,71
353,58
353,61
353,14
353,55
353,66
353,140
353,145
353,115
353,59
353,75
353,45
353,23
354,128
354,86
354,61
354,116
354,45
354,23
354,92
354,32
354,55
354,112
354,97
354,57
354,24
354,12
354,52
354,39
354,117
354,59
354,50
354,29
354,13
354,28
354,131
354,14
354,28
354,71
354,25
354,26
354,44
354,4
354,94
354,114
354,27
354,60
354,33
354,142
354,73
354,25
354,138
354,43
354,54
355,54
355,28
355,26
355,56
355,26
355,115
355,33
355,63
355,56
355,55
355,56
355,16
355,69
355,4
355,22
355,151
355,93
355,90
355,32
355,95
355,41
355,93
355,57
355,66
355,58
355,32
355,94
355,62
355,59
355,125
355,55
355,136
355,59
355,60
357,50
357,60
357,98
357,61
357,96
357,98
357,62
357,36
357,11
357,63
357,107
357,60
357,64
357,79
357,65
357,94
357,66
357,51
357,67
357,68
357,86
357,61
357,90
357,69
357,70
357,22
357,71
357,72
357,32
357,40
357,84
357,18
357,73
357,74
357,89
357,22
357,49
357,47
357,69
358,12
358,69
358,93
358,70
358,71
358,67
358,4
358,50
358,65
358,61
358,72
358,73
358,74
358,49
358,39
358,75
358,33
358,26
358,76
358,31
358,77
358,78
358,29
358,30
358,115
358,79
358,66
358,39
358,47
358,15
358,80
359,4
359,69
359,38
359,113
359,98
359,50
359,76
359,22
359,23
359,80
359,17
359,59
359,81
359,29
359,113
359,82
359,65
359,83
359,84
359,85
359,56
359,34
359,70
359,115
359,29
359,57
359,43
359,86
359,87
359,49
359,15
360,33
360,14
360,8
360,4
360,38
360,46
360,68
360,15
360,26
360,51
360,16
360,16
360,66
360,64
360,55
360,17
360,35
360,29
360,18
360,34
360,30
360,140
360,141
360,26
360,104
360,21
360,138
360,142
360,139
360,52
360,123
360,31
360,40
360,94
360,120
360,23
360,39
360,35
360,24
360,40
360,71
360,25
360,53
360,22
360,50
360,82
360,43
360,19
360,20
360,22
360,43
360,115
360,57
360,21
360,97
360,39
360,95
361,70
361,95
361,96
361,97
361,50
361,50
361,98
361,100
361,17
361,45
361,66
361,99
361,33
361,22
361,25
361,69
361,100
361,101
361,52
361,57
362,112
362,50
362,72
362,17
362,95
362,41
362,23
362,33
362,96
362,22
362,44
362,12
362,66
363,4
363,53
363,50
363,8
363,60
363,19
363,66
363,48
363,23
363,26
363,23
363,24
363,33
363,26
363,22
363,67
363,95
363,115
363,12
363,58
363,55
363,44
363,22
363,105
363,36
363,68
364,23
364,33
364,50
364,68
364,71
364,121
364,21
364,26
364,131
364,43
364,128
364,51
364,45
364,44
364,52
364,62
364,69
364,38
364,56
364,28
364,66
364,113
364,89
364,14
364,120
364,70
364,71
364,70
364,53
364,24
364,75
364,74
364,23
365,12
365,4
365,23
365,33
365,136
365,47
365,21
365,71
365,26
365,42
365,24
365,13
365,28
365,45
365,69
365,15
366,94
366,95
366,4
366,93
366,15
366,136
366,58
366,54
366,97
366,41
366,45
366,15
366,56
366,22
366,23
366,55
366,50
366,28
366,16
366,37
366,17
366,82
366,42
366,105
366,44
366,83
366,66
366,28
366,33
366,64
366,18
366,19
366,68
366,20
366,27
367,27
367,41
367,26
367,28
367,115
367,61
367,29
367,74
367,45
367,98
367,70
367,4
367,55
367,30
367,31
367,97
367,71
367,28
367,42
367,50
367,32
367,113
367,33
367,40
367,34
367,27
367,35
368,16
368,4
368,35
368,38
368,33
368,52
368,23
368,124
368,94
368,29
368,28
368,40
368,21
368,66
368,66
368,85
369,56
369,130
369,54
369,42
369,55
369,89
369,50
369,128
369,98
369,59
369,71
369,40
369,4
369,85
369,133
369,61
369,132
369,113
369,16
369,45
369,38
369,70
369,121
370,12
370,17
370,121
370,122
370,22
370,136
370,33
370,45
370,32
370,107
370,123
370,14
370,26
370,68
370,124
370,125
370,115
370,30
371,16
371,30
371,31
371,4
371,54
371,32
371,38
371,33
371,33
371,8
371,123
371,29
371,15
371,68
371,34
371,71
371,35
371,69
371,13
371,86
372,12
372,92
372,23
372,39
372,4
372,20
372,22
372,55
372,66
372,22
372,45
373,45
373,46
373,47
373,59
373,14
373,48
373,49
373,97
373,5
373,115
373,55
373,61
373,24
373,71
373,50
373,51
373,33
373,22
373,74
374,29
374,15
374,15
374,58
374,22
374,73
374,73
374,86
374,16
374,81
374,68
374,105
374,74
374,21
374,4
374,55
374,16
374,13
374,107
374,94
374,22
374,71
374,75
374,8
374,26
374,76
374,40
374,77
374,45
374,40
374,22
375,38
375,66
375,31
375,22
375,115
375,22
375,14
375,61
375,49
375,8
375,4
375,23
375,50
375,91
375,24
375,95
375,12
375,60
375,57
375,71
375,55
376,16
376,8
376,91
376,31
376,76
376,55
376,56
376,57
376,60
376,14
376,58
376,24
376,59
376,60
376,61
376,79
376,55
376,57
376,22
376,49
376,62
376,61
376,22
376,12
376,66
376,95
376,31
376,61
377,59
377,34
377,120
377,62
377,8
377,50
377,22
377,68
377,24
377,120
377,58
377,113
377,33
377,55
377,61
377,55
378,18
378,55
378,63
378,56
378,70
378,57
378,58
378,52
378,59
378,52
378,100
378,55
379,95
379,55
379,33
379,22
379,4
379,30
379,106
379,15
379,16
379,16
379,55
379,12
379,12
380,22
380,76
380,38
380,33
380,12
380,27
380,29
380,13
380,95
380,14
380,15
380,71
380,12
381,105
381,12
381,37
381,108
381,138
381,92
381,36
381,23
381,110
381,114
381,13
381,14
381,15
381,16
381,22
381,55
382,12
382,4
382,28
382,33
382,50
382,21
382,26
382,123
382,42
382,55
382,55
382,45
382,22
382,22
382,23
382,93
383,93
383,4
383,50
383,35
383,107
383,12
383,39
383,94
383,21
383,22
383,95
383,15
383,54
383,107
383,14
383,13
383,96
383,97
383,22
383,55
383,91
384,23
384,23
384,106
384,16
384,28
384,114
384,91
384,115
384,92
384,93
384,14
384,22
384,57
385,16
385,4
385,86
385,26
385,23
385,14
385,16
385,39
385,73
385,55
385,55
385,28
385,23
385,69
385,60
385,15
385,59
385,60
385,57
385,27
385,58
385,46
385,59
385,60
385,24
385,61
386,56
386,12
386,61
386,62
386,63
386,64
386,93
387,14
387,105
387,115
387,22
387,54
387,93
387,45
387,94
387,95
387,58
387,55
387,96
387,4
387,97
387,16
387,85
387,24
387,26
387,23
387,98
387,47
387,99
387,57
387,60
387,34
387,100
389,16
389,38
389,100
389,45
389,27
389,26
389,100
389,104
389,23
389,66
389,22
389,12
389,94
390,94
390,27
390,25
390,28
390,66
390,23
390,72
390,95
390,115
390,22
390,12
390,8
390,96
390,22
390,97
390,16
390,66
390,98
390,23
390,24
390,96
390,50
390,66
391,16
391,50
391,4
391,113
391,8
391,21
391,128
391,73
391,23
391,60
391,71
391,12
392,12
392,50
392,95
392,28
392,33
392,22
392,60
392,107
392,27
392,37
392,54
392,22
392,32
392,96
392,111
392,12
392,38
392,22
392,15
392,55
392,93
393,12
393,18
393,19
393,93
393,33
393,67
393,4
393,94
393,21
393,22
393,28
393,12
393,23
393,24
393,55
394,12
394,50
394,4
394,95
394,28
394,14
394,33
394,22
394,60
394,24
394,115
394,32
394,54
394,22
394,32
394,16
394,55
394,96
394,21
394,22
394,15
394,93
394,91
395,25
395,69
395,22
395,30
395,91
395,66
395,115
395,92
395,53
395,15
395,56
395,35
395,93
395,29
395,50
395,52
395,122
395,94
395,95
395,38
395,89
395,96
395,126
395,97
395,33
395,69
395,115
395,44
395,105
396,4
396,105
396,8
396,61
396,25
396,66
396,61
396,94
396,29
396,106
396,92
396,91
397,86
397,71
397,16
397,89
397,29
397,91
397,61
397,51
397,28
397,92
397,76
397,27
397,26
397,50
397,93
397,83
397,115
397,76
397,4
397,40
397,14
397,15
397,16
397,73
397,75
397,113
397,33
397,44
399,16
399,8
399,98
399,7
399,44
399,45
399,33
399,72
399,46
399,47
399,36
399,50
399,48
399,68
399,94
399,49
399,104
399,50
399,51
399,21
399,22
399,52
399,38
399,57
399,61
399,60
399,51
399,29
399,23
399,25
399,52
399,28
400,16
400,95
400,8
400,23
400,28
400,19
400,29
400,21
400,30
400,104
400,31
400,32
400,42
400,57
400,33
400,28
400,4
400,34
400,33
400,35
400,36
400,89
400,37
400,38
400,100
400,45
400,107
400,23
400,15
400,39
400,40
401,68
401,33
401,21
401,14
401,29
401,40
401,16
401,23
401,71
401,4
401,40
401,23
401,29
401,22
402,22
402,14
402,34
402,128
402,66
402,22
402,15
402,26
402,8
402,69
402,27
402,100
402,23
402,33
402,24
402,115
402,58
402,25
402,50
402,26
402,4
402,60
402,107
402,31
402,27
402,35
403,12
403,33
403,28
403,50
403,12
403,4
403,29
403,27
403,26
403,25
403,22
403,35
403,98
403,21
403,36
403,21
403,30
403,37
403,46
403,25
403,125
403,43
403,42
403,38
403,16
403,123
403,54
404,33
404,28
404,22
404,16
404,54
405,12
405,113
405,4
405,50
405,54
405,119
405,60
405,54
405,13
405,55
405,23
405,40
406,12
406,50
406,40
406,41
406,93
406,57
406,136
406,14
406,81
406,13
406,62
406,45
406,22
407,12
407,136
407,29
407,22
407,27
407,14
407,33
407,95
407,27
407,61
407,54
407,31
407,22
407,22
407,55
407,25
407,85
408,16
408,50
408,85
408,32
408,65
408,98
408,86
408,87
408,74
408,88
408,89
408,90
408,31
408,91
408,92
408,93
408,94
408,29
408,45
408,90
408,63
408,95
408,41
408,57
408,96
408,97
408,31
408,98
408,65
408,99
408,107
408,22
408,49
408,69
409,8
409,13
409,94
409,24
409,55
409,69
409,12
409,51
409,104
409,14
411,115
411,29
411,4
411,16
411,66
411,33
411,30
411,131
411,50
411,43
411,55
411,128
411,27
411,8
411,47
411,86
411,45
411,21
411,53
411,22
411,56
411,42
411,84
411,132
411,68
411,39
411,14
411,61
411,94
411,44
411,15
411,55
411,124
411,45
411,24
411,12
411,117
411,71
411,62
411,16
411,116
412,117
412,4
412,12
412,94
412,13
412,26
412,101
412,22
412,115
412,55
412,8
412,116
412,68
413,12
413,138
413,102
413,68
414,12
414,68
414,14
414,46
414,4
414,69
414,21
414,70
414,40
414,38
414,7
414,29
414,69
414,64
414,63
414,55
414,56
414,65
414,67
414,72
414,53
414,29
415,26
415,29
415,22
415,16
415,24
415,95
415,43
415,57
415,4
415,23
415,12
415,23
415,55
415,29
415,120
415,131
415,30
415,56
415,128
415,118
415,22
415,44
415,50
415,45
415,31
415,28
415,115
416,12
416,17
416,115
416,90
416,41
416,33
416,71
416,21
416,15
416,116
416,7
416,142
416,100
416,142
416,35
416,140
416,31
416,8
416,141
416,12
416,23
416,23
416,50
416,22
416,18
416,117
416,38
416,66
416,12
416,94
416,56
416,70
416,56
416,34
416,33
416,69
417,12
417,50
417,69
417,42
417,24
417,70
417,71
417,115
417,21
417,33
418,12
418,4
418,73
418,42
418,16
418,43
418,13
418,96
418,28
418,45
418,94
418,128
418,131
418,24
418,29
418,103
418,104
418,98
418,50
418,61
418,13
418,54
418,44
418,43
418,120
418,50
418,65
418,23
418,7
418,94
418,57
418,12
418,96
418,62
419,16
419,25
419,71
419,28
419,39
419,89
419,45
419,69
419,98
419,22
419,70
419,56
419,62
419,63
419,64
419,135
419,65
419,55
419,21
419,33
419,59
420,16
420,4
420,86
420,113
420,57
420,71
420,70
420,71
420,28
420,69
420,45
420,49
420,61
420,13
420,54
420,14
420,41
420,60
420,98
420,15
420,59
420,21
420,53
420,50
420,62
420,65
420,64
420,63
420,55
420,70
420,59
421,26
422,4
422,32
422,4
422,21
422,50
422,79
422,78
422,80
422,76
422,26
422,28
422,33
422,54
422,23
422,30
422,7
422,29
422,38
422,55
422,22
424,86
424,50
424,4
424,28
424,16
424,71
424,60
424,141
424,29
424,89
424,15
424,14
424,27
424,131
424,90
424,61
424,104
424,43
424,42
424,45
424,44
424,70
424,120
424,65
424,71
424,57
424,17
424,70
424,16
424,73
426,50
426,37
426,33
426,119
426,72
426,73
426,74
426,75
426,76
426,65
426,77
426,67
426,78
426,79
426,74
426,115
426,4
426,68
426,27
426,21
426,17
426,23
426,55
426,33
426,29
426,66
426,23
426,22
426,12
426,61
426,80
426,94
426,54
426,50
426,97
426,93
426,51
426,28
426,22
427,22
427,113
427,23
427,24
427,47
427,27
427,45
427,131
427,128
427,25
427,26
427,27
427,44
427,102
427,16
427,21
427,50
428,98
428,24
428,8
428,74
428,46
428,50
428,29
428,51
428,79
428,95
428,37
428,52
428,53
428,54
428,32
428,65
428,50
428,55
428,17
428,56
428,70
428,57
428,57
428,4
428,30
428,52
428,58
428,38
428,8
428,70
428,54
428,7
428,7
428,5
428,45
428,61
428,59
428,21
428,95
428,100
428,60
428,61
428,25
428,62
428,23
428,63
428,26
428,94
428,93
428,15
428,29
428,49
429,27
429,22
429,21
429,49
429,118
429,50
429,55
429,51
429,59
429,4
429,98
429,26
429,52
429,17
429,8
429,101
429,71
429,53
429,12
429,115
429,31
429,16
430,16
430,8
430,33
430,4
430,31
430,58
430,57
430,53
430,16
430,21
430,139
430,116
430,73
430,53
430,38
430,42
430,54
430,43
430,50
430,17
430,18
430,43
430,111
430,67
430,44
430,120
430,100
430,115
430,50
430,49
430,55
430,68
430,38
430,19
430,98
430,66
430,26
430,23
430,22
430,45
430,22
431,22
431,25
431,69
431,71
431,22
431,86
431,33
431,8
431,7
431,32
431,23
431,5
431,24
431,24
431,52
431,78
431,93
431,32
431,25
431,4
431,26
431,55
431,27
431,29
431,50
431,15
431,59
431,69
431,55
431,28
431,29
431,113
431,21
431,89
431,70
432,12
432,4
432,33
432,23
432,38
432,16
432,26
432,70
432,51
432,12
432,22
432,66
432,22
432,39
433,16
433,44
433,55
433,62
433,8
433,33
433,7
433,24
433,39
433,46
433,40
433,41
433,26
433,22
433,28
433,56
433,33
433,42
433,13
433,89
433,68
433,43
433,44
433,45
434,21
434,45
434,68
434,50
434,26
434,49
434,29
434,23
434,53
436,86
436,4
436,55
436,94
436,17
436,28
436,19
436,8
436,55
436,128
436,53
436,22
436,131
436,14
436,138
436,52
436,21
437,4
437,34
437,69
437,21
437,22
437,14
437,120
437,23
437,24
437,25
437,55
437,22
437,16
438,14
438,57
438,4
438,17
438,24
438,23
438,7
438,24
438,24
438,16
438,17
438,120
440,94
440,120
440,99
440,115
440,121
440,4
440,86
440,12
442,16
442,50
442,34
442,38
442,70
442,56
442,12
442,120
442,138
442,29
442,33
442,13
442,49
442,45
442,59
442,55
442,117
442,71
442,58
442,22
442,93
442,70
442,69
443,86
443,61
443,28
443,33
443,105
443,18
443,62
443,69
443,70
443,40
443,68
443,100
443,15
443,24
443,29
443,71
443,72
443,28
443,73
443,10
443,30
443,74
443,75
443,76
443,77
443,78
443,5
443,22
443,79
443,115
443,93
443,80
443,34
444,8
444,4
444,76
444,50
444,17
444,60
444,113
444,61
444,14
444,33
444,13
444,32
444,138
444,38
444,34
444,27
444,55
444,59
444,35
444,20
444,66
444,123
444,8
444,54
444,36
445,12
445,126
445,113
445,68
445,36
445,8
445,37
445,38
445,39
445,8
445,98
445,40
445,32
445,41
445,42
445,76
445,93
445,43
445,40
445,105
445,44
445,115
445,26
445,57
445,19
445,23
445,45
445,53
445,98
445,33
445,71
445,38
445,74
445,29
445,45
445,76
445,46
445,50
445,26
445,61
445,12
445,22
445,33
446,86
446,39
446,66
446,24
446,93
446,36
446,58
446,115
446,71
446,61
446,128
446,33
446,68
446,33
446,8
446,43
446,16
446,33
446,55
446,131
446,45
447,8
447,45
447,68
447,46
447,50
447,58
447,47
447,48
447,22
447,61
447,28
447,21
447,55
447,33
447,49
447,34
447,15
447,4
447,50
447,55
447,50
447,111
447,31
447,26
447,48
447,45
447,66
447,51
447,52
448,40
448,49
448,26
448,47
448,21
448,4
448,8
448,55
448,22
448,16
448,15
448,94
448,115
448,61
449,12
449,4
449,71
449,25
449,8
449,60
449,14
449,123
449,25
449,61
449,34
449,40
449,60
449,62
449,80
449,50
449,12
449,51
449,38
449,26
449,66
449,22
450,12
450,4
450,99
450,38
450,28
450,22
450,21
450,29
450,56
450,33
450,98
450,24
450,35
450,115
450,22
451,16
451,52
451,4
451,50
451,27
451,101
451,31
451,21
451,115
451,53
451,59
451,40
451,71
451,17
451,49
451,118
451,23
451,55
451,22
451,66
451,12
451,22
452,69
452,45
452,70
452,22
452,22
452,31
452,63
452,23
452,22
452,29
452,37
452,57
452,41
452,53
452,69
452,4
452,61
452,15
452,59
452,58
452,33
452,74
452,34
452,94
452,108
452,100
452,24
452,53
452,56
452,15
452,33
452,97
452,93
452,56
452,33
452,41
452,13
453,25
453,13
453,104
453,14
453,33
453,50
453,98
453,15
453,51
453,16
453,23
453,29
453,115
453,51
453,5
453,78
453,89
453,45
453,22
453,17
453,22
453,28
453,69
453,115
453,32
453,86
453,56
453,18
453,19
453,20
453,29
453,100
453,98
453,7
453,21
453,22
455,12
455,26
455,28
455,4
455,113
455,120
455,38
455,22
455,56
455,45
455,96
455,22
455,100
455,14
455,22
455,66
455,69
455,59
455,56
455,28
456,33
456,4
456,74
456,28
456,69
456,21
456,94
456,28
456,29
456,56
456,24
456,113
456,96
456,33
456,12
456,23
456,38
456,97
456,35
456,34
456,22
457,26
457,93
457,47
457,21
457,96
457,22
457,23
457,50
457,24
457,23
457,33
457,115
457,22
457,4
457,57
457,100
457,42
457,54
459,12
459,46
459,99
459,50
459,4
459,42
459,96
459,47
459,26
459,24
459,54
459,22
459,98
459,54
459,115
459,23
459,55
459,22
460,16
460,22
460,8
460,7
460,44
460,45
460,72
460,46
460,47
460,4
460,48
460,94
460,63
460,49
460,104
460,50
460,51
460,22
460,52
460,38
460,57
460,45
460,60
460,51
460,25
460,29
460,23
460,25
460,28
460,138
460,38
461,12
461,33
461,33
461,50
461,8
461,38
461,31
461,86
461,26
461,30
461,46
461,39
461,16
461,71
461,53
461,55
461,70
461,75
461,40
461,41
461,42
461,43
461,57
461,71
461,44
461,22
461,55
461,13
461,95
461,70
461,45
461,45
461,24
462,16
462,33
462,4
462,98
462,38
462,50
462,55
462,27
462,24
462,33
462,94
462,25
462,49
462,26
462,58
462,68
462,55
462,22
463,33
463,113
463,38
463,26
463,56
463,98
463,53
463,50
463,22
463,120
463,23
463,12
463,33
463,68
463,55
463,22
463,23
464,62
464,12
464,86
464,98
464,39
464,4
464,18
464,40
464,22
464,39
464,69
464,67
464,70
464,31
464,34
464,68
464,136
464,34
464,28
464,75
464,56
464,47
464,23
464,93
465,93
465,31
465,33
465,98
465,70
465,29
465,136
465,33
465,28
465,99
465,4
465,39
465,18
465,39
465,34
465,75
465,23
465,28
465,70
465,56
465,34
467,8
467,78
467,84
467,22
467,81
467,69
467,34
467,77
467,35
467,70
467,12
467,51
467,40
467,33
467,50
467,22
467,71
467,16
467,85
467,40
467,4
468,68
468,33
468,138
468,14
468,53
468,29
468,40
468,16
468,23
468,16
468,71
468,4
468,23
468,29
469,12
469,29
469,30
469,31
469,17
469,21
469,32
469,33
469,16
469,55
469,33
469,12
469,29
469,38
469,50
469,23
469,22
470,16
470,4
470,71
470,50
470,98
470,107
470,22
470,60
470,17
470,108
470,22
470,135
470,100
470,16
470,93
470,15
470,24
470,21
470,23
470,73
471,136
471,4
471,100
471,63
471,52
471,50
471,64
471,46
471,82
471,55
471,69
471,59
471,53
471,65
471,67
471,60
471,44
471,72
471,115
471,50
471,66
471,55
471,25
471,22
471,55
472,16
472,8
472,38
472,55
472,4
472,53
472,56
472,94
472,57
472,92
472,58
472,29
472,17
472,66
472,115
472,73
472,17
472,59
472,23
472,23
473,112
473,23
473,37
473,71
473,126
473,24
473,53
473,106
473,118
473,51
473,25
473,26
473,50
473,139
473,27
473,115
473,32
473,53
473,31
473,28
473,117
473,55
473,84
473,69
474,16
474,4
474,21
474,14
474,66
474,42
474,30
474,69
474,79
474,42
474,23
474,94
474,70
474,30
474,71
474,72
474,73
474,74
474,75
474,105
474,26
474,29
474,76
474,7
474,106
474,23
474,115
474,33
474,22
474,93
474,15
474,22
474,66
474,77
474,78
474,57
474,79
474,40
475,16
475,8
475,14
475,40
475,41
475,4
475,61
475,42
475,43
475,65
475,28
475,44
475,45
475,34
475,30
475,120
475,46
475,47
475,48
475,28
475,49
475,55
475,17
475,42
475,51
475,70
475,23
475,57
475,15
475,74
475,50
475,35
475,100
475,115
475,23
475,22
475,66
477,97
477,71
477,33
477,104
477,66
477,23
477,26
477,55
477,33
477,67
477,53
477,13
477,68
477,28
477,12
477,12
477,26
477,69
477,94
478,54
478,73
478,50
478,94
478,33
478,14
478,8
478,4
478,22
478,104
478,12
479,15
479,28
479,21
479,55
479,76
479,52
479,12
479,145
479,22
479,24
479,31
479,4
479,141
479,136
479,59
479,93
479,56
479,58
479,17
479,50
479,13
479,12
480,69
480,33
480,4
480,151
480,25
480,21
480,62
480,25
481,13
481,28
481,55
481,25
481,138
481,18
481,50
481,14
481,22
481,26
481,22
481,8
481,22
481,40
481,27
481,37
481,100
481,94
481,7
481,115
482,16
482,8
482,98
482,50
482,38
482,4
482,26
482,70
482,40
482,42
482,115
482,41
482,24
482,27
482,116
482,45
482,24
482,26
482,58
482,23
482,111
482,58
482,61
482,71
482,33
482,56
482,51
482,117
482,71
482,12
482,43
482,22
482,47
482,61
482,22
482,66
483,4
483,66
483,67
483,68
483,69
483,42
483,38
483,35
483,100
483,60
483,55
483,57
483,50
483,38
483,58
483,22
483,94
483,15
484,12
484,15
484,38
484,33
484,4
484,94
484,21
484,16
484,95
484,59
484,23
484,12
484,22
484,55
484,22
486,8
486,22
486,22
486,121
486,50
486,94
486,68
486,74
486,55
486,70
486,21
486,42
486,4
486,24
486,120
486,50
486,46
486,74
486,57
486,23
486,23
486,93
486,28
486,70
486,34
486,33
486,33
486,24
487,16
487,53
487,71
487,108
487,132
487,98
487,61
487,50
487,55
487,26
487,116
487,13
487,111
487,35
487,29
487,23
487,24
487,33
487,14
487,60
487,138
487,24
487,30
488,34
488,30
488,26
488,24
488,23
488,57
488,56
488,111
488,128
488,25
488,67
488,131
488,88
488,103
488,102
488,102
488,104
488,43
488,44
488,42
488,14
488,21
489,12
489,50
489,4
489,42
489,21
489,22
489,16
489,46
489,23
489,44
489,69
489,48
489,24
489,53
489,40
489,71
489,50
489,28
489,23
489,38
489,47
489,61
489,81
489,22
489,98
489,45
489,66
490,12
490,4
490,55
490,38
490,96
490,60
490,66
490,21
490,22
490,18
490,55
490,34
490,67
491,20
491,37
491,85
491,94
491,14
491,67
491,24
491,31
491,13
491,28
492,28
492,16
492,74
492,56
492,29
492,57
492,89
492,101
492,26
492,94
492,47
492,13
492,49
492,28
492,115
492,113
492,24
492,30
492,29
492,33
492,33
492,44
492,33
492,8
492,17
492,96
492,126
493,69
493,42
493,21
493,126
493,138
493,109
493,127
493,53
493,139
493,140
493,95
493,120
493,16
493,70
493,66
493,73
493,33
493,103
493,50
493,38
493,132
493,142
493,68
493,128
493,70
493,71
493,25
493,129
493,64
493,62
493,141
493,14
493,130
493,74
493,30
493,33
493,23
493,89
493,52
493,123
494,23
494,50
494,4
494,33
494,14
494,138
494,123
494,54
494,22
494,23
494,104
494,67
494,52
494,55
494,33
494,123
494,139
494,141
494,142
494,124
494,40
495,4
495,38
495,55
495,69
495,40
495,49
495,65
495,52
495,30
495,58
495,41
495,42
495,31
495,39
495,23
495,12
496,16
496,8
496,28
496,126
496,30
496,142
496,50
496,60
496,17
496,14
496,13
496,55
496,61
496,55
496,25
496,34
496,94
496,24
496,21
496,138
496,129
496,76
496,59
496,12
496,97
496,57
496,48
496,23
496,25
496,53
496,52
496,140
496,142
500,142
500,32
500,113
500,96
500,143
500,98
500,134
500,115
500,144
500,24
500,28
500,53
500,145
500,24
500,60
500,146
500,38
500,4
500,147
500,22
501,112
501,68
501,26
501,4
501,99
501,31
501,22
501,91
501,74
501,115
501,21
501,52
501,69
501,23
501,93
501,70
501,24
501,56
501,23
501,33
501,29
501,22
502,112
502,38
502,33
502,98
502,22
502,40
502,22
502,33
502,12
502,98
502,24
502,35
502,115
502,22
503,55
503,16
503,4
503,15
503,41
503,100
503,74
503,22
503,94
503,22
503,23
503,98
503,94
503,55
503,62
503,126
504,22
504,33
504,15
504,71
504,94
504,26
504,48
504,45
504,23
504,13
504,15
504,22
504,4
504,29
504,60
504,30
504,12
504,46
504,39
504,42
504,42
504,16
504,123
505,68
505,25
505,113
505,26
505,115
505,123
505,116
505,124
505,72
506,72
506,73
506,93
506,27
506,104
506,68
506,94
506,47
506,22
506,53
506,50
506,55
506,62
506,74
506,100
506,68
506,33
507,22
507,33
507,21
507,15
507,4
507,34
507,12
507,24
507,14
507,25
507,35
507,29
507,36
507,44
507,94
507,141
507,98
507,60
507,16
507,50
507,31
507,60
507,37
507,38
507,40
507,39
507,61
507,74
507,49
507,93
508,93
508,94
508,95
508,96
508,28
508,117
508,97
508,98
509,12
509,15
509,4
509,38
509,8
509,21
509,42
509,98
509,60
509,40
509,146
509,38
509,23
509,57
509,12
509,69
509,16
509,40
509,66
509,51
509,22
509,48
509,99
509,22
510,43
510,31
510,22
510,16
510,94
510,100
510,21
510,68
510,34
510,45
510,46
510,12
510,35
510,70
510,56
510,23
510,24
510,33
510,26
510,33
510,22
511,8
511,4
511,16
511,40
511,50
511,66
511,24
511,23
511,121
511,74
511,68
511,48
511,42
511,71
511,33
512,112
512,26
512,4
512,8
512,33
512,61
512,22
512,25
512,55
512,51
512,69
512,21
512,56
512,55
512,63
512,33
512,53
512,12
512,58
512,59
512,29
512,22
512,45
512,30
512,34
512,121
512,55
512,34
512,30
512,116
512,52
512,28
513,113
513,25
513,16
513,33
513,28
513,29
513,55
513,4
513,90
513,100
513,85
513,31
513,100
513,56
513,22
513,30
513,17
513,13
513,45
513,31
513,32
513,123
513,52
513,26
513,99
513,87
514,16
514,8
514,50
514,71
514,4
514,113
514,38
514,87
514,108
514,23
514,28
514,55
514,29
514,100
514,15
514,49
514,52
514,64
514,46
514,70
514,21
514,59
514,55
514,59
514,53
514,65
514,67
514,60
514,24
514,25
514,56
514,67
514,33
514,86
514,40
514,116
514,58
514,16
514,84
514,115
514,113
514,32
514,68
514,88
514,42
514,68
514,134
514,97
514,89
514,59
514,45
514,25
514,114
515,16
515,50
515,71
515,33
515,55
515,109
515,134
515,56
515,128
515,70
515,25
515,21
515,55
515,68
515,14
515,38
515,89
515,58
515,17
515,40
515,61
515,55
515,29
515,114
515,115
515,42
515,56
515,37
515,39
515,54
515,97
515,22
515,114
515,74
515,27
515,45
515,23
516,61
516,29
516,93
516,93
516,115
516,28
516,40
516,68
516,17
517,12
517,99
517,4
517,38
517,22
517,59
517,25
517,97
517,24
517,21
517,69
517,49
517,12
517,31
517,27
518,16
518,4
518,71
518,14
518,27
518,47
518,30
518,28
518,56
518,29
518,52
518,29
518,21
518,138
518,7
518,44
518,112
518,68
518,56
518,53
518,30
518,15
518,93
519,93
519,43
519,60
519,59
519,71
519,29
519,21
519,28
519,93
519,94
519,95
519,8
519,16
519,96
519,101
519,31
519,73
519,62
519,22
519,45
519,50
519,40
520,40
520,41
520,21
520,14
520,42
520,23
520,30
520,105
520,136
520,26
520,43
520,22
520,15
520,50
521,16
521,38
521,76
521,50
521,51
521,73
521,38
521,49
521,16
521,52
521,115
521,35
521,8
521,68
521,33
521,4
521,30
522,12
522,4
522,50
522,138
522,142
522,140
522,40
522,30
522,12
522,71
523,12
523,101
523,31
523,22
523,22
523,23
524,12
524,21
524,23
524,101
524,24
524,22
525,12
525,14
525,17
525,138
525,93
525,20
525,107
525,22
525,105
525,23
525,28
525,66
525,22
525,22
526,69
526,16
526,53
526,37
526,56
526,70
526,34
526,16
526,100
526,22
526,93
526,104
526,22
526,4
526,24
526,20
526,33
526,33
526,26
526,15
526,26
526,66
526,23
528,25
528,4
528,28
528,98
528,25
528,96
528,104
528,40
528,68
528,26
528,23
528,13
528,68
528,33
528,34
528,28
528,38
528,70
528,8
528,74
528,61
528,41
528,56
528,12
528,22
528,29
528,22
528,93
529,32
529,28
529,23
529,93
529,61
529,4
529,8
529,33
529,33
529,91
529,31
529,29
529,45
529,40
529,27
529,25
529,138
530,24
530,138
530,76
530,139
530,55
530,57
530,95
530,39
530,28
530,12
530,140
530,23
530,41
530,21
530,22
530,8
530,141
530,55
530,120
530,69
530,74
530,29
530,112
530,4
531,23
531,16
531,4
531,33
531,71
531,121
531,103
531,4
531,126
531,5
531,69
531,70
531,138
531,26
531,50
531,61
531,6
531,40
531,66
531,53
531,55
531,14
531,28
531,89
531,70
531,71
531,70
531,42
531,45
531,93
532,16
532,86
532,50
532,4
532,8
532,71
532,33
532,128
532,70
532,25
532,71
532,34
532,21
532,17
532,18
532,73
532,32
532,142
532,72
532,93
532,47
532,94
532,89
532,70
532,113
532,49
532,95
532,61
532,55
532,13
532,29
532,26
532,35
532,27
532,50
532,56
532,42
532,96
532,97
532,27
532,42
532,30
532,34
532,98
532,38
532,74
532,27
532,98
532,99
532,23
532,15
532,93
533,16
533,4
533,33
533,50
533,55
533,71
533,28
533,28
533,68
533,56
533,109
533,23
533,14
533,115
533,89
533,113
533,61
533,23
533,8
533,55
533,123
533,29
533,42
533,66
533,56
533,21
533,132
533,129
533,42
533,53
533,140
533,115
533,52
533,123
533,138
533,142
534,16
534,55
534,28
534,4
534,71
534,16
534,71
534,113
534,60
534,61
534,13
534,13
534,142
534,55
534,93
534,29
534,21
534,50
534,68
534,102
534,138
534,140
534,141
534,52
534,143
534,42
534,144
534,31
534,17
534,142
534,123
534,45
534,16
534,63
534,70
534,55
534,67
534,65
534,69
535,123
535,22
535,54
535,33
535,8
535,41
535,126
535,113
535,33
535,52
535,26
535,22
535,100
535,16
535,68
538,12
538,8
538,68
538,7
538,21
538,36
538,22
538,15
539,15
539,132
539,21
539,120
539,16
539,17
539,36
539,22
539,32
539,18
539,23
540,16
540,28
540,39
540,15
540,132
540,33
540,52
540,32
540,18
540,23
540,15
541,16
541,98
541,71
541,28
541,39
541,89
541,45
541,69
541,98
541,53
541,15
541,22
541,70
541,56
541,50
541,62
541,63
541,64
541,65
541,33
541,16
543,138
543,12
543,4
543,136
543,95
543,27
543,16
543,32
543,14
543,100
543,100
543,61
545,16
545,33
545,113
545,78
545,4
545,26
545,68
545,29
545,27
545,23
545,30
545,60
545,55
546,55
546,60
546,58
546,38
546,8
546,94
546,29
546,33
546,28
546,21
546,71
547,12
547,4
547,56
547,37
547,96
547,106
547,71
547,41
547,26
547,72
547,62
547,113
547,53
547,23
547,17
547,73
547,21
547,32
547,67
547,74
547,75
547,95
547,89
547,55
547,115
547,23
547,76
547,31
547,23
547,34
547,69
547,70
548,12
548,8
548,4
548,113
548,94
548,68
548,17
548,70
548,26
548,29
548,21
548,115
548,23
548,12
548,121
548,85
548,21
548,24
548,72
548,11
548,43
548,69
548,31
548,56
548,54
548,32
548,70
548,34
548,33
550,15
550,12
550,67
550,94
550,33
550,47
550,61
550,55
550,50
550,100
550,78
550,28
550,33
550,29
550,89
550,52
550,19
550,66
550,69
550,54
550,26
550,60
550,42
550,46
550,22
550,34
550,68
550,39
550,42
550,35
550,49
550,23
550,70
550,36
550,54
550,16
550,62
550,15
550,98
550,78
550,105
550,72
550,37
550,16
550,45
550,22
550,68
550,37
550,33
550,54
551,16
551,38
551,33
551,50
551,54
551,71
551,45
551,74
551,24
551,13
551,55
551,115
551,66
552,12
552,38
552,17
552,50
552,72
552,58
552,66
552,8
552,28
552,117
552,7
552,120
552,50
552,29
552,67
552,68
552,69
552,115
552,70
552,12
552,49
552,55
552,63
552,71
552,94
552,72
552,67
552,23
552,69
552,96
552,73
552,65
553,12
553,33
553,96
553,23
553,65
553,66
553,67
553,71
553,68
553,69
553,21
553,68
553,70
553,36
553,17
553,45
553,71
553,39
553,53
553,98
553,69
553,23
553,54
553,8
553,57
553,72
553,25
553,40
553,23
553,24
553,67
553,68
553,22
553,22
555,4
555,55
555,67
555,16
555,22
555,50
555,23
555,96
555,24
555,32
556,16
556,4
556,138
556,32
558,112
558,4
558,136
558,24
558,74
558,28
558,21
558,28
558,29
558,56
558,24
558,113
558,96
558,12
558,23
558,38
558,35
558,34
558,22
560,16
560,55
560,33
560,4
560,71
560,38
560,45
560,23
560,22
560,26
560,21
560,55
560,89
560,15
560,12
560,29
560,22
560,115
561,16
561,65
561,4
561,115
561,94
561,116
561,117
561,100
561,23
561,118
561,26
561,119
561,120
561,121
561,78
561,79
561,24
561,80
561,26
561,72
561,67
561,97
561,122
561,16
561,39
561,105
561,123
561,54
561,21
561,68
561,50
561,23
561,62
561,55
561,33
561,5
561,15
561,22
561,66
563,113
563,39
563,22
563,66
563,119
563,63
563,89
563,69
563,136
563,67
563,68
563,69
563,4
563,12
563,70
563,76
563,56
563,71
563,69
563,59
563,56
563,34
563,33
563,72
563,70
563,73
563,74
563,33
563,22
563,22
563,55
563,67
563,45
564,4
564,136
564,39
564,45
564,8
564,54
564,71
564,40
564,50
564,21
564,93
564,28
564,99
564,46
564,69
564,47
564,31
564,48
564,57
564,12
564,44
564,125
564,49
564,62
564,59
566,41
566,47
566,16
566,66
566,61
566,12
566,4
566,27
567,16
567,102
567,28
567,96
567,27
567,50
567,40
567,28
567,89
567,6
567,101
567,71
567,108
567,53
567,14
567,16
567,77
567,17
567,60
567,29
567,73
567,79
567,108
567,80
567,112
567,77
567,37
567,29
567,56
567,15
567,92
567,121
568,121
568,27
568,36
568,21
568,50
568,136
568,33
568,124
568,27
568,16
568,62
568,37
568,28
568,45
568,26
571,23
571,94
571,112
571,8
571,45
571,42
571,23
571,15
571,62
571,33
571,124
571,22
572,12
572,71
572,23
572,113
572,4
572,111
572,119
572,8
572,17
572,138
572,21
572,26
572,22
572,23
572,95
572,24
572,28
572,25
572,26
572,42
572,17
572,58
572,121
572,27
572,28
572,23
572,126
572,29
572,35
572,47
572,30
572,70
572,68
572,31
572,72
572,56
572,66
572,40
572,23
572,22
572,50
572,142
572,12
572,53
573,12
573,4
573,138
573,23
573,101
573,96
573,40
573,22
573,40
573,40
573,121
573,66
573,53
574,29
574,62
574,49
574,113
574,46
574,80
574,118
574,15
574,91
574,16
574,100
574,97
574,53
574,22
574,29
574,119
574,30
574,68
574,22
574,7
574,12
574,24
574,54
574,16
574,33
574,98
574,68
574,39
574,23
574,48
574,55
574,33
574,68
574,95
574,66
574,53
574,33
574,34
574,65
574,4
574,29
574,56
574,42
574,27
574,121
574,116
574,26
574,56
574,79
574,57
574,58
574,56
574,47
574,72
574,94
574,5
574,62
574,94
574,78
574,100
574,93
574,40
574,28
574,70
574,50
574,117
574,59
575,16
575,98
575,8
575,29
575,76
575,59
575,32
575,60
575,4
575,94
575,58
575,116
575,117
575,94
575,100
575,23
575,48
575,118
575,26
575,120
575,121
575,97
575,101
575,61
575,55
575,33
575,109
575,114
575,62
575,63
575,24
575,16
575,19
575,68
575,89
575,72
575,64
575,75
575,100
575,56
575,65
575,69
575,24
575,50
575,28
575,54
575,104
575,66
575,115
575,67
575,22
575,33
575,57
575,50
575,62
575,74
575,123
575,7
575,94
575,15
575,69
575,70
575,33
575,34
575,22
575,68
576,12
576,68
576,4
576,94
576,89
576,66
576,69
576,23
576,115
576,69
576,21
576,66
576,68
576,70
576,28
577,145
577,8
577,4
577,54
577,69
577,28
577,38
577,17
577,29
577,30
577,94
577,14
577,69
577,49
577,31
577,32
577,64
577,23
577,126
577,24
577,29
577,33
577,25
577,72
577,73
577,68
577,38
577,114
577,92
577,115
577,17
577,101
577,66
577,31
577,33
577,34
577,48
577,35
577,22
577,61
577,40
577,50
577,125
577,22
577,94
577,66
577,84
577,22
577,56
577,57
577,69
577,33
577,56
577,70
578,42
578,50
578,33
578,14
578,33
578,16
578,71
578,113
578,105
578,109
578,118
578,56
578,47
578,131
578,44
578,38
578,4
578,61
578,55
578,29
578,13
578,123
578,42
578,42
578,115
578,33
578,100
578,117
578,51
578,70
578,31
578,45
578,23
578,15
579,15
579,16
579,43
579,4
579,26
579,26
579,17
579,18
579,93
579,59
579,22
580,112
580,50
580,22
580,54
580,24
580,21
580,24
580,125
580,67
580,22
580,45
580,55
580,23
580,94
582,26
582,17
582,4
582,29
582,42
582,94
582,24
582,23
582,82
582,43
582,66
582,44
582,115
582,48
582,53
582,33
582,69
582,74
582,20
582,40
582,53
582,68
582,66
582,22
583,12
583,28
583,22
583,4
583,28
583,94
583,14
583,33
583,13
583,96
583,51
584,4
584,38
584,8
584,118
584,47
584,36
584,28
584,14
584,55
584,13
584,23
585,12
585,73
585,136
585,4
585,33
585,33
585,45
585,23
585,13
585,140
585,142
585,138
585,145
585,141
585,52
585,22
585,71
585,36
585,15
585,41
585,42
585,47
585,117
585,48
585,8
585,58
585,132
585,12
585,22
585,66
585,46
586,16
586,33
586,50
586,71
586,117
586,128
586,45
586,68
586,43
586,44
586,141
586,52
586,138
586,140
586,123
586,73
586,69
586,70
587,16
587,55
587,38
587,8
587,118
587,14
587,55
587,15
587,29
587,23
587,13
587,12
587,21
587,24
587,115
588,12
588,31
588,27
588,55
588,115
588,14
588,21
588,96
588,17
588,116
588,139
588,140
588,141
588,117
588,33
588,60
588,118
588,22
588,15
588,71
589,16
589,4
589,136
589,45
589,39
589,95
589,52
589,40
589,23
589,71
590,115
590,91
590,95
590,123
590,4
590,71
590,72
590,22
590,39
590,16
590,22
591,12
591,8
591,18
591,55
591,22
591,21
591,29
592,29
592,100
592,105
592,29
592,30
592,55
592,22
592,46
592,27
592,30
592,31
592,23
592,50
592,12
592,32
592,33
592,33
593,112
593,4
593,25
593,125
593,135
593,111
593,26
593,33
593,45
593,66
593,23
593,74
593,12
594,12
594,13
594,14
594,12
594,46
594,31
594,23
594,22
594,15
594,16
594,17
594,112
594,18
594,19
594,20
594,31
594,12
594,32
594,21
594,135
595,4
595,28
595,38
595,58
595,26
595,50
595,59
595,55
596,99
596,23
596,62
596,33
596,55
596,21
596,94
596,94
596,124
596,66
596,12
596,22
597,23
597,8
597,71
597,46
597,50
597,86
597,22
597,13
597,15
597,4
597,21
597,29
598,12
598,4
598,21
598,120
598,30
598,141
598,123
598,14
598,77
598,93
598,23
598,22
598,12
599,12
599,4
599,136
599,73
599,16
599,94
599,95
599,29
599,22
599,51
599,13
599,12
599,14
599,38
599,21
599,139
599,140
599,52
599,138
599,141
599,55
600,12
600,56
600,108
600,28
600,13
600,15
600,55
600,56
600,23
600,27
600,4
600,69
600,45
600,14
600,57
600,71
600,28
600,58
600,21
600,59
600,60
600,61
600,58
600,84
601,12
601,29
601,106
601,46
601,47
601,48
601,30
601,49
601,16
601,38
601,62
601,33
601,14
601,22
601,21
601,22
601,55
602,16
602,64
602,4
602,47
602,14
602,7
602,30
602,94
602,94
602,15
602,55
602,56
602,67
602,93
602,33
602,65
602,57
602,26
602,21
602,31
602,58
602,59
602,60
602,60
602,8
602,22
603,50
603,4
603,26
603,14
603,58
603,28
603,22
603,23
603,13
603,136
603,50
603,22
603,73
603,113
603,59
603,89
603,55
603,61
603,50
603,42
603,75
603,44
603,83
603,43
603,105
603,28
603,88
603,91
604,16
604,86
604,4
604,8
604,85
604,14
604,59
604,73
604,24
604,78
604,74
604,91
604,49
604,52
604,64
604,46
604,70
604,59
604,56
604,72
604,25
604,107
604,28
604,50
605,12
605,57
605,24
605,50
605,13
605,22
605,7
605,105
605,51
605,56
605,4
605,61
605,52
605,53
605,53
605,31
605,22
605,54
605,55
605,55
605,56
605,12
605,55
606,43
606,16
606,8
606,4
606,86
606,71
606,28
606,118
606,47
606,129
606,16
606,21
606,17
606,52
606,138
606,18
606,6
606,60
606,50
606,61
606,132
606,42
606,115
606,142
606,141
606,140
608,16
608,8
608,4
608,28
608,14
608,16
608,13
608,55
608,50
608,15
608,45
608,59
608,23
608,56
608,140
608,141
608,138
608,23
608,42
609,22
609,26
609,21
609,61
609,100
610,112
610,50
610,4
610,100
610,94
610,21
610,30
610,39
610,69
610,23
610,23
610,38
610,94
610,8
610,59
610,33
610,35
610,23
610,100
610,22
611,71
611,68
611,28
611,45
611,69
612,12
612,117
612,50
612,33
612,21
612,28
612,15
612,69
612,70
612,72
612,33
612,55
613,56
613,94
613,53
613,38
613,55
613,55
613,72
613,4
613,13
613,21
613,22
613,51
613,56
613,23
614,55
614,25
614,74
614,76
614,61
614,86
614,45
614,23
614,13
614,26
614,45
614,4
614,15
614,73
614,52
614,112
614,24
614,59
614,28
614,75
614,50
614,111
615,12
615,136
615,4
615,33
615,32
615,94
615,13
615,95
615,50
615,132
615,23
615,111
615,112
615,113
615,73
615,24
615,114
615,94
615,47
615,115
615,116
615,33
615,117
615,20
615,66
615,15
615,22
615,22
616,96
616,40
616,22
616,46
616,55
616,16
616,120
616,107
616,14
616,80
616,86
616,27
616,38
616,93
616,23
616,24
616,21
616,61
616,94
616,25
616,15
616,29
616,73
616,112
616,33
616,4
616,33
616,21
617,16
617,50
617,151
617,21
617,38
617,22
617,51
617,23
618,16
618,39
618,50
618,52
618,13
618,40
618,67
618,56
618,23
618,24
618,25
618,21
618,26
618,116
618,55
618,49
618,48
618,41
618,79
618,114
618,106
619,73
619,16
619,50
619,71
619,4
619,106
619,54
619,13
619,12
619,29
619,112
619,108
619,21
619,113
619,42
619,50
620,23
620,12
620,50
621,50
621,16
621,86
621,71
621,4
621,50
621,45
621,69
621,56
621,17
621,15
621,23
621,128
621,131
621,103
621,92
621,51
621,42
621,50
621,52
621,54
621,43
621,45
621,44
621,142
622,46
622,142
622,143
622,39
622,24
622,55
622,4
622,8
622,138
622,144
623,16
623,50
623,70
623,17
623,56
623,90
623,36
623,33
623,41
623,60
623,61
623,18
623,28
623,34
623,14
623,65
623,23
623,93
623,55
623,100
623,29
623,15
623,21
623,63
623,70
623,69
623,26
623,70
623,135
623,64
623,65
623,63
623,66
623,8
623,33
623,65
623,71
623,57
623,42
623,73
623,16
623,59
623,76
623,144
624,12
624,4
624,14
624,33
624,50
624,23
624,73
624,49
624,115
624,144
624,70
624,59
624,108
624,29
624,50
624,145
624,82
624,115
624,92
624,21
624,44
624,42
624,83
624,43
624,146
624,118
624,142
624,138
624,140
624,141
624,139
625,12
625,136
625,21
625,105
625,47
625,20
625,82
625,105
625,66
625,44
625,83
625,43
625,40
625,21
625,45
625,51
625,68
625,115
625,23
625,95
626,16
626,59
626,50
626,95
626,73
626,29
626,108
626,100
626,35
626,96
626,34
626,97
626,98
626,15
626,31
626,4
626,24
626,57
626,77
626,14
626,23
626,23
626,16
626,21
626,99
626,100
626,74
626,68
626,55
626,94
626,101
626,55
626,55
626,113
626,29
626,44
627,136
627,44
627,25
627,26
627,17
627,45
627,46
627,47
627,69
627,107
627,60
627,70
627,23
628,23
628,62
628,50
628,13
628,29
628,14
628,24
628,25
628,15
628,26
630,112
630,4
630,50
630,54
630,21
630,111
630,112
630,56
630,13
630,71
630,44
630,29
630,55
630,93
630,15
630,28
631,22
631,50
631,86
631,71
631,28
631,6
631,27
631,29
631,14
631,4
631,30
631,24
631,55
631,60
631,28
631,131
631,128
631,21
631,28
631,96
631,103
631,44
631,123
631,52
631,142
631,138
631,140
631,139
632,15
632,42
632,55
632,28
632,14
632,51
632,4
632,12
632,21
633,16
633,136
633,22
633,21
633,21
633,4
633,22
633,54
633,22
633,23
633,66
633,46
634,16
634,86
634,28
634,4
634,46
634,47
634,48
634,49
634,50
634,51
634,52
634,52
634,53
634,59
634,32
634,132
634,129
634,50
634,105
634,68
634,22
634,32
634,56
634,71
634,60
634,61
634,121
634,54
634,24
634,30
634,55
634,52
634,58
634,60
634,51
634,34
634,26
634,56
634,57
634,97
634,34
634,33
635,33
635,62
635,47
635,136
635,29
635,57
636,12
636,100
636,16
636,23
636,32
636,24
636,47
636,28
636,61
636,87
636,62
636,94
636,55
636,4
636,57
638,12
638,25
638,61
638,37
638,116
638,121
638,23
638,31
638,85
639,50
639,55
639,73
639,4
639,14
639,42
639,59
639,89
639,113
639,58
639,68
640,112
640,4
640,86
640,71
640,85
640,39
640,28
640,45
640,55
640,69
640,15
640,16
641,12
641,50
641,4
641,86
641,71
641,14
641,134
641,120
641,24
641,46
641,23
641,40
641,31
641,29
641,42
641,42
641,12
641,55
641,38
641,61
641,26
641,89
641,66
641,21
641,73
642,16
642,8
642,4
642,71
642,37
642,55
642,86
642,61
642,55
642,113
642,59
642,13
642,14
642,20
642,73
642,73
642,92
642,17
642,70
642,70
642,56
642,26
642,38
642,33
642,12
642,36
642,40
642,17
642,34
642,101
642,45
642,37
642,21
642,52
642,123
642,142
642,15
643,16
643,86
643,85
643,33
643,26
643,38
643,39
643,71
643,15
643,23
643,21
643,14
643,33
643,40
643,73
643,20
643,73
643,92
643,70
643,36
643,113
643,50
643,34
643,45
643,58
643,101
643,97
643,17
643,50
643,89
643,123
643,98
643,42
643,140
643,142
643,82
643,44
644,12
644,8
644,44
644,71
644,4
644,39
644,33
644,30
644,14
644,100
644,89
644,42
644,50
644,29
644,100
644,64
644,61
644,128
644,132
644,76
644,103
644,45
644,64
644,46
644,19
644,80
644,47
644,26
644,48
644,49
644,67
644,50
644,44
644,43
644,95
644,51
644,70
644,26
644,25
644,37
644,35
644,52
644,53
644,93
646,71
646,93
646,16
646,60
646,93
646,29
646,50
646,30
646,55
646,4
646,16
646,68
646,33
646,42
646,47
646,16
646,89
646,28
646,61
646,77
646,14
646,123
646,115
646,40
646,76
646,97
648,16
648,86
648,71
648,29
648,4
648,58
648,35
648,92
648,24
648,31
648,55
648,56
648,99
648,66
648,26
648,115
649,16
649,58
649,86
649,33
649,71
649,4
649,28
649,50
649,69
649,55
649,55
649,29
649,15
649,21
649,17
649,59
649,42
649,115
651,38
651,8
651,4
651,16
651,23
651,22
651,60
651,50
651,94
651,115
651,71
651,33
651,45
651,23
651,30
651,74
652,74
652,56
652,75
652,115
652,51
652,73
652,16
652,23
652,95
652,45
652,33
652,26
652,55
652,42
652,50
652,76
652,26
652,34
652,15
652,71
652,61
652,35
652,29
653,20
653,17
653,29
653,30
653,23
653,22
653,12
654,112
654,52
654,73
654,42
654,92
654,44
654,112
654,26
654,67
654,111
654,24
654,13
655,13
655,14
655,32
655,90
655,12
655,15
655,12
655,16
655,100
656,112
656,62
656,61
656,8
656,90
656,4
656,53
656,56
656,46
656,24
656,40
656,12
656,100
658,21
658,100
658,16
658,8
658,101
658,4
658,50
658,71
658,98
658,102
658,96
658,95
658,12
658,96
658,97
658,103
658,99
658,103
658,101
658,79
658,41
658,55
658,55
658,106
658,104
658,106
658,104
658,107
658,108
658,105
658,85
658,110
658,89
658,111
658,42
660,50
660,4
660,71
660,113
660,19
660,42
660,54
660,13
660,14
660,142
660,140
660,141
660,39
660,38
660,28
660,38
660,22
660,95
660,138
660,60
660,23
660,61
660,16
661,12
661,33
661,28
661,22
661,23
661,15
661,21
661,22
661,46
661,55
661,52
661,63
661,56
662,16
662,50
662,56
662,57
662,23
662,33
662,58
662,12
662,59
662,7
662,141
662,60
662,97
662,14
662,68
662,93
662,57
662,22
662,61
662,115
662,53
662,25
662,77
662,62
662,63
662,4
665,4
665,38
665,73
665,28
665,40
665,4
665,5
665,23
665,22
666,12
666,56
666,108
666,15
666,55
666,56
666,23
666,27
666,69
666,45
666,14
666,57
666,71
666,28
666,62
666,17
666,22
666,21
666,59
666,60
666,65
666,16
666,61
666,58
666,84
667,86
667,40
667,4
667,22
667,73
667,111
667,12
667,94
667,89
667,90
667,14
667,26
667,55
667,60
667,112
667,28
667,38
667,71
667,59
667,51
667,45
668,12
668,38
668,4
668,47
668,37
668,45
668,26
668,136
668,22
668,94
668,55
668,26
669,61
669,4
669,64
669,26
669,40
669,94
669,59
669,53
669,50
669,50
669,12
669,22
669,94
669,66
669,22
669,56
669,51
670,47
670,28
670,14
670,51
670,52
670,13
670,53
670,28
670,71
671,86
671,13
671,115
671,22
671,71
671,56
671,24
671,110
671,61
671,55
671,53
671,17
671,23
671,26
671,59
671,61
671,32
671,140
671,72
671,120
671,14
671,121
671,16
671,24
671,42
671,73
671,49
671,4
671,89
671,50
671,103
672,12
672,4
672,7
672,53
672,22
672,22
674,12
674,50
674,34
674,71
674,56
674,70
674,93
674,26
674,39
674,50
674,28
674,55
674,45
674,69
674,56
674,21
674,81
675,55
675,33
675,80
675,28
675,59
675,105
675,53
675,22
675,12
675,4
675,14
675,33
675,76
675,40
675,28
676,38
676,33
676,89
676,55
676,104
676,32
676,106
676,28
676,29
676,29
676,50
677,12
677,136
677,33
677,33
677,74
677,4
677,23
677,13
678,13
678,14
678,34
678,28
678,15
678,16
678,110
678,17
678,30
678,29
678,56
678,21
678,56
678,18
678,19
678,20
678,21
678,22
678,23
678,70
678,23
678,24
678,121
678,33
678,28
678,73
678,71
678,25
678,26
678,55
678,97
678,27
678,28
678,32
678,4
678,29
678,41
678,16
678,72
679,16
679,8
679,71
679,14
679,55
679,29
679,15
679,12
680,52
680,4
680,89
680,71
680,69
680,56
680,28
680,12
680,127
680,15
680,63
680,72
680,145
680,141
680,123
680,94
680,139
680,29
680,140
680,7
680,51
680,71
680,115
680,16
680,23
681,16
681,4
681,33
681,71
681,28
681,21
681,28
681,39
681,45
681,69
681,29
681,93
681,31
681,73
681,68
681,69
682,50
682,62
682,81
682,71
682,69
682,26
682,24
682,55
682,109
682,73
682,15
682,110
682,106
682,112
682,37
682,69
682,14
682,70
682,44
682,71
682,72
682,51
682,59
682,96
682,24
683,23
683,26
683,32
683,15
683,33
683,104
683,70
683,55
683,7
683,55
683,24
683,18
683,24
683,121
683,25
683,28
683,89
683,71
683,127
683,12
683,86
684,86
684,87
684,21
684,14
684,15
684,22
684,69
684,28
684,28
684,75
684,94
685,12
685,4
685,37
685,67
685,48
685,71
685,33
685,13
685,50
685,95
685,40
685,15
686,71
686,65
686,15
686,55
686,141
686,66
686,34
686,140
686,16
686,17
686,18
686,123
686,41
686,138
686,50
686,93
686,89
686,16
686,73
686,71
687,79
687,53
687,73
687,71
688,4
688,55
688,50
688,104
688,142
688,89
688,45
688,59
688,29
688,23
689,16
689,4
689,50
689,8
689,22
689,61
689,55
689,129
689,29
689,15
689,28
689,107
689,94
689,21
689,70
689,23
689,28
689,71
689,28
689,63
689,49
689,52
689,40
689,58
689,64
689,55
689,70
689,69
689,59
689,53
689,65
689,67
689,60
689,22
689,84
689,24
689,25
689,61
689,23
689,24
689,73
689,59
689,93
689,76
689,67
689,25
690,16
690,4
690,86
690,50
690,33
690,114
690,56
690,29
690,6
690,30
690,40
690,13
690,39
690,14
690,128
690,29
690,25
690,44
690,111
690,112
690,42
690,140
690,145
690,17
690,138
690,50
690,71
690,55
690,74
690,57
690,26
690,40
690,71
691,16
691,50
691,33
691,71
691,17
691,44
691,71
691,55
691,8
691,15
691,45
691,97
691,22
691,33
691,138
691,94
691,23
691,42
691,81
691,115
691,72
692,12
692,8
692,31
692,26
692,25
692,14
692,46
692,52
692,29
692,98
692,72
692,55
692,22
693,23
693,4
693,23
693,28
693,29
693,24
693,118
693,28
693,22
693,15
693,44
693,26
693,15
693,111
693,55
693,60
693,94
693,13
693,64
693,80
693,55
694,12
694,4
694,29
694,21
694,22
694,39
694,66
694,31
694,12
694,94
694,55
694,22
694,34
694,69
694,56
694,70
697,49
697,7
697,70
697,56
697,55
697,53
697,22
697,55
697,21
697,4
697,67
697,44
697,60
697,71
697,50
697,63
697,69
697,64
697,22
697,12
697,72
697,32
697,81
697,29
697,65
697,73
698,16
698,73
698,71
698,39
698,13
698,93
698,14
698,55
698,23
698,73
698,74
698,55
698,74
698,79
698,60
699,16
699,55
699,96
699,71
699,39
699,12
699,53
699,55
699,23
699,93
699,12
699,23
699,26
699,47
699,50
699,20
699,63
699,49
699,64
699,70
699,59
699,53
699,56
699,65
699,67
699,72
699,25
700,16
700,4
700,136
700,62
700,45
700,13
700,107
700,17
700,25
700,27
700,26
700,44
700,93
700,15
701,57
701,45
701,16
701,29
701,32
701,4
701,12
701,15
701,86
701,50
702,28
702,112
702,69
702,50
702,95
702,32
702,16
702,51
702,98
702,138
702,96
702,23
702,40
702,67
702,69
702,52
702,54
702,67
702,40
702,16
703,70
703,128
703,22
703,4
703,51
703,50
703,94
703,12
703,66
703,136
703,16
703,33
703,45
703,17
703,12
703,16
703,29
703,35
703,22
704,12
704,67
704,91
704,52
704,126
704,48
704,140
704,52
704,60
704,50
704,71
704,45
704,69
704,33
704,55
704,65
704,34
704,23
704,24
704,52
704,55
704,65
704,26
704,23
704,72
704,47
704,118
704,16
704,64
704,31
704,17
704,98
704,22
704,49
704,63
704,23
704,55
704,139
705,23
705,136
705,47
705,55
705,104
705,12
705,12
705,22
705,54
705,23
705,21
705,22
705,51
705,53
705,72
705,21
705,14
705,59
705,71
706,16
706,17
706,4
706,71
706,23
706,72
706,12
707,28
707,22
707,55
707,139
707,52
707,13
707,38
707,123
707,73
707,142
707,138
707,4
707,127
707,23
708,94
708,33
708,4
708,8
708,23
708,47
709,24
709,50
709,94
709,115
709,13
709,55
709,44
709,94
709,22
709,66
709,22
710,22
710,37
710,50
710,26
710,34
710,68
710,23
710,14
710,16
710,16
710,141
710,35
710,115
710,24
710,29
710,23
710,89
710,25
710,113
710,52
710,123
710,124
710,21
710,120
710,26
710,71
710,56
710,8
710,33
711,16
711,33
711,4
711,6
711,28
711,68
711,26
711,40
711,20
711,52
711,69
711,62
711,21
711,22
711,34
711,48
711,15
711,55
711,12
711,16
711,35
711,36
712,16
712,14
712,29
712,17
712,105
712,36
712,46
712,13
712,37
712,38
712,39
712,22
712,93
712,30
712,22
712,66
712,14
712,51
712,53
712,100
712,28
713,16
713,30
713,28
713,47
713,94
713,28
713,64
713,31
713,70
713,56
713,4
713,47
713,125
713,95
714,12
714,29
714,4
714,12
714,26
714,53
714,69
714,104
714,21
714,96
714,136
714,22
714,22
714,23
714,12
714,49
714,55
714,63
714,52
714,72
714,67
714,69
714,55
715,16
715,4
715,28
715,50
715,71
715,21
715,42
715,45
715,55
715,23
715,15
715,76
715,59
715,74
715,28
715,85
715,128
715,93
716,22
716,35
716,13
716,136
716,55
716,66
716,28
716,50
716,93
716,22
716,27
716,22
716,12
717,12
717,136
717,47
717,94
717,104
717,12
717,22
717,94
718,16
718,50
718,4
718,22
718,32
718,136
718,57
718,95
718,54
718,57
718,54
718,22
718,22
718,23
718,68
718,23
718,14
718,94
718,20
718,21
718,52
718,93
719,93
719,20
719,136
719,55
719,55
719,15
720,15
720,16
720,50
720,16
720,26
720,98
720,4
720,86
720,92
720,94
720,33
720,47
721,23
721,4
721,136
721,50
721,105
721,76
721,27
721,27
721,42
721,47
722,16
722,86
722,33
722,26
722,20
722,8
722,55
722,15
722,23
722,13
722,53
722,47
722,94
722,98
722,48
722,52
722,53
722,21
722,20
722,75
722,76
722,74
722,89
722,38
722,68
723,12
723,34
723,86
723,39
723,20
723,28
723,13
723,23
723,45
723,61
723,22
723,73
723,68
723,50
723,69
723,75
723,68
723,24
723,58
723,21
723,55
723,16
724,29
724,14
724,23
724,39
724,92
724,29
724,80
724,42
724,73
724,16
724,52
724,50
724,61
725,16
725,96
725,4
725,99
725,95
725,13
725,57
725,15
725,54
725,62
725,53
725,105
726,105
726,34
726,71
726,12
726,38
726,68
726,61
726,106
726,55
726,107
726,53
726,50
726,59
726,108
726,66
726,26
726,43
726,109
726,36
726,28
726,22
726,33
726,23
726,21
726,13
726,123
726,17
726,71
726,110
726,111
726,112
726,22
727,22
727,23
727,24
727,25
727,26
728,16
728,4
728,18
728,39
728,17
728,89
728,32
728,54
728,21
728,93
729,138
729,81
729,7
729,22
729,96
729,23
729,51
729,4
729,12
729,91
729,69
729,32
729,22
729,33
729,14
729,40
729,22
729,16
729,89
729,93
729,50
729,93
729,22
729,71
729,18
729,94
729,95
730,16
730,109
730,115
730,24
730,24
730,27
730,103
730,71
730,30
730,95
730,112
730,38
731,8
731,15
731,38
731,33
731,118
731,55
731,99
731,31
731,58
731,33
731,66
731,103
731,96
731,39
731,12
731,136
731,120
731,17
731,40
731,128
731,51
731,41
731,42
732,22
732,23
732,28
732,31
732,86
732,123
732,59
732,21
732,67
732,42
732,94
732,43
732,50
732,136
732,29
732,93
732,94
732,51
732,66
732,63
732,22
732,4
732,7
732,44
732,51
732,69
732,52
732,12
732,60
732,93
732,40
732,14
732,65
732,49
732,22
733,57
733,29
733,22
733,55
733,22
733,48
733,23
733,17
733,98
733,56
733,12
733,12
733,70
733,26
733,34
733,24
733,17
733,33
733,121
734,16
734,50
734,36
734,42
734,68
734,62
734,37
734,121
734,122
734,28
735,55
735,73
735,7
735,28
735,80
735,15
735,94
735,55
735,22
735,21
735,4
735,101
735,108
735,66
735,29
735,26
735,50
735,13
735,55
735,66
736,28
736,135
736,50
736,66
736,14
736,56
736,70
736,55
736,21
736,113
737,75
737,138
737,26
737,40
737,42
737,17
737,73
737,22
737,60
737,52
737,42
737,50
737,20
737,23
737,22
737,56
737,32
737,113
737,21
737,86
737,71
737,8
737,55
737,29
737,114
738,50
738,142
738,54
738,49
738,59
738,49
738,16
738,22
738,55
738,59
738,114
738,116
738,64
738,44
738,13
738,66
738,8
738,22
738,32
738,4
738,33
738,45
738,61
738,113
738,52
738,27
738,23
738,33
738,43
738,42
738,136
738,50
738,123
738,47
738,15
738,107
738,89
738,17
739,16
739,86
739,38
739,109
739,8
739,45
739,56
739,61
739,55
739,13
739,15
739,21
739,14
739,73
739,53
739,6
739,24
739,4
739,115
739,17
739,138
739,52
739,123
739,142
739,140
739,18
739,65
739,55
739,70
739,49
739,67
739,127
739,89
739,68
739,71
740,86
740,28
740,71
740,33
740,50
740,23
740,71
740,27
740,72
740,73
740,73
740,56
740,74
740,84
740,24
740,22
740,75
740,14
740,76
740,18
740,77
740,78
740,121
740,79
740,80
740,36
740,25
740,110
740,55
740,125
740,81
740,41
740,82
740,21
740,83
740,84
740,70
740,29
740,85
740,20
740,16
740,72
740,72
740,97
740,21
740,56
740,28
740,60
740,61
740,29
740,34
741,16
741,50
741,33
741,71
741,86
741,22
741,28
741,34
741,39
741,29
741,24
741,23
741,35
741,7
741,33
741,12
741,29
741,14
741,37
741,13
741,42
741,20
742,4
742,50
742,71
742,33
742,28
742,40
742,16
742,71
742,86
742,85
742,13
742,23
742,29
742,129
742,132
742,15
742,55
742,70
743,123
743,138
743,30
743,141
743,52
743,13
743,81
743,12
743,33
743,139
743,21
743,14
743,62
743,101
743,55
743,140
743,136
744,23
744,13
744,4
744,33
744,136
744,12
744,22
744,55
744,14
745,12
745,81
745,4
745,26
745,45
745,29
745,105
745,14
745,15
745,12
745,22
745,22
745,23
745,51
745,55
746,12
746,4
746,13
746,21
746,8
746,55
746,13
746,47
746,49
746,23
746,22
746,12
746,19
746,40
746,31
746,41
746,42
747,42
747,16
747,4
747,28
747,47
747,37
747,50
747,43
747,29
747,80
747,78
747,60
747,15
748,12
748,37
748,27
748,24
748,24
748,136
748,23
748,23
748,23
748,22
748,12
749,77
749,30
749,21
749,142
749,12
749,123
749,93
749,120
749,4
749,27
749,12
749,38
749,23
749,12
749,141
749,14
749,23
750,15
750,52
750,138
750,8
750,140
750,115
750,142
750,61
750,60
750,55
750,12
751,55
751,29
751,89
751,8
751,68
751,55
751,69
751,56
751,35
751,12
751,21
751,15
751,24
751,17
751,29
751,20
751,31
751,42
751,38
751,69
752,16
752,14
752,4
752,64
752,23
752,16
752,55
752,94
752,63
752,53
752,47
752,94
752,66
752,56
752,70
752,22
753,12
753,4
753,73
753,13
753,40
753,19
753,23
753,26
753,21
753,23
753,12
754,43
754,16
754,4
754,86
754,71
754,28
754,118
754,47
754,129
754,16
754,21
754,17
754,138
754,18
754,6
754,60
754,61
754,132
754,13
754,123
754,142
754,141
754,139
755,16
755,50
755,8
755,71
755,39
755,14
755,16
755,96
755,113
755,23
755,55
755,94
755,126
755,53
755,69
755,21
755,52
755,138
755,22
755,142
755,115
756,70
756,60
756,112
756,37
756,128
756,47
756,115
756,27
756,16
756,67
756,91
756,31
756,116
756,113
756,50
756,66
756,26
756,92
756,52
756,111
756,70
756,4
756,33
757,12
757,4
757,56
757,25
757,41
757,53
757,61
757,50
757,65
757,25
757,60
757,69
757,45
757,108
757,48
757,16
757,12
757,42
757,89
757,37
757,71
757,73
757,62
757,17
757,21
757,42
757,15
757,52
757,59
757,33
757,101
757,112
757,32
757,113
757,34
757,72
757,37
757,35
757,60
757,65
757,108
757,58
757,111
758,4
758,111
758,136
758,22
758,17
758,112
758,13
758,107
758,45
758,15
758,113
758,45
759,12
759,4
759,14
759,28
759,13
759,35
759,7
759,57
759,26
759,17
759,35
759,80
759,55
759,63
759,34
759,52
759,72
759,67
759,69
759,23
759,65
759,40
759,22
759,55
759,66
759,45
760,45
760,104
760,61
760,20
760,50
760,69
760,62
760,92
760,79
760,60
760,94
760,61
760,4
760,79
760,46
760,98
760,21
760,64
760,26
760,78
760,14
760,63
760,47
761,15
761,42
761,47
761,48
761,13
761,26
761,21
761,23
761,14
761,50
761,38
761,4
761,107
761,8
761,45
761,28
761,136
761,51
761,68
761,67
761,16
761,49
761,22
761,22
761,21
761,27
761,66
761,52
761,50
761,54
761,71
761,49
762,16
762,86
762,4
762,8
762,50
762,68
762,26
762,56
762,28
762,14
762,55
762,40
762,98
762,46
762,29
762,12
762,50
762,71
762,111
762,24
762,21
762,68
762,80
762,115
762,96
762,33
762,51
762,89
762,34
762,96
762,123
762,31
762,34
762,29
762,30
762,15
763,15
763,57
763,61
763,22
763,55
763,12
763,53
764,59
764,61
764,50
764,96
764,53
764,55
764,54
764,55
764,59
764,127
764,45
764,60
764,56
764,22
764,22
764,47
764,27
764,16
764,115
764,4
764,104
765,66
765,104
765,61
765,104
765,105
765,22
765,62
765,4
765,28
765,50
765,35
765,92
765,34
765,24
765,31
765,26
765,93
765,12
765,29
765,71
765,51
765,105
765,12
765,69
765,22
765,53
765,56
766,22
766,14
766,39
766,47
766,50
766,15
766,56
766,29
766,70
766,23
766,111
766,60
766,56
766,48
766,21
766,8
766,145
766,68
766,50
766,60
766,57
766,89
766,90
766,61
766,42
766,82
766,50
766,43
766,83
767,136
767,50
767,43
767,55
767,89
767,28
767,22
767,22
767,105
767,74
767,50
767,22
767,59
767,75
767,13
767,92
767,4
767,14
767,68
767,16
767,44
767,76
767,83
767,58
767,91
767,113
767,88
767,23
767,42
767,73
767,28
767,21
768,12
768,22
768,23
768,26
768,21
768,33
768,23
768,17
768,93
768,19
768,91
769,94
769,16
769,8
769,55
769,97
769,71
769,23
769,15
769,36
769,81
769,17
769,115
769,45
769,79
769,59
769,44
769,22
770,22
770,23
770,40
770,32
770,4
770,22
770,13
770,24
771,92
771,33
771,28
771,24
771,16
771,56
771,25
771,26
771,14
771,33
771,46
771,23
771,13
771,12
771,48
771,68
771,118
771,20
771,21
771,22
771,98
771,47
771,75
771,61
771,26
771,27
771,28
771,4
771,28
771,53
772,50
772,86
772,71
772,33
772,73
772,95
772,112
772,89
772,29
772,23
772,12
772,42
772,33
772,20
772,55
773,55
773,8
773,50
773,38
773,16
773,4
773,47
773,71
773,14
773,21
773,15
773,13
773,50
773,22
773,140
773,112
773,145
773,16
773,95
773,94
773,55
773,56
773,29
773,52
773,56
773,138
773,22
774,22
774,6
774,29
774,27
774,28
774,56
774,21
774,30
774,71
774,26
774,57
774,42
774,23
774,14
774,55
774,16
774,13
774,37
774,24
774,65
774,60
775,86
775,17
775,95
775,16
775,93
775,60
775,4
775,50
775,22
775,29
775,81
775,60
775,16
775,81
775,33
775,61
775,71
776,16
776,28
776,71
776,26
776,107
776,15
776,22
776,21
776,42
776,136
776,28
776,13
776,89
776,68
776,61
776,74
776,42
777,12
777,18
777,55
777,28
777,71
778,77
778,4
778,73
778,43
778,29
778,103
778,69
778,108
778,47
778,14
778,21
778,123
778,52
778,142
778,140
778,139
778,50
778,60
778,15
779,16
779,50
779,47
779,120
779,21
779,5
779,26
779,59
779,43
779,112
779,28
779,37
779,15
779,137
779,55
779,15
780,59
780,121
780,47
780,51
780,34
780,4
780,25
780,42
780,58
780,15
780,28
780,16
780,70
780,21
780,55
780,39
780,23
780,17
780,71
780,27
780,111
780,22
780,16
780,89
780,18
780,28
781,44
781,94
781,38
781,90
781,76
781,28
781,29
781,128
781,21
781,131
781,8
781,59
781,15
781,44
781,23
781,113
781,30
781,75
781,16
781,73
781,29
781,4
781,111
781,55
781,84
781,115
781,29
781,112
781,33
781,12
781,112
781,71
782,22
782,121
782,50
782,56
782,31
782,26
782,96
782,93
782,122
782,73
782,92
782,67
782,15
782,71
782,37
782,22
782,72
782,74
782,136
782,71
782,86
783,22
783,21
783,115
783,22
783,55
783,12
783,80
783,123
784,12
784,34
784,26
784,50
784,22
784,23
784,58
784,132
784,23
784,23
784,13
784,15
784,48
784,23
784,20
784,22
784,93
784,61
784,123
785,23
785,16
785,33
785,50
785,71
785,61
785,24
785,103
785,71
785,26
785,69
785,21
785,49
785,17
785,60
785,22
785,32
785,55
785,59
785,29
785,89
785,61
785,98
785,140
785,42
785,53
785,115
785,33
785,68
785,50
785,63
785,49
785,64
785,46
785,55
785,70
785,59
785,53
785,56
785,60
785,24
785,23
785,93
786,16
786,50
786,4
786,33
786,24
786,22
786,29
786,31
786,13
786,15
786,12
787,16
787,23
787,4
787,93
787,52
787,60
787,77
787,22
787,34
788,16
788,4
788,33
788,28
788,14
788,50
788,34
788,38
788,13
788,45
788,23
788,15
788,21
788,140
788,52
788,138
788,141
788,35
788,73
788,8
788,15
788,14
788,42
788,97
788,55
788,93
788,34
789,12
789,136
789,4
789,107
789,26
789,22
789,50
789,47
789,23
789,30
789,62
789,15
789,55
789,61
789,93
789,20
789,123
789,22
789,66
789,45
790,4
790,33
790,38
790,24
790,31
790,68
790,53
790,127
790,97
790,50
790,72
790,45
790,24
790,136
790,115
790,98
790,46
790,29
790,91
790,32
790,62
790,15
790,22
790,50
790,22
790,59
790,37
790,100
790,47
790,48
790,49
790,35
790,56
790,73
790,45
790,50
790,51
791,22
791,86
791,71
791,33
791,14
791,47
791,50
791,55
791,15
791,56
791,29
791,23
791,24
791,109
791,25
791,111
791,60
791,51
791,52
791,56
791,48
791,21
791,8
791,145
791,53
791,68
791,60
791,90
791,61
791,42
791,82
791,54
791,50
791,83
791,44
792,55
792,22
792,76
792,41
792,73
792,14
792,4
792,12
792,89
792,71
792,138
792,145
792,140
792,39
792,70
792,42
792,44
792,113
792,16
792,24
792,61
792,66
792,28
792,45
792,97
792,56
793,73
793,45
793,16
793,113
793,50
793,29
793,38
793,86
793,14
793,25
793,89
793,42
793,112
793,122
793,92
793,4
793,85
794,22
794,4
794,120
794,12
794,21
794,123
794,23
794,93
794,38
794,30
794,14
794,29
794,12
795,12
795,14
795,38
795,73
795,44
795,82
795,36
795,28
795,86
795,13
795,55
795,141
795,39
795,12
795,50
795,142
795,53
795,51
795,21
795,64
795,28
795,41
795,140
795,48
795,83
795,43
795,89
796,86
796,95
796,12
796,141
796,44
796,82
796,43
796,83
796,14
796,13
796,23
796,24
796,55
796,28
796,39
796,59
796,38
796,15
796,50
796,53
796,64
796,48
797,43
797,29
797,48
797,23
797,71
797,24
797,24
797,4
797,49
797,55
797,111
797,112
797,8
797,48
797,50
797,21
797,47
797,29
797,16
797,52
797,42
797,82
798,66
798,120
798,42
798,113
798,22
798,55
798,29
798,33
798,4
798,50
798,12
798,38
798,82
798,11
798,96
798,40
798,52
798,30
798,28
798,24
798,98
799,16
799,50
799,4
799,71
799,8
799,52
799,28
799,61
799,55
799,89
799,95
799,112
799,111
799,42
799,115
800,12
800,50
800,46
800,107
800,22
800,32
800,22
800,115
800,23
800,4
800,93
800,50
800,45
800,27
800,34
800,116
800,31
800,52
800,117
800,28
800,118
800,119
801,99
801,53
801,56
801,35
801,24
801,4
801,55
801,66
801,56
801,26
801,71
801,29
801,58
801,42
801,16
801,92
801,31
802,31
802,32
802,33
802,25
802,30
802,55
802,93
803,93
803,93
804,93
804,20
804,94
804,21
804,55
804,95
805,16
805,71
805,18
805,24
805,29
805,13
805,28
805,85
805,15
805,70
805,4
805,55
805,95
805,50
805,25
805,89
805,96
805,104
805,15
805,24
805,55
805,121
805,33
806,16
806,8
806,71
806,7
806,33
806,106
806,39
806,14
806,50
806,26
806,37
806,34
806,4
806,73
806,16
806,95
806,94
806,33
806,62
806,29
806,17
806,42
806,52
806,141
806,140
807,22
807,4
807,50
807,86
807,71
807,29
807,28
807,47
807,56
807,24
807,29
807,15
807,93
807,70
807,29
807,73
807,94
807,28
807,21
807,22
808,22
808,55
808,4
808,14
808,28
808,39
808,42
808,55
808,86
808,52
808,138
808,30
808,6
808,16
808,42
808,29
808,22
808,22
808,50
808,98
808,12
808,66
808,24
808,60
808,97
808,21
808,23
808,23
808,141
809,12
809,33
809,38
809,23
809,33
809,40
809,23
809,105
809,105
809,55
809,31
809,26
809,33
809,27
809,29
809,30
809,14
809,100
809,50
810,12
810,50
810,71
810,4
810,38
810,21
810,73
810,112
810,94
810,50
810,51
810,147
810,92
810,28
810,29
811,29
811,7
811,38
811,23
811,29
811,23
811,67
811,117
811,12
811,61
811,30
811,107
811,22
812,12
812,4
812,86
812,73
812,48
812,136
812,29
812,98
812,89
812,48
812,22
812,79
812,53
812,15
812,31
812,71
813,90
813,15
813,25
813,61
813,17
813,25
813,23
813,29
813,26
813,52
813,23
813,21
813,63
813,24
813,24
813,145
813,27
813,89
813,140
813,141
813,98
813,55
813,11
813,71
813,16
813,33
813,86
813,27
813,16
813,73
813,24
813,70
813,28
813,138
813,94
813,142
813,29
813,123
813,42
813,139
814,61
814,139
814,8
814,22
814,23
814,86
814,151
815,12
815,50
815,135
815,71
815,136
815,15
815,28
815,29
815,23
815,56
815,92
815,99
815,151
815,152
815,153
815,154
815,155
816,16
816,4
816,38
816,26
816,32
816,22
816,21
816,22
816,66
816,155
817,155
817,156
817,28
817,157
819,12
819,20
819,157
819,106
819,22
819,14
819,28
819,30
819,107
820,12
820,22
820,81
820,94
820,4
820,47
820,14
820,35
820,22
821,46
821,50
822,56
822,50
822,71
823,71
823,71
824,15
824,71
824,33
824,72
824,29
824,14
824,60
824,29
824,50
824,30
824,22
824,7
824,21
824,33
824,28
824,23
824,27
824,55
825,4
825,44
825,102
825,43
825,46
825,142
825,16
825,55
825,56
825,50
825,45
825,57
825,29
825,38
825,23
825,50
825,23
825,39
825,94
825,42
825,12
825,58
825,141
825,54
826,58
826,50
826,66
826,54
826,28
826,44
826,55
826,4
826,28
826,57
826,29
826,105
826,94
826,12
826,56
826,89
826,28
826,72
826,83
826,29
826,57
826,86
826,74
826,84
826,40
826,38
826,46
826,50
826,22
826,23
826,33
826,22
826,33
826,142
826,42
826,24
827,12
827,50
827,28
827,22
827,23
827,33
827,15
827,55
827,98
827,46
827,57
827,54
827,7
827,55
827,29
827,64
827,21
827,52
827,54
827,38
827,28
827,36
827,55
827,49
827,24
827,56
827,23
827,113
827,65
827,67
827,60
827,56
827,74
827,72
827,53
827,22
827,66
827,72
827,57
827,24
827,74
827,50
827,83
827,44
828,12
828,56
828,101
828,96
828,12
828,40
828,127
828,99
828,59
828,67
828,44
828,33
828,69
828,70
828,28
828,35
829,4
829,96
829,96
829,22
829,38
829,106
829,35
829,12
829,20
829,101
829,103
829,40
829,36
829,51
829,37
829,38
829,39
829,69
829,35
830,12
830,24
830,50
830,30
830,69
830,22
830,35
830,91
830,46
830,4
830,36
830,56
830,39
830,33
831,23
831,125
831,28
831,113
831,8
831,33
831,34
831,97
831,38
831,12
833,112
833,136
833,4
833,31
833,22
833,23
833,93
833,47
833,56
833,12
833,70
833,33
833,59
833,55
833,70
833,69
834,12
834,28
834,33
834,98
834,69
834,22
834,33
834,70
834,50
834,4
834,44
834,24
834,61
834,52
834,38
834,41
834,14
834,46
834,29
834,13
834,71
834,86
834,23
834,104
834,26
834,27
834,104
834,107
834,35
834,18
834,73
834,71
834,72
834,30
834,15
834,14
834,53
834,106
834,73
834,31
834,110
835,16
835,64
835,7
835,28
835,105
835,63
835,65
835,49
835,69
835,70
835,52
835,110
835,111
835,24
835,104
835,100
835,35
835,43
835,68
835,112
835,46
835,48
835,54
835,56
835,15
835,69
835,51
835,69
835,113
835,93
836,55
836,58
836,64
836,113
836,47
836,16
836,121
836,48
836,57
836,66
836,93
836,38
836,50
836,89
836,21
836,25
836,61
836,56
836,55
836,15
836,60
836,16
836,4
836,22
836,17
836,27
836,42
836,28
836,71
837,4
837,136
837,39
837,45
837,69
837,28
837,38
837,23
837,50
837,21
837,140
837,56
837,17
837,52
837,138
837,141
837,59
837,76
837,67
837,78
837,71
838,47
838,16
838,23
838,33
838,55
838,23
838,12
838,45
838,66
838,22
838,33
838,15
838,29
838,71
838,93
838,49
838,68
838,78
838,71
838,39
838,54
838,16
838,28
838,54
838,68
838,14
838,72
839,8
839,4
839,71
839,28
839,21
839,72
839,42
839,13
839,94
839,33
839,27
840,99
840,113
840,95
840,95
840,4
840,8
840,13
840,22
840,35
840,51
841,4
841,33
841,151
841,30
841,55
841,51
841,55
841,45
841,61
842,16
842,50
842,94
842,115
842,16
842,15
842,28
842,45
843,67
843,27
843,71
844,12
844,71
844,8
844,61
844,22
844,37
844,22
844,14
844,55
844,72
844,21
844,55
844,50
844,34
844,66
844,40
844,48
844,69
844,70
844,85
846,22
846,33
846,136
846,96
846,85
846,4
847,37
847,20
847,136
847,26
847,53
847,50
847,30
847,67
847,38
847,22
847,12
847,4
847,66
847,98
847,69
847,22
847,71
847,22
848,12
848,55
848,31
848,38
848,24
848,21
848,27
848,27
848,64
848,58
848,72
848,22
849,16
849,4
849,50
849,26
849,22
849,71
849,100
849,95
849,93
849,79
849,142
849,141
849,63
849,40
849,64
849,46
849,69
849,59
849,53
849,65
849,67
849,60
849,48
849,53
849,47
849,26
849,104
849,22
849,45
852,12
852,50
852,8
852,23
852,55
852,31
852,22
852,4
852,26
852,94
852,78
852,85
852,23
852,85
852,22
852,26
852,66
852,46
853,12
853,23
853,40
853,81
853,61
853,72
853,59
853,22
853,94
853,38
853,55
854,70
854,4
854,28
854,22
854,61
854,66
854,12
854,56
854,26
854,69
855,16
855,136
855,22
855,72
855,15
855,23
855,151
855,38
855,140
855,12
856,15
856,16
856,113
856,4
856,28
856,38
856,26
856,50
856,125
856,56
856,121
856,25
856,28
856,13
856,29
856,12
856,98
856,42
856,29
856,42
857,109
857,25
857,42
857,43
857,55
857,44
857,86
857,14
857,44
857,83
857,50
857,60
857,42
857,39
857,4
857,54
857,45
857,71
857,89
857,46
857,50
857,43
857,108
857,8
857,61
857,111
857,15
857,29
857,82
857,33
857,47
858,16
858,38
858,71
858,128
858,131
858,21
858,103
858,16
858,51
858,104
858,43
858,17
858,45
858,52
858,28
858,14
858,55
858,29
858,12
858,29
858,13
858,66
858,42
858,26
858,140
858,115
858,33
858,23
859,69
859,98
859,49
859,98
859,68
859,21
859,115
859,94
859,60
859,87
860,74
860,7
860,45
860,4
860,87
860,34
860,26
860,78
860,16
860,4
860,5
860,56
860,56
860,88
860,65
860,12
860,69
860,89
860,61
860,115
860,91
860,142
860,98
860,51
860,90
860,59
860,98
861,98
861,45
861,31
861,26
861,99
861,50
861,23
861,95
861,22
861,53
861,30
861,20
861,93
861,15
861,51
861,34
861,68
861,14
862,98
862,51
862,25
862,98
862,69
862,90
862,115
862,14
862,15
862,78
862,55
862,56
862,43
863,43
863,44
863,94
863,99
863,43
863,62
863,33
863,93
863,16
863,14
863,62
864,95
864,94
864,44
864,43
864,62
864,93
864,115
865,15
865,90
865,22
865,100
865,98
865,98
865,87
865,115
865,44
865,23
865,45
865,49
865,28
865,53
865,16
865,100
865,34
865,107
865,116
865,60
865,66
865,117
865,28
865,61
865,54
865,69
866,22
866,22
866,61
866,15
866,115
866,28
866,56
866,69
866,53
866,98
866,22
866,98
866,23
866,70
866,94
866,15
866,136
867,136
867,57
867,61
867,54
867,53
867,28
867,22
867,15
867,56
867,137
867,34
867,127
867,138
867,51
867,136
867,66
867,62
867,29
867,98
867,139
867,69
867,100
868,12
868,142
868,15
868,100
868,101
868,102
868,22
868,55
868,55
868,38
868,100
868,60
869,22
869,115
869,72
869,60
869,50
869,48
869,60
869,23
869,22
869,69
869,19
869,57
869,151
869,22
869,61
869,94
869,93
869,100
869,24
870,24
870,145
870,44
870,12
870,24
870,98
870,69
870,55
870,33
870,25
870,61
870,54
870,62
870,26
870,113
870,126
871,22
871,115
871,44
871,98
871,97
871,90
871,4
871,61
871,69
871,22
871,28
871,100
871,53
871,54
871,23
871,45
871,116
871,95
871,15
871,100
871,57
871,126
872,35
872,12
872,126
872,44
872,33
872,98
872,127
872,22
872,58
872,15
872,61
872,25
872,19
872,33
872,55
872,61
872,34
872,115
872,21
872,66
872,22
873,22
873,94
873,22
873,4
873,56
873,28
873,98
873,22
873,69
873,53
873,54
873,100
873,15
873,94
873,16
873,26
873,23
873,139
873,66
873,21
873,55
873,56
873,137
873,57
873,94
874,12
874,44
874,25
874,94
874,98
874,94
874,24
874,22
874,60
874,48
874,66
874,12
874,22
875,43
875,44
875,94
875,55
875,44
875,22
875,51
875,23
875,22
875,31
875,18
875,22
875,24
875,55
875,57
875,115
875,98
875,27
875,95
875,25
875,26
875,22
875,4
875,23
875,55
875,15
875,26
875,27
875,53
875,37
876,37
876,38
876,98
876,62
876,44
876,32
876,96
876,55
876,39
876,126
876,74
876,26
876,37
876,94
876,40
876,62
876,38
876,54
876,22
876,33
876,41
876,56
876,24
876,42
876,43
876,43
876,50
876,56
876,44
877,98
877,71
877,24
877,23
877,50
877,44
877,55
877,16
877,45
877,12
877,28
877,98
877,26
877,33
877,46
877,8
877,113
877,44
877,58
877,95
877,4
877,94
877,47
877,55
877,95
877,59
877,54
878,61
878,45
878,71
878,24
878,54
878,54
878,23
878,22
878,29
878,97
878,55
878,31
878,98
878,98
878,24
878,50
878,115
878,56
878,21
878,120
878,138
878,52
878,139
878,140
878,38
879,62
879,98
879,38
879,56
879,113
879,55
879,68
879,55
879,56
879,25
879,17
879,55
879,115
880,12
880,26
880,46
880,16
880,29
880,68
880,69
880,93
880,61
880,98
880,68
880,127
880,115
880,17
880,51
880,25
880,66
881,16
881,55
881,22
881,8
881,50
881,66
881,44
881,37
881,69
881,98
881,95
881,71
881,73
881,67
881,78
881,41
881,23
881,98
881,61
881,54
881,22
881,68
881,54
881,23
882,104
882,16
882,46
882,115
882,98
882,23
882,44
882,55
882,24
882,22
882,24
882,33
882,43
882,40
882,56
882,4
882,98
882,26
882,21
882,22
882,54
882,43
882,23
882,70
882,40
883,12
883,22
883,4
883,40
883,136
883,15
883,23
883,100
883,8
883,96
883,98
883,51
883,50
883,2
883,73
883,38
883,21
883,94
883,95
883,42
883,29
883,17
883,140
883,123
883,52
883,141
883,51
883,22
883,98
883,24
883,7
883,41
883,55
883,42
883,25
884,93
884,25
884,113
884,25
884,44
884,25
884,69
884,115
884,29
884,26
884,27
884,101
884,22
884,115
884,50
884,28
884,62
884,28
884,42
884,34
884,31
884,16
884,16
884,94
884,44
884,2
885,2
885,22
885,21
885,25
885,3
885,53
885,66
885,4
885,39
885,49
885,98
885,61
885,5
885,126
885,98
885,74
885,98
885,16
886,16
886,12
886,23
886,17
886,40
886,44
886,98
886,7
886,25
886,70
886,38
886,93
886,21
886,142
886,69
886,115
887,98
887,55
887,115
887,38
887,116
887,56
887,33
887,117
887,62
887,24
887,118
887,98
887,42
887,57
887,9
887,41
887,24
887,112
887,115
887,115
887,17
887,56
888,15
888,91
888,56
888,41
888,23
888,98
888,4
888,32
888,92
888,13
888,28
888,35
888,21
888,69
888,55
888,28
888,15
888,12
888,136
888,95
888,54
888,76
888,93
888,90
889,121
889,57
889,25
889,90
889,34
889,55
889,75
889,136
889,98
889,91
889,24
889,74
889,50
889,92
889,93
889,45
889,100
889,98
890,22
890,22
890,98
891,12
891,98
891,22
891,25
891,50
891,23
891,44
891,62
891,69
891,4
891,74
891,13
891,32
891,57
891,24
891,22
891,98
891,98
891,51
891,107
891,34
891,14
891,26
891,33
891,26
891,44
891,136
891,24
891,30
891,93
891,40
891,119
891,22
891,52
891,99
892,43
892,44
892,55
892,94
892,41
892,70
892,22
892,98
892,71
892,74
892,53
892,99
892,51
892,58
892,93
892,23
892,12
892,100
892,95
892,32
892,13
892,57
892,88
893,22
893,74
893,28
893,50
893,94
893,69
893,13
893,40
893,98
893,4
893,23
893,64
893,38
893,41
893,60
894,44
894,44
894,46
894,98
894,13
894,114
894,47
894,33
894,28
894,89
894,22
894,94
894,6
894,38
894,42
894,113
894,95
894,7
894,21
894,46
894,62
894,8
894,28
894,139
894,33
894,84
894,136
894,74
894,57
894,29
894,8
894,55
894,50
894,50
894,60
894,26
894,25
894,129
894,33
894,117
894,17
895,44
895,62
895,4
895,40
895,22
895,76
895,17
895,123
895,55
895,94
895,18
895,15
895,65
895,28
895,54
895,19
895,114
895,22
895,7
895,22
895,15
895,93
895,55
895,96
895,22
895,47
895,49
895,69
896,94
896,28
896,17
896,25
896,6
896,33
896,139
896,29
896,55
896,26
896,38
896,84
896,117
896,115
896,129
896,46
896,12
896,8
896,62
896,29
896,44
896,47
896,95
896,21
896,33
896,50
896,50
896,94
896,98
896,74
896,60
896,42
896,7
896,33
896,114
896,73
896,22
897,4
897,24
897,78
897,96
897,69
897,33
897,49
897,98
897,87
897,38
897,22
897,33
897,90
897,66
897,56
897,60
897,12
897,23
897,61
897,47
897,115
897,24
897,16
897,22
897,22
897,25
897,9
897,12
897,55
897,38
897,26
898,12
898,98
898,26
898,91
898,26
898,24
898,100
898,54
898,55
898,32
898,44
898,27
898,33
898,22
898,98
898,74
898,41
898,28
899,70
899,98
899,98
899,28
899,4
899,23
899,62
899,97
899,74
899,59
899,54
899,29
899,94
899,41
899,23
899,28
899,69
899,115
899,57
899,73
899,72
899,66
899,13
899,39
899,74
899,73
900,16
900,4
900,86
900,50
900,98
900,88
900,9
900,73
900,44
900,74
900,98
900,87
900,59
900,142
900,115
900,75
900,78
900,76
900,98
900,15
900,48
900,12
900,61
900,77
900,29
900,115
900,22
900,56
901,38
901,16
901,26
901,46
901,55
901,115
901,50
901,5
901,69
901,24
901,56
901,56
901,33
901,57
901,24
901,117
901,39
901,54
901,71
901,40
901,7
901,74
901,69
901,33
901,52
901,47
901,115
901,41
901,4
901,58
901,47
901,121
901,59
901,60
902,16
902,26
902,113
902,22
902,17
902,25
902,33
902,115
902,18
902,67
902,69
902,22
902,60
902,61
903,25
903,28
903,61
903,62
903,100
903,43
903,61
903,37
903,63
903,96
903,42
903,19
903,44
903,100
903,98
903,29
904,22
904,50
904,38
904,8
904,118
904,47
904,55
904,36
904,28
904,55
904,13
904,23
905,43
905,95
905,94
905,23
905,90
905,4
905,31
905,24
905,136
905,60
905,25
905,26
905,93
905,23
905,94
905,94
905,15
905,100
905,57
905,22
905,77
905,127
905,27
905,14
905,37
906,93
906,25
906,63
906,23
906,37
906,49
906,33
906,23
906,100
906,47
906,90
906,22
906,94
906,23
906,31
906,69
906,16
906,95
906,38
906,44
906,43
906,94
906,94
906,33
907,43
907,95
907,44
907,55
907,33
907,41
907,22
907,31
907,44
907,90
907,18
907,37
907,27
907,51
907,34
907,26
907,35
907,22
907,23
907,26
907,15
907,4
907,53
908,22
908,98
908,97
908,98
908,142
908,69
908,13
908,33
908,50
908,35
908,50
908,50
908,28
908,129
908,66
908,94
908,48
908,29
908,15
908,38
909,50
909,126
909,22
909,48
909,38
909,98
909,22
909,33
909,94
909,13
909,4
909,23
909,119
909,68
909,12
909,38
909,15
909,22
909,26
910,26
910,100
910,69
910,53
910,98
910,14
910,25
910,22
910,66
910,94
910,26
910,4
910,138
910,136
911,25
911,69
911,22
911,4
911,34
911,22
911,93
911,38
911,98
911,40
911,98
911,33
911,22
911,5
911,76
911,78
911,28
911,61
911,55
911,71
911,29
911,13
911,42
911,141
911,60
911,87
911,86
912,16
912,4
912,15
912,33
912,74
912,98
912,94
912,8
912,14
912,50
912,54
912,13
912,22
912,33
912,23
912,71
912,21
912,138
912,52
912,69
912,123
912,142
912,124
912,139
912,61
912,22
912,42
912,82
912,55
912,44
912,43
912,66
912,127
912,16
912,19
912,20
912,33
913,7
913,55
913,33
913,26
913,56
913,44
913,74
913,98
913,34
913,50
913,98
913,44
913,71
913,28
913,86
913,93
913,15
913,5
913,33
913,93
913,16
913,16
913,70
913,94
913,115
913,22
913,113
913,32
913,35
913,73
913,33
913,38
913,33
913,38
914,83
914,23
914,50
914,50
914,4
914,45
914,115
914,38
914,57
914,136
914,97
914,45
914,35
914,52
914,22
914,61
914,86
914,8
914,73
914,58
914,16
914,41
915,38
915,12
915,56
915,14
915,24
915,100
915,22
915,33
915,86
915,51
915,34
915,41
915,121
915,74
915,43
915,95
915,25
915,4
915,107
915,60
915,69
915,23
915,98
915,21
915,78
915,32
915,42
916,43
916,95
916,44
916,94
916,16
916,55
916,93
916,60
916,48
916,55
916,4
916,62
916,94
916,22
916,27
916,22
916,26
916,8
916,120
916,74
916,98
916,66
916,115
916,98
916,23
917,56
917,16
917,22
917,55
917,97
917,98
917,23
917,7
917,26
917,29
917,42
917,33
917,33
917,115
917,17
917,5
917,24
917,98
917,71
917,44
917,24
917,86
917,52
918,33
918,115
918,98
918,116
918,33
918,74
918,56
918,8
918,17
918,55
918,76
918,46
918,71
918,59
918,142
918,141
918,52
918,50
918,32
918,55
918,24
918,115
918,140
918,37
918,117
918,7
918,98
918,42
918,52
918,16
919,12
919,96
919,16
919,17
919,98
919,18
919,25
919,26
919,19
919,24
919,41
919,20
919,69
919,94
919,25
919,97
919,29
919,37
919,14
919,94
919,45
919,68
919,15
919,54
919,21
919,141
919,21
919,22
919,76
919,43
919,101
919,28
919,82
919,138
919,140
919,142
920,98
920,98
920,50
920,69
920,4
920,34
920,142
920,78
920,77
920,59
920,24
920,142
920,87
920,15
920,24
920,22
920,76
920,143
920,144
920,145
920,12
920,45
920,48
920,57
920,74
920,115
920,61
920,29
920,56
921,16
921,22
921,98
921,7
921,33
921,50
921,4
921,71
921,46
921,38
921,22
921,38
921,52
921,57
921,60
921,61
921,56
921,70
921,29
921,23
921,130
921,127
921,36
921,29
921,113
921,30
921,57
921,59
921,94
921,29
921,84
921,33
922,98
922,55
922,25
922,69
922,74
922,33
922,58
922,115
922,62
922,34
922,22
922,74
922,28
922,35
922,12
922,15
922,93
923,98
923,16
923,50
923,55
923,38
923,107
923,4
923,55
923,8
923,41
923,26
923,44
923,93
923,74
923,94
923,66
924,116
924,55
924,44
924,50
924,53
924,33
924,55
924,33
924,86
924,52
924,34
924,22
924,115
924,25
924,66
924,12
924,14
924,73
924,29
924,98
924,42
925,26
925,24
925,61
925,98
925,60
925,25
925,127
925,15
925,22
925,22
925,16
925,54
925,33
925,93
925,86
925,55
925,71
925,93
925,98
925,22
925,33
925,115
925,8
925,50
926,63
926,68
926,55
926,70
926,55
926,18
926,55
926,56
926,75
926,17
926,28
926,23
926,115
927,94
927,115
927,116
927,44
927,15
930,12
930,37
930,22
930,8
930,74
930,33
930,15
930,44
930,97
930,28
930,22
930,71
930,100
930,23
930,25
930,29
930,94
930,31
931,43
931,95
931,94
931,44
931,61
931,21
931,55
931,115
931,71
931,31
931,15
932,26
932,44
932,40
932,8
932,51
932,100
932,26
932,121
932,12
932,104
932,26
932,32
932,24
932,152
932,22
932,35
932,15
932,55
932,118
932,28
932,54
932,115
932,4
932,98
932,22
932,38
932,16
932,23
932,31
932,115
933,23
933,98
933,113
933,16
933,72
933,38
933,115
933,55
933,119
933,93
933,47
933,61
933,74
933,52
933,56
933,62
933,32
933,100
933,116
933,115
933,26
933,96
933,4
933,94
933,44
933,18
933,33
933,29
933,115
934,98
934,16
934,113
934,4
934,50
934,94
934,61
934,55
934,12
934,21
934,100
934,28
934,106
934,58
934,66
935,22
935,16
935,7
935,37
935,29
935,43
935,120
935,98
935,101
935,4
935,118
935,24
935,73
935,21
935,22
935,23
936,50
936,5
936,4
936,21
936,98
936,29
936,24
936,7
936,40
936,45
936,98
936,56
936,44
936,16
936,23
936,26
936,98
936,24
936,77
936,34
936,90
936,97
936,51
937,55
937,39
937,90
937,54
937,54
937,44
937,29
937,4
937,24
937,58
937,12
937,43
937,23
937,41
937,37
937,55
937,41
937,36
937,59
937,54
937,62
937,98
937,115
937,33
937,21
937,42
937,49
937,50
937,100
937,37
937,45
937,16
937,78
937,44
937,58
937,8
937,38
937,33
937,22
938,37
938,38
938,16
938,24
938,23
938,94
938,22
938,37
938,33
938,74
938,52
938,61
938,42
938,43
938,44
938,33
938,90
938,24
938,26
938,21
938,49
938,50
938,62
938,74
938,78
938,47
938,116
938,23
938,115
938,15
938,43
938,12
938,33
938,113
938,42
938,56
938,23
938,54
938,54
938,55
939,55
939,56
939,15
939,29
939,53
939,55
939,9
939,24
939,14
939,57
939,53
939,61
939,100
939,24
940,55
940,15
940,29
940,55
940,44
940,53
940,9
940,24
940,14
940,57
940,53
940,100
940,24
941,16
941,24
941,25
941,4
941,77
941,60
941,93
941,34
941,71
941,53
941,26
941,94
941,27
941,69
941,21
941,22
941,28
941,33
941,69
941,70
941,43
941,95
941,44
942,16
942,22
942,98
942,55
942,44
942,97
942,22
942,127
942,4
942,14
942,71
942,97
942,61
942,96
942,26
942,58
942,25
942,44
942,67
942,27
942,21
942,8
942,94
942,50
942,22
943,72
943,31
943,22
943,23
943,24
943,56
943,8
943,33
943,29
944,16
944,31
944,25
944,22
944,54
944,50
944,62
944,8
944,33
944,55
944,26
944,15
945,16
945,72
945,31
945,25
945,17
945,9
945,50
945,33
945,115
945,29
945,15
946,29
946,31
946,72
946,23
946,9
946,22
946,16
946,26
946,33
946,8
946,56
946,25
946,115
947,115
947,44
947,98
947,32
947,45
947,102
947,21
947,14
947,57
947,13
947,116
947,69
947,64
947,12
947,63
947,55
947,49
947,56
947,65
947,67
947,60
947,72
947,98
947,66
947,46
947,23
947,94
947,53
948,25
948,53
948,54
948,54
948,4
948,55
948,16
948,72
948,61
948,55
949,98
949,69
949,16
949,25
949,21
949,26
949,74
949,15
949,22
949,22
949,12
950,55
950,56
950,78
950,55
950,44
950,98
950,55
950,9
950,24
950,14
950,61
950,24
951,12
951,98
951,72
951,29
951,4
951,23
951,141
951,36
951,50
951,9
951,26
951,60
951,87
952,12
952,61
952,33
952,98
952,44
952,37
952,69
952,58
952,98
952,4
952,22
952,74
952,87
952,70
952,33
952,45
952,65
952,36
952,78
952,33
952,88
952,100
952,115
952,33
952,96
952,75
952,28
952,33
952,53
952,70
952,56
953,25
953,56
953,98
953,98
953,46
953,93
953,7
953,4
953,95
953,98
953,98
953,47
953,69
953,44
953,5
953,61
953,22
953,76
953,57
953,51
953,86
953,24
953,58
953,26
953,78
953,61
953,28
953,33
953,56
953,15
953,93
953,50
953,16
953,59
953,74
953,76
953,12
955,28
955,44
955,98
955,107
955,97
955,33
955,35
955,16
955,4
955,12
955,37
955,94
955,61
955,24
956,22
956,113
956,4
956,24
956,56
956,19
956,65
956,33
956,115
956,21
956,68
956,70
956,22
956,25
956,95
956,40
956,24
956,52
957,12
957,98
957,44
957,69
957,113
957,28
957,52
957,21
957,31
957,52
957,37
957,23
957,25
957,53
957,24
957,72
957,61
957,23
958,16
958,98
958,50
958,46
958,34
958,91
958,98
958,86
958,74
958,31
958,98
958,90
958,88
958,77
958,51
958,78
958,56
958,5
958,97
958,22
958,104
958,61
958,87
958,26
958,144
958,29
958,12
958,34
958,45
958,21
958,142
958,115
958,23
958,142
958,56
959,94
960,74
960,126
960,94
960,95
960,55
960,55
960,22
960,33
960,51
960,96
960,23
960,68
960,136
960,28
960,97
960,98
960,23
960,29
960,45
960,16
960,42
960,99
960,37
961,98
961,44
961,51
961,58
961,53
961,4
961,68
961,90
961,103
961,113
961,125
961,9
961,54
961,33
961,120
961,64
961,96
963,57
963,142
963,98
963,59
963,58
963,94
963,15
963,95
963,50
963,60
963,61
963,15
963,94
963,75
963,33
963,69
963,26
963,74
963,23
963,41
963,107
963,78
963,55
963,23
963,98
963,12
964,113
964,53
964,12
964,93
964,25
964,13
964,26
964,73
964,14
964,94
964,22
964,55
964,115
964,15
965,98
965,33
965,26
965,115
965,138
965,43
966,98
966,43
966,26
966,138
967,42
967,22
967,25
967,62
967,26
967,50
967,74
967,14
967,96
967,98
967,26
967,22
967,47
967,14
967,100
967,41
967,8
967,93
967,15
967,55
967,95
967,117
967,67
967,66
967,68
967,12
967,138
968,16
968,98
968,4
968,50
968,46
968,138
968,69
968,32
968,38
968,86
968,139
968,98
968,140
968,5
968,141
968,26
968,59
968,142
968,51
968,78
968,56
968,44
968,104
968,61
968,15
968,29
968,12
968,34
968,48
968,57
968,142
968,115
968,56
969,16
969,98
969,4
969,93
969,95
969,69
969,44
969,56
969,46
969,39
969,57
969,5
969,87
969,58
969,24
969,94
969,82
969,142
969,59
969,60
969,62
969,115
969,116
969,61
969,24
969,62
969,45
969,74
969,63
969,115
969,29
969,145
969,64
969,61
969,77
969,87
969,45
969,74
969,12
969,22
970,4
970,5
970,96
970,22
970,94
970,69
970,140
970,4
970,98
970,24
970,9
970,142
970,66
970,47
970,97
970,26
970,82
970,51
970,24
970,77
970,95
970,87
970,98
970,116
970,87
970,22
970,98
970,50
970,115
970,56
970,74
970,41
970,45
971,94
971,98
971,69
971,107
971,16
971,45
971,46
971,25
971,47
971,73
971,48
971,74
971,38
971,61
971,61
971,38
971,49
971,45
971,22
971,42
972,12
972,26
972,60
972,44
972,42
972,73
972,98
972,52
972,37
972,43
972,47
972,66
973,22
973,98
973,115
973,55
973,31
973,69
973,46
973,8
973,42
973,73
973,50
973,5
973,21
973,56
973,33
973,61
973,24
973,24
973,71
973,7
973,52
973,33
973,55
974,23
974,98
974,25
974,98
974,24
974,50
974,78
974,55
974,23
974,68
974,50
974,17
974,4
974,113
974,40
974,76
974,90
974,55
974,23
974,56
974,24
974,26
974,86
974,57
975,57
975,57
975,66
975,4
975,33
975,26
975,49
975,14
975,22
975,19
975,16
975,59
975,126
975,69
975,23
975,28
975,98
975,113
975,34
975,118
975,58
975,56
975,74
975,61
975,71
975,98
975,74
975,59
975,55
975,97
975,22
975,33
975,31
976,23
976,98
976,97
976,13
976,74
976,57
976,28
976,55
976,118
976,113
976,33
976,31
976,19
976,98
976,56
976,4
976,69
976,33
976,58
976,71
976,57
976,22
976,71
976,67
976,14
976,34
976,54
976,22
976,74
976,66
976,26
976,17
976,61
976,100
976,51
976,16
976,95
977,45
977,95
977,15
977,4
977,16
977,73
977,74
977,97
977,54
977,25
977,26
977,23
977,98
977,22
977,71
977,50
977,98
977,62
977,50
978,96
978,98
978,94
978,95
978,44
978,56
978,98
978,46
978,39
978,57
978,23
978,87
978,58
978,24
978,82
978,47
978,142
978,59
978,60
978,115
978,88
978,116
978,24
978,62
978,45
978,31
978,74
978,63
978,60
978,115
978,64
978,61
978,87
978,45
978,74
978,67
978,12
978,22
978,93
979,24
979,47
979,69
979,65
979,26
979,42
979,59
979,117
979,55
979,41
979,50
979,12
979,93
979,104
979,12
979,116
979,90
979,97
979,17
979,47
979,98
979,24
979,16
979,53
979,4
979,74
979,49
979,61
979,56
979,23
979,35
979,17
979,22
979,93
979,38
979,22
979,33
979,23
979,86
979,98
979,26
979,68
979,43
979,26
979,94
979,54
979,95
979,78
980,69
980,78
980,115
980,55
980,25
980,61
980,120
980,19
980,12
980,22
980,25
980,44
980,22
980,26
980,15
980,100
980,50
980,24
980,61
981,12
981,22
981,69
981,8
981,113
981,98
981,44
981,33
981,46
981,47
981,71
981,61
981,77
981,72
981,4
981,54
981,76
981,50
981,39
981,54
981,61
981,58
981,62
981,37
981,29
981,98
981,59
981,95
981,63
981,25
981,33
981,86
981,71
981,50
981,60
981,87
982,12
982,72
982,15
982,4
982,94
982,50
982,54
982,61
982,87
982,55
982,21
982,95
982,16
982,33
983,44
983,45
983,37
983,86
983,29
983,73
983,22
983,4
983,97
983,61
983,27
983,16
983,50
983,14
983,57
983,26
983,60
983,71
983,44
983,25
983,13
983,23
983,98
983,22
983,74
983,23
984,29
984,73
984,78
984,61
984,69
984,89
984,55
984,46
984,115
984,16
984,42
984,55
984,14
984,69
984,61
984,7
984,102
984,52
984,24
984,98
984,115
984,59
984,94
984,38
984,23
984,142
984,71
984,70
984,127
984,62
984,4
984,24
984,73
984,75
984,50
984,74
984,76
984,33
984,55
984,21
985,12
985,98
985,72
985,25
985,50
985,57
985,18
985,117
985,24
985,71
985,33
985,78
985,29
985,21
986,26
986,69
986,8
986,24
986,46
986,56
986,65
986,21
986,138
986,52
986,140
986,142
986,14
986,13
986,39
986,94
986,37
986,38
986,29
986,98
986,42
986,25
986,54
986,21
986,50
986,86
986,33
986,15
986,22
986,61
986,28
986,97
986,56
986,37
986,113
986,145
986,126
986,22
986,38
986,4
986,63
986,52
986,49
986,70
986,45
986,43
986,44
986,51
986,104
986,128
986,131
986,103
986,19
987,12
987,98
987,22
987,23
987,53
987,90
987,90
987,44
987,4
987,126
987,41
987,113
987,78
987,24
987,54
987,61
987,19
987,28
987,100
987,12
987,21
987,49
987,22
987,42
987,54
987,50
987,49
987,44
987,45
989,36
989,16
989,89
989,71
989,26
989,55
989,62
989,57
989,98
989,24
989,50
989,9
989,116
989,42
989,56
989,24
989,45
989,33
989,8
989,5
989,38
989,62
989,86
989,115
989,56
989,26
989,98
990,43
990,95
990,44
990,94
990,16
990,55
990,4
990,62
990,74
990,46
990,98
990,98
990,22
990,38
990,22
990,41
990,23
990,126
990,93
990,15
990,16
990,94
991,41
991,15
991,22
991,43
991,74
991,95
991,55
991,98
991,43
991,44
991,97
991,62
991,126
991,55
991,22
991,94
991,4
991,94
991,23
992,12
992,25
992,56
992,26
992,98
992,44
992,9
992,54
992,46
992,23
992,76
992,4
992,7
992,97
992,22
992,23
992,76
992,21
992,24
993,22
993,93
993,74
993,74
993,28
993,24
993,45
993,69
993,70
993,78
993,25
993,40
993,98
993,59
993,136
993,78
993,33
993,27
993,26
993,57
993,99
993,22
993,42
993,27
993,66
993,24
993,50
993,12
993,23
993,33
993,28
993,35
993,22
994,101
994,50
994,16
994,22
994,23
994,45
994,22
994,24
994,12
994,35
994,22
994,13
994,25
995,98
995,16
995,23
995,94
995,44
995,117
995,136
995,74
995,100
995,25
995,54
995,24
995,65
995,26
995,78
995,22
995,26
995,55
995,61
995,47
996,16
996,22
996,8
996,55
996,44
996,127
996,61
996,93
996,38
996,90
996,98
996,46
996,21
996,26
996,76
996,41
996,97
996,55
996,45
996,44
996,55
996,29
996,74
996,63
996,34
996,59
996,76
996,142
997,97
997,22
997,76
997,16
997,142
997,138
997,55
997,26
997,89
997,7
997,66
997,21
997,15
997,62
997,136
997,33
997,93
997,105
997,40
997,50
997,143
997,98
997,21
998,43
998,95
998,44
998,16
998,44
998,40
998,4
998,38
998,42
998,43
998,44
998,45
998,22
998,49
998,50
998,15
998,26
998,12
998,54
998,23
998,25
999,71
999,50
999,60
999,138
999,57
999,128
999,33
999,8
999,25
999,39
999,75
999,23
999,21
999,141
999,65
999,52
999,31
999,139
999,97
999,25
999,28
999,57
999,22
999,26
999,93
999,94
999,27
999,26
999,44
999,15
999,28
1000,22
1000,50
1000,4
1000,28
1000,95
1000,22
1000,44
1000,29
1000,74
1000,71
1000,90
1000,30
1000,55
1000,74
1000,41
1000,89
1000,52
1000,61
1000,31
1000,58
1000,32
1000,55
1000,59
1000,27
1000,115
1001,101
1001,26
1001,136
1001,12
1001,69
1001,53
1001,102
1001,98
1001,15
1002,23
1002,98
1002,44
1002,22
1002,37
1002,98
1002,25
1002,39
1002,47
1002,23
1002,22
1002,54
1002,65
1002,61
1002,16
1002,23
1003,28
1003,23
1003,113
1003,33
1003,90
1003,29
1003,67
1003,24
1003,98
1003,15
1003,50
1003,41
1003,75
1003,60
1003,22
1003,70
1003,25
1003,21
1003,17
1003,51
1003,16
1003,93
1004,16
1004,74
1004,19
1004,94
1004,95
1004,55
1004,55
1004,22
1004,98
1004,98
1004,51
1004,23
1004,68
1004,15
1004,136
1004,61
1004,28
1004,97
1004,50
1004,98
1004,23
1004,29
1004,45
1004,16
1004,42
1004,99
1004,40
1004,37
1005,7
1005,93
1005,91
1005,78
1005,55
1005,74
1005,26
1005,46
1005,37
1005,98
1005,98
1005,50
1005,22
1005,100
1005,69
1006,16
1006,33
1006,98
1006,44
1006,25
1006,22
1006,127
1006,4
1006,14
1006,71
1006,97
1006,61
1006,113
1006,96
1006,26
1006,58
1006,44
1006,27
1006,21
1006,8
1006,94
1007,50
1007,94
1007,32
1007,28
1007,100
1007,8
1007,23
1007,19
1007,33
1007,146
1007,49
1007,29
1007,74
1007,29
1007,22
1007,74
1007,142
1007,4
1007,68
1007,69
1007,55
1007,47
1007,50
1007,98
1007,16
1007,54
1007,98
1007,98
1007,94
1007,61
1007,26
1007,55
1007,119
1007,95
1007,21
1008,112
1008,95
1008,98
1008,22
1008,93
1008,60
1008,37
1008,44
1008,99
1008,27
1008,54
1008,55
1008,50
1008,101
1008,43
1008,56
1008,57
1008,4
1008,68
1008,53
1008,57
1008,14
1008,56
1008,29
1008,115
1008,100
1008,26
1008,21
1008,23
1008,22
1009,16
1009,22
1009,8
1009,7
1009,44
1009,33
1009,45
1009,46
1009,47
1009,50
1009,36
1009,138
1009,6
1009,24
1009,13
1009,37
1009,44
1009,24
1009,51
1009,25
1009,55
1009,68
1009,29
1009,38
1009,22
1009,52
1009,38
1009,23
1009,25
1009,115
1010,12
1010,42
1010,141
1010,120
1010,21
1010,63
1010,15
1010,71
1010,136
1010,94
1010,55
1010,50
1010,24
1010,22
1010,50
1010,7
1010,8
1010,4
1010,50
1010,94
1010,15
1010,16
1010,100
1010,40
1010,142
1010,17
1010,22
1010,15
1011,94
1011,71
1011,68
1011,45
1011,25
1011,51
1011,16
1011,45
1011,8
1011,47
1011,115
1011,21
1011,15
1011,38
1011,50
1011,33
1011,50
1011,52
1011,44
1011,60
1011,28
1011,22
1011,138
1011,7
1011,73
1011,31
1011,46
1011,51
1012,25
1012,86
1012,28
1012,55
1012,70
1012,115
1012,23
1012,94
1012,58
1012,28
1012,75
1012,5
1012,55
1012,51
1013,51
1013,22
1013,64
1013,51
1013,33
1013,52
1013,115
1013,14
1013,42
1013,45
1013,47
1013,53
1013,54
1014,15
1014,53
1014,41
1014,22
1014,22
1014,136
1014,54
1014,22
1014,33
1014,23
1014,100
1014,24
1014,50
1015,12
1015,33
1015,94
1015,4
1015,60
1015,98
1015,136
1015,19
1015,48
1015,8
1015,22
1015,13
1015,61
1015,15
1015,93
1015,39
1015,44
1015,57
1015,73
1015,15
1015,50
1015,94
1015,95
1015,51
1015,17
1015,29
1015,22
1015,66
1016,98
1016,63
1016,68
1016,55
1016,55
1016,18
1016,55
1016,56
1016,75
1016,23
1016,115
1016,31
1017,38
1017,22
1017,113
1017,19
1017,4
1017,33
1017,40
1017,52
1017,31
1017,22
1017,25
1017,115
1017,70
1017,32
1018,16
1018,44
1018,55
1018,32
1018,22
1018,25
1018,33
1018,98
1018,28
1018,24
1018,26
1018,26
1018,33
1019,61
1019,93
1019,69
1019,33
1019,98
1019,23
1019,12
1019,24
1019,33
1019,22
1019,69
1020,95
1020,22
1020,33
1020,94
1020,69
1020,70
1020,71
1021,16
1021,33
1021,71
1021,72
1021,51
1021,55
1021,73
1021,4
1021,69
1021,41
1021,98
1021,5
1021,74
1021,78
1021,23
1021,74
1021,21
1021,93
1021,8
1021,67
1021,25
1021,75
1021,113
1021,25
1021,76
1021,77
1021,49
1021,100
1021,78
1021,50
1021,142
1021,62
1021,79
1021,57
1021,89
1021,141
1021,139
1021,42
1021,61
1022,27
1022,34
1022,5
1022,22
1022,126
1022,62
1022,50
1022,32
1022,61
1022,24
1022,74
1022,78
1022,93
1022,70
1022,41
1022,23
1022,101
1022,62
1022,98
1022,23
1022,63
1022,73
1022,16
1022,41
1023,102
1023,4
1023,98
1023,68
1023,78
1023,41
1023,55
1023,41
1023,101
1023,39
1023,33
1023,69
1023,38
1023,15
1023,44
1023,41
1023,42
1023,29
1023,60
1023,15
1023,138
1023,30
1023,31
1023,98
1023,22
1023,13
1023,43
1024,6
1024,61
1024,29
1024,52
1024,52
1024,47
1024,71
1024,8
1024,22
1024,45
1024,37
1024,33
1024,4
1024,44
1024,38
1024,107
1024,38
1024,115
1024,55
1024,36
1024,25
1024,23
1024,57
1024,22
1024,46
1024,44
1024,21
1024,68
1024,25
1024,24
1025,24
1025,25
1025,26
1025,27
1025,39
1025,138
1025,28
1025,29
1025,23
1025,30
1025,31
1025,32
1025,15
1025,33
1026,33
1026,32
1026,98
1026,27
1026,30
1026,39
1026,33
1026,64
1026,34
1026,35
1026,35
1026,31
1026,24
1026,27
1026,36
1026,26
1026,28
1026,37
1026,23
1027,39
1027,23
1027,30
1027,29
1027,37
1027,64
1027,27
1027,24
1027,22
1027,36
1027,25
1027,98
1027,26
1027,33
1027,32
1027,27
1027,28
1028,33
1028,22
1028,15
1028,64
1028,34
1028,35
1028,35
1028,24
1028,24
1028,43
1028,32
1028,98
1028,27
1028,30
1028,29
1028,39
1028,36
1028,26
1028,37
1028,26
1028,23
1028,23
1029,22
1029,15
1029,74
1029,32
1029,98
1029,27
1029,25
1029,30
1029,29
1029,39
1029,34
1029,35
1029,35
1029,24
1029,31
1029,24
1029,36
1030,32
1030,98
1030,27
1030,25
1030,30
1030,26
1030,29
1030,39
1030,64
1030,34
1030,31
1030,27
1030,36
1030,26
1030,37
1030,23
1030,23
1031,64
1031,23
1031,98
1031,22
1031,25
1031,33
1031,32
1031,29
1031,26
1031,27
1034,26
1034,45
1034,16
1034,55
1034,66
1034,50
1034,29
1034,42
1034,94
1034,24
1034,4
1034,27
1034,62
1034,16
1034,12
1034,125
1034,28
1034,22
1034,23
1034,57
1034,22
1034,26
1034,105
1034,28
1034,50
1034,29
1034,71
1034,22
1034,33
1034,98
1035,16
1035,7
1035,4
1035,57
1035,33
1035,147
1035,47
1035,4
1035,98
1035,71
1035,99
1035,22
1035,100
1035,57
1035,45
1035,50
1035,14
1035,51
1035,55
1035,29
1035,101
1035,70
1035,23
1035,25
1035,13
1035,24
1035,141
1035,115
1035,102
1035,28
1035,103
1035,112
1035,104
1035,123
1035,105
1035,138
1035,106
1035,139
1036,12
1036,37
1036,55
1036,56
1036,37
1036,33
1036,98
1036,78
1036,49
1036,22
1036,62
1036,24
1036,22
1036,33
1036,52
1036,47
1036,139
1036,94
1036,140
1036,103
1036,31
1036,68
1036,141
1036,74
1037,21
1037,51
1037,69
1037,107
1037,66
1037,40
1037,16
1037,45
1037,61
1037,60
1037,62
1037,55
1037,22
1037,74
1037,41
1037,74
1037,54
1037,50
1037,23
1037,50
1037,42
1038,107
1038,8
1038,71
1038,61
1038,46
1038,31
1038,51
1038,74
1038,22
1038,119
1038,78
1038,25
1038,119
1038,15
1038,95
1038,66
1038,100
1038,21
1039,34
1039,98
1039,21
1039,21
1039,50
1039,20
1039,55
1039,22
1039,24
1039,49
1040,12
1040,96
1040,16
1040,15
1040,98
1040,18
1040,25
1040,95
1040,26
1040,49
1040,19
1040,54
1040,58
1040,24
1040,41
1040,20
1040,69
1040,29
1040,98
1040,37
1040,94
1040,45
1040,22
1040,15
1040,21
1040,141
1040,42
1040,21
1040,22
1040,76
1040,43
1040,101
1040,28
1040,83
1040,138
1040,142
1041,112
1041,74
1041,49
1041,42
1041,28
1041,23
1041,101
1041,60
1041,78
1041,33
1041,142
1041,117
1041,8
1041,29
1041,33
1041,28
1041,17
1041,115
1041,22
1041,126
1041,98
1041,44
1041,89
1041,55
1041,26
1041,57
1042,22
1042,22
1042,37
1042,98
1042,44
1042,97
1042,58
1042,45
1042,22
1042,52
1042,56
1042,61
1042,57
1042,57
1042,115
1042,136
1042,23
1042,41
1042,58
1042,43
1042,89
1042,44
1043,16
1043,98
1043,31
1043,28
1043,33
1043,136
1043,44
1043,151
1043,26
1043,45
1043,100
1043,13
1043,15
1043,23
1043,67
1043,18
1043,64
1043,22
1044,54
1044,23
1044,37
1044,61
1044,113
1044,4
1044,69
1044,98
1044,22
1044,103
1044,31
1044,19
1044,115
1044,68
1044,62
1044,90
1044,16
1044,22
1045,71
1045,19
1045,57
1045,60
1045,25
1045,56
1045,22
1045,38
1045,33
1045,98
1045,34
1045,26
1045,50
1045,51
1045,25
1045,61
1045,61
1045,29
1045,38
1045,60
1045,45
1045,73
1045,12
1045,35
1045,44
1045,23
1045,13
1045,25
1046,50
1046,25
1046,25
1046,48
1046,66
1046,23
1046,4
1046,115
1046,21
1046,26
1046,114
1046,33
1046,40
1046,16
1046,54
1046,53
1046,28
1046,67
1046,44
1046,94
1046,50
1047,16
1047,4
1047,95
1047,69
1047,30
1047,50
1047,51
1047,52
1047,76
1047,107
1047,32
1047,22
1047,55
1047,93
1048,16
1048,95
1048,94
1048,62
1048,86
1048,74
1048,15
1048,71
1048,34
1048,61
1048,55
1048,100
1048,93
1048,50
1048,97
1048,53
1048,106
1048,35
1048,94
1048,93
1048,50
1048,111
1048,44
1048,30
1048,95
1048,19
1048,67
1048,105
1048,56
1048,26
1048,103
1048,60
1048,21
1048,42
1049,12
1049,22
1049,15
1049,93
1049,42
1049,23
1049,98
1049,41
1049,60
1049,31
1049,74
1049,53
1049,38
1049,57
1049,17
1049,8
1049,23
1049,66
1049,23
1049,12
1049,50
1049,15
1049,136
1049,43
1050,56
1050,40
1050,22
1050,22
1050,61
1050,24
1050,95
1050,115
1050,19
1050,70
1050,33
1050,24
1050,25
1050,4
1050,22
1050,21
1051,67
1051,66
1051,33
1051,24
1051,8
1051,12
1051,24
1051,74
1051,23
1051,31
1051,26
1051,74
1051,126
1051,54
1051,32
1051,42
1051,22
1051,113
1051,57
1051,16
1051,55
1051,17
1051,40
1051,4
1051,45
1051,9
1051,26
1052,95
1052,94
1052,44
1052,26
1052,4
1052,98
1052,62
1052,90
1052,98
1052,71
1052,14
1052,99
1052,52
1052,41
1052,98
1052,17
1052,142
1052,50
1052,51
1052,23
1052,35
1052,45
1052,50
1052,97
1052,127
1052,24
1052,21
1052,51
1052,100
1052,53
1052,24
1052,47
1052,15
1052,69
1052,34
1052,33
1052,28
1053,28
1053,7
1053,74
1053,33
1053,4
1053,69
1053,56
1053,44
1053,97
1053,116
1053,41
1053,29
1053,98
1053,100
1053,113
1053,94
1053,51
1053,55
1053,128
1053,93
1053,22
1053,30
1054,39
1054,95
1054,25
1054,33
1054,30
1054,93
1054,44
1054,31
1054,74
1054,142
1054,118
1054,76
1054,17
1054,93
1054,22
1054,45
1054,16
1054,14
1054,1
1054,94
1054,98
1054,50
1054,32
1054,58
1054,43
1056,50
1056,69
1056,98
1056,51
1056,24
1056,90
1056,49
1056,116
1056,26
1056,65
1056,78
1056,29
1056,100
1056,115
1056,15
1056,29
1056,47
1056,4
1056,57
1056,23
1056,16
1056,39
1057,12
1057,22
1057,93
1057,98
1057,95
1057,94
1057,69
1057,33
1057,46
1057,74
1057,29
1057,55
1057,96
1057,74
1057,62
1057,64
1057,22
1057,65
1057,98
1057,73
1057,50
1057,28
1057,54
1057,55
1057,52
1057,39
1057,52
1057,41
1057,63
1057,72
1057,112
1057,29
1057,70
1057,24
1057,60
1057,46
1057,70
1057,58
1057,14
1057,22
1057,53
1057,23
1057,25
1057,40
1057,37
1057,65
1057,41
1057,69
1057,45
1057,61
1057,42
1057,59
1057,56
1057,23
1057,56
1057,22
1057,66
1057,34
1057,33
1057,69
1057,87
1057,60
1058,63
1058,12
1058,136
1058,61
1058,62
1058,41
1058,60
1058,42
1058,61
1058,68
1058,34
1058,29
1060,44
1060,55
1060,62
1060,6
1060,7
1060,8
1060,40
1060,46
1060,33
1060,98
1060,39
1060,115
1060,22
1060,29
1062,22
1062,50
1062,94
1062,23
1062,41
1062,44
1062,4
1062,57
1062,16
1062,33
1062,45
1062,61
1062,15
1062,22
1062,98
1062,68
1063,8
1063,98
1063,70
1063,56
1063,38
1063,55
1063,40
1063,54
1063,55
1063,12
1063,23
1063,22
1063,71
1063,69
1063,120
1063,71
1063,53
1063,68
1063,113
1063,4
1063,69
1063,70
1063,138
1063,33
1063,71
1063,26
1063,50
1063,93
1064,4
1064,15
1064,111
1064,22
1064,45
1064,71
1064,56
1064,71
1064,61
1064,23
1064,55
1064,46
1064,16
1064,97
1064,61
1064,138
1064,22
1064,117
1064,44
1064,69
1064,96
1064,50
1064,96
1064,27
1064,78
1064,94
1064,115
1064,22
1064,98
1064,67
1064,98
1064,38
1065,23
1065,26
1065,20
1065,4
1065,98
1065,98
1065,44
1065,97
1065,33
1065,44
1065,98
1065,13
1065,21
1065,71
1065,49
1065,26
1065,55
1066,45
1066,25
1066,98
1066,69
1066,98
1066,4
1066,47
1066,98
1066,49
1066,71
1066,55
1066,55
1066,26
1067,55
1067,94
1067,19
1067,26
1067,28
1067,23
1067,61
1067,42
1067,43
1067,26
1067,62
1067,27
1067,98
1067,28
1067,115
1067,44
1067,22
1067,126
1067,95
1067,4
1067,28
1067,50
1068,16
1068,58
1068,69
1068,25
1068,41
1068,60
1068,31
1068,23
1068,22
1068,55
1068,60
1068,15
1068,94
1068,62
1068,30
1068,44
1069,22
1069,4
1069,136
1069,94
1069,69
1069,138
1069,98
1069,97
1069,96
1069,41
1069,139
1069,54
1069,45
1069,26
1069,55
1069,107
1069,22
1069,24
1069,33
1069,100
1069,31
1069,15
1069,32
1069,44
1069,71
1069,21
1069,28
1071,25
1071,28
1071,7
1071,24
1071,37
1071,29
1071,113
1071,96
1071,61
1071,30
1071,56
1071,126
1071,97
1071,96
1071,125
1071,74
1072,43
1072,95
1072,44
1073,16
1073,98
1073,93
1073,95
1073,4
1073,22
1073,86
1073,37
1073,56
1073,97
1073,33
1073,49
1073,23
1073,44
1073,22
1073,22
1073,33
1073,8
1073,24
1073,55
1073,73
1073,54
1073,37
1073,117
1073,94
1073,115
1073,68
1073,38
1073,47
1073,51
1073,95
1073,45
1073,66
1073,22
1074,12
1074,22
1074,23
1074,53
1074,90
1074,90
1074,44
1074,126
1074,113
1074,24
1074,54
1074,61
1074,19
1074,51
1074,28
1074,100
1074,12
1074,21
1074,53
1074,22
1074,23
1074,42
1074,43
1074,54
1074,50
1074,49
1074,44
1074,16
1074,55
1074,45
1075,16
1075,45
1075,69
1075,8
1075,33
1075,56
1075,42
1075,7
1075,24
1075,78
1075,40
1075,24
1075,98
1075,116
1075,56
1075,61
1075,59
1075,60
1075,73
1075,50
1075,59
1075,44
1075,69
1075,97
1075,29
1075,35
1075,97
1075,22
1075,42
1075,67
1075,55
1075,76
1075,66
1075,43
1075,30
1075,58
1075,46
1075,22
1076,12
1076,71
1076,22
1076,90
1076,29
1076,100
1076,98
1076,74
1076,17
1076,26
1076,54
1076,15
1076,23
1076,55
1076,53
1076,24
1076,4
1076,31
1076,23
1076,25
1077,69
1077,93
1077,103
1077,94
1077,24
1077,23
1077,32
1078,45
1078,37
1078,22
1078,72
1078,73
1078,61
1078,16
1078,52
1078,21
1078,52
1078,38
1078,22
1078,25
1078,32
1078,43
1078,33
1078,139
1078,51
1078,98
1078,60
1078,115
1078,74
1078,44
1078,8
1078,138
1078,55
1078,15
1078,33
1078,125
1078,100
1079,100
1079,4
1079,74
1079,29
1079,45
1079,33
1079,18
1079,21
1079,26
1079,39
1079,136
1079,33
1079,30
1079,93
1079,23
1079,26
1079,42
1079,15
1079,12
1079,66
1079,22
1079,56
1079,45
1079,98
1079,142
1079,22
1079,93
1080,74
1080,56
1080,22
1080,71
1080,40
1080,15
1080,4
1080,5
1080,55
1080,24
1080,25
1080,26
1080,29
1080,48
1080,28
1080,61
1080,98
1080,78
1080,141
1080,22
1080,13
1080,33
1080,87
1080,42
1080,76
1080,22
1081,14
1081,98
1081,73
1081,98
1081,16
1081,93
1081,43
1081,118
1081,21
1081,22
1081,24
1081,29
1081,4
1081,22
1081,7
1082,107
1082,51
1082,16
1082,45
1082,22
1084,17
1084,52
1084,52
1084,47
1084,25
1084,22
1085,55
1085,26
1085,106
1085,55
1085,132
1085,110
1085,27
1085,28
1085,23
1085,57
1085,124
1085,40
1085,69
1085,31
1085,78
1085,12
1085,28
1085,74
1085,30
1085,78
1085,21
1085,4
1085,41
1085,24
1085,22
1085,62
1085,26
1085,70
1085,46
1085,76
1086,98
1086,24
1086,4
1086,50
1086,76
1086,33
1086,59
1086,26
1086,74
1086,51
1086,75
1086,23
1086,53
1086,15
1086,24
1087,73
1087,12
1087,98
1087,44
1087,22
1087,45
1087,25
1087,71
1087,50
1087,19
1087,51
1087,38
1087,65
1087,22
1087,57
1087,33
1087,26
1087,45
1087,25
1087,29
1087,24
1087,23
1087,61
1087,56
1088,16
1088,25
1088,99
1088,69
1088,22
1088,15
1088,101
1088,50
1088,38
1088,44
1088,78
1088,54
1088,62
1088,8
1088,21
1088,56
1088,55
1088,81
1088,22
1088,45
1088,33
1088,27
1088,4
1088,115
1088,15
1089,8
1089,7
1089,44
1089,46
1089,47
1089,71
1089,36
1089,21
1089,52
1089,6
1089,24
1089,37
1089,44
1089,107
1089,55
1089,51
1089,55
1089,68
1089,29
1089,38
1089,22
1089,38
1089,57
1089,61
1089,23
1089,25
1089,115
1090,115
1090,22
1090,41
1090,96
1090,31
1090,61
1090,53
1090,115
1090,37
1090,57
1090,93
1090,116
1090,15
1090,22
1091,68
1091,56
1091,73
1091,22
1091,33
1091,25
1091,23
1091,24
1091,47
1091,25
1092,12
1092,98
1092,69
1092,4
1092,55
1092,17
1092,118
1092,55
1092,8
1092,21
1092,13
1092,14
1092,50
1093,16
1093,98
1093,113
1093,98
1093,37
1093,72
1093,55
1093,116
1093,54
1093,33
1093,26
1093,60
1093,26
1093,46
1093,21
1093,55
1093,50
1093,51
1093,24
1093,33
1093,56
1093,23
1093,115
1093,86
1093,12
1093,29
1093,29
1093,66
1094,16
1094,22
1094,93
1094,55
1094,98
1094,25
1094,41
1094,69
1094,95
1094,71
1094,60
1094,26
1094,66
1094,95
1094,12
1094,93
1094,98
1094,78
1094,24
1094,90
1094,61
1094,24
1094,54
1094,58
1094,25
1094,55
1094,12
1094,76
1094,55
1094,23
1094,61
1094,29
1094,15
1094,29
1094,25
1094,50
1094,94
1094,21
1094,142
1095,26
1095,107
1095,60
1095,57
1095,40
1095,142
1095,138
1095,54
1095,42
1095,101
1095,68
1095,13
1095,48
1095,51
1095,69
1095,30
1095,98
1095,15
1095,77
1095,6
1095,29
1095,25
1095,143
1095,41
1095,98
1097,16
1097,93
1097,97
1097,25
1097,45
1097,25
1097,98
1097,38
1097,73
1097,4
1097,37
1097,70
1097,95
1097,21
1097,98
1097,89
1097,115
1097,99
1097,140
1097,100
1097,52
1097,60
1097,142
1097,141
1097,23
1097,22
1097,61
1097,136
1097,55
1098,55
1098,98
1098,22
1098,54
1098,56
1098,26
1098,32
1098,36
1098,33
1098,64
1098,26
1098,28
1098,29
1098,39
1098,25
1098,47
1098,27
1098,24
1099,33
1099,64
1099,15
1099,32
1099,54
1099,28
1099,22
1099,24
1099,39
1099,56
1099,29
1099,26
1100,33
1100,22
1100,15
1100,32
1100,98
1100,27
1100,25
1100,30
1100,26
1100,64
1100,34
1100,138
1100,31
1100,24
1100,27
1100,36
1100,28
1100,37
1100,23
1100,23
1100,27
1101,64
1101,28
1101,55
1101,15
1101,25
1101,32
1101,30
1101,22
1101,24
1101,56
1101,29
1101,98
1101,26
1101,23
1102,98
1102,23
1102,28
1102,24
1102,39
1102,30
1102,26
1102,15
1102,55
1102,32
1102,27
1102,22
1102,64
1102,56
1102,23
1102,24
1103,69
1103,22
1103,15
1103,24
1103,57
1103,98
1103,98
1103,121
1103,35
1103,41
1103,31
1103,37
1103,138
1103,68
1103,44
1103,54
1103,26
1103,40
1103,13
1103,25
1104,98
1104,69
1104,37
1104,26
1104,23
1104,4
1104,100
1104,126
1104,97
1104,26
1104,22
1104,56
1104,107
1104,42
1104,33
1104,22
1104,57
1105,98
1105,47
1105,69
1105,115
1105,98
1105,26
1106,98
1106,74
1106,95
1106,26
1106,47
1106,94
1106,42
1106,93
1106,73
1106,67
1106,15
1106,13
1106,25
1106,52
1106,27
1106,27
1106,55
1106,18
1106,34
1106,50
1106,50
1106,33
1106,22
1106,21
1106,28
1107,12
1107,44
1107,136
1107,98
1107,74
1107,27
1107,57
1107,50
1107,40
1107,23
1107,142
1107,98
1107,44
1107,55
1107,28
1107,33
1107,4
1107,38
1107,93
1107,12
1107,60
1107,115
1107,107
1107,15
1108,15
1108,22
1108,96
1108,50
1108,37
1108,15
1108,33
1108,38
1108,98
1108,5
1108,16
1108,138
1108,94
1108,26
1108,29
1108,22
1108,139
1108,93
1108,23
1108,100
1108,4
1108,17
1108,115
1108,151
1108,23
1108,33
1108,22
1108,118
1108,18
1108,138
1108,141
1108,140
1108,17
1109,98
1109,37
1109,4
1109,54
1109,50
1109,56
1109,22
1109,12
1109,113
1109,145
1109,26
1109,117
1109,71
1109,60
1109,33
1109,29
1109,50
1109,108
1109,43
1109,70
1109,15
1109,17
1109,134
1109,111
1109,50
1109,115
1109,69
1109,33
1109,109
1110,16
1110,22
1110,96
1110,69
1110,23
1110,98
1110,22
1110,97
1110,44
1110,25
1110,56
1110,127
1110,71
1110,38
1110,98
1110,78
1110,26
1110,97
1110,27
1110,21
1110,93
1110,4
1110,22
1110,117
1110,98
1110,69
1110,66
1110,117
1110,115
1110,70
1110,73
1110,56
1110,123
1110,109
1110,50
1110,89
1110,110
1110,70
1110,42
1110,111
1110,53
1110,112
1110,40
1110,138
1110,55
1111,31
1111,94
1111,40
1111,34
1111,74
1111,93
1111,98
1111,100
1111,14
1111,131
1111,103
1111,51
1111,98
1111,45
1111,43
1111,55
1111,56
1111,16
1111,57
1111,112
1111,111
1111,44
1111,54
1111,25
1111,33
1111,28
1111,24
1111,69
1111,48
1111,97
1111,42
1111,21
1111,115
1111,22
1112,12
1112,4
1112,22
1112,15
1112,25
1112,25
1112,71
1112,53
1112,22
1112,44
1112,23
1112,50
1112,42
1112,82
1112,66
1112,44
1112,43
1112,22
1112,19
1112,20
1112,94
1112,77
1113,44
1113,4
1113,16
1113,50
1113,28
1113,21
1113,22
1113,71
1113,23
1113,25
1113,144
1113,26
1113,77
1113,22
1114,16
1114,86
1114,55
1114,100
1114,28
1114,26
1114,72
1114,72
1114,42
1114,52
1114,142
1114,138
1114,140
1114,70
1114,32
1114,58
1114,54
1114,33
1114,14
1114,21
1114,22
1114,61
1114,45
1114,24
1114,71
1114,31
1114,98
1114,23
1114,113
1114,22
1114,89
1114,66
1114,97
1115,37
1115,40
1115,12
1115,31
1115,26
1115,35
1115,30
1115,138
1115,98
1115,97
1115,69
1115,66
1115,38
1116,33
1116,44
1116,49
1116,45
1116,39
1116,50
1116,95
1116,43
1116,61
1116,12
1116,93
1116,15
1116,76
1116,14
1116,98
1116,93
1116,17
1116,93
1116,118
1116,38
1116,61
1116,22
1116,44
1116,33
1116,50
1116,90
1116,55
1116,21
1116,142
1117,16
1117,94
1117,4
1117,102
1117,17
1117,37
1117,15
1117,35
1117,23
1117,113
1117,41
1117,98
1117,32
1117,100
1117,17
1117,23
1117,35
1117,74
1117,142
1117,57
1117,24
1117,28
1117,30
1117,28
1117,35
1118,31
1118,35
1118,29
1118,101
1118,36
1118,69
1118,23
1118,57
1118,50
1118,37
1118,41
1118,25
1118,38
1118,55
1119,98
1119,22
1119,55
1119,56
1119,22
1119,69
1119,57
1119,58
1119,41
1119,59
1119,17
1119,60
1119,22
1120,12
1120,22
1120,93
1120,95
1120,94
1120,98
1120,55
1120,115
1120,25
1120,22
1120,23
1120,19
1120,25
1120,24
1120,28
1120,96
1120,113
1120,8
1120,95
1120,49
1120,61
1120,93
1121,60
1121,98
1121,16
1121,4
1121,24
1121,45
1121,31
1121,75
1121,25
1121,99
1121,50
1121,23
1121,95
1121,22
1121,53
1121,30
1121,20
1121,93
1121,100
1121,34
1121,68
1121,14
1122,2330
1122,1587
1122,1492
1123,12
1123,4
1123,99
1123,8
1123,93
1123,44
1123,46
1123,15
1123,55
1123,74
1123,26
1123,54
1123,33
1123,15
1123,115
1123,25
1123,23
1124,23
1124,37
1124,52
1124,115
1124,94
1124,61
1124,94
1124,95
1124,44
1124,95
1124,50
1124,96
1124,74
1124,23
1124,36
1124,98
1124,70
1124,15
1124,17
1124,97
1124,4
1124,60
1124,23
1124,69
1124,51
1124,71
1125,100
1126,34
1126,33
1126,98
1126,4
1126,107
1126,100
1126,78
1126,4
1126,19
1126,50
1126,101
1126,102
1126,103
1126,24
1126,15
1126,34
1126,115
1126,22
1127,12
1127,94
1127,44
1127,4
1127,15
1127,93
1127,98
1127,67
1127,33
1127,88
1127,100
1127,60
1127,40
1127,23
1127,15
1127,68
1128,55
1128,44
1128,98
1128,44
1128,4
1128,68
1128,97
1128,69
1128,98
1128,18
1128,69
1128,23
1128,23
1128,50
1128,56
1128,113
1128,33
1128,34
1128,41
1128,42
1128,25
1128,43
1128,70
1128,19
1129,15
1129,4
1129,41
1129,98
1129,113
1129,60
1129,60
1129,107
1129,24
1129,100
1129,47
1130,62
1130,61
1130,28
1130,50
1130,69
1130,98
1130,115
1130,54
1130,73
1130,60
1130,47
1130,26
1131,23
1131,98
1131,4
1131,23
1131,38
1131,51
1131,70
1131,44
1131,69
1131,55
1131,33
1131,85
1131,21
1131,46
1131,38
1131,31
1131,100
1131,44
1131,7
1131,47
1131,54
1131,47
1131,23
1131,89
1131,72
1131,42
1131,94
1131,24
1131,33
1131,45
1131,54
1131,61
1131,61
1131,26
1131,78
1131,117
1131,12
1131,29
1131,41
1131,26
1131,31
1131,49
1132,98
1132,26
1132,55
1132,8
1132,115
1132,62
1132,49
1132,50
1132,46
1132,50
1132,71
1132,20
1132,32
1132,51
1132,21
1132,56
1132,52
1132,40
1132,24
1132,7
1132,53
1132,52
1132,115
1132,70
1132,69
1133,25
1133,69
1133,46
1133,69
1133,96
1133,60
1133,56
1133,14
1133,44
1133,57
1133,58
1133,50
1133,35
1133,70
1133,15
1133,26
1133,38
1133,25
1133,59
1133,56
1133,59
1133,71
1133,71
1133,48
1133,57
1133,22
1133,22
1134,43
1134,95
1134,44
1134,16
1134,4
1134,55
1134,42
1134,21
1134,40
1134,42
1134,50
1134,54
1134,33
1134,77
1134,22
1134,61
1134,111
1134,76
1134,89
1134,23
1134,26
1134,57
1134,97
1134,71
1134,52
1134,24
1134,120
1134,58
1134,24
1134,115
1135,17
1135,115
1135,74
1135,90
1135,30
1135,89
1135,78
1135,31
1135,43
1135,15
1135,60
1135,56
1135,42
1135,116
1135,12
1135,58
1135,55
1135,29
1135,4
1135,118
1135,94
1135,117
1135,73
1135,41
1135,16
1135,94
1135,118
1135,15
1135,26
1135,55
1135,55
1135,119
1135,15
1135,22
1135,27
1136,23
1136,26
1136,27
1136,43
1136,4
1136,61
1136,115
1136,22
1136,107
1137,16
1137,136
1137,60
1137,93
1137,70
1137,98
1137,41
1137,74
1137,75
1137,22
1137,32
1137,18
1137,57
1137,107
1137,108
1137,31
1138,49
1138,60
1138,45
1138,93
1138,27
1138,55
1138,23
1138,16
1138,33
1138,98
1138,31
1138,59
1138,24
1138,84
1138,31
1138,74
1138,15
1138,29
1138,45
1138,69
1138,22
1138,41
1138,32
1138,67
1138,58
1138,50
1138,61
1138,55
1138,15
1139,22
1139,4
1139,72
1139,33
1139,41
1139,15
1139,54
1139,90
1139,44
1139,42
1139,83
1139,28
1139,89
1139,24
1139,50
1139,33
1139,71
1140,16
1140,50
1140,44
1140,22
1140,98
1140,97
1140,98
1140,25
1140,69
1140,74
1140,26
1140,95
1141,95
1141,4
1141,68
1141,50
1141,32
1141,24
1141,22
1141,138
1141,22
1141,21
1141,22
1141,94
1141,33
1141,107
1141,41
1141,55
1141,136
1141,98
1141,78
1141,95
1141,49
1141,45
1141,12
1141,15
1141,23
1141,60
1142,50
1142,22
1142,54
1142,16
1142,21
1142,98
1142,4
1142,142
1142,95
1142,16
1142,26
1142,69
1142,21
1142,70
1142,57
1142,12
1142,55
1142,61
1142,15
1142,60
1142,44
1142,22
1142,68
1143,61
1143,23
1143,40
1143,27
1143,26
1143,14
1143,38
1143,138
1143,53
1143,42
1143,55
1143,36
1143,41
1143,16
1144,4
1144,33
1144,16
1144,17
1144,17
1144,96
1144,31
1144,23
1144,106
1144,33
1144,18
1144,21
1144,94
1144,26
1144,68
1144,115
1144,12
1144,66
1144,22
1144,22
1145,41
1145,22
1145,14
1145,59
1145,23
1145,97
1145,45
1145,4
1145,29
1145,33
1145,11
1145,60
1145,99
1145,115
1145,74
1145,90
1145,96
1145,56
1145,31
1145,59
1145,22
1145,33
1145,29
1145,12
1145,22
1145,34
1145,27
1145,33
1145,50
1145,16
1145,56
1146,113
1146,4
1146,94
1146,95
1146,17
1146,136
1146,22
1146,22
1146,13
1146,29
1146,8
1146,14
1146,61
1146,12
1147,12
1147,44
1147,113
1147,4
1147,17
1147,41
1147,12
1147,22
1147,94
1147,56
1147,23
1147,53
1147,40
1147,13
1147,40
1147,38
1147,84
1147,33
1147,47
1147,62
1147,40
1147,71
1147,67
1147,14
1147,70
1148,12
1148,89
1148,4
1148,50
1148,95
1148,136
1148,90
1148,41
1148,22
1148,98
1148,15
1148,26
1148,60
1148,21
1148,23
1148,79
1148,31
1148,22
1148,50
1148,24
1148,107
1148,23
1148,25
1148,26
1148,27
1148,99
1148,32
1148,57
1148,54
1148,66
1148,69
1148,15
1148,28
1148,29
1148,22
1149,12
1149,89
1149,4
1149,50
1149,95
1149,136
1149,90
1149,41
1149,98
1149,14
1149,15
1149,60
1149,21
1149,23
1149,68
1149,26
1149,79
1149,31
1149,22
1149,50
1149,24
1149,29
1149,47
1149,107
1149,23
1149,25
1149,26
1149,27
1149,99
1149,32
1149,57
1149,66
1149,15
1149,28
1150,4
1150,113
1150,56
1150,41
1150,53
1150,46
1150,61
1150,45
1150,62
1150,57
1150,29
1150,16
1150,28
1150,51
1150,33
1150,28
1150,14
1150,45
1150,12
1150,29
1150,94
1150,61
1150,55
1151,50
1151,66
1151,72
1151,54
1151,4
1151,56
1151,44
1151,98
1151,50
1151,104
1151,26
1151,16
1151,95
1151,60
1151,49
1151,12
1151,57
1151,55
1151,55
1151,60
1151,29
1151,56
1151,59
1151,61
1151,22
1151,15
1152,100
1152,29
1152,16
1152,113
1152,90
1152,58
1152,61
1152,45
1152,12
1152,94
1152,94
1152,33
1152,14
1152,100
1152,4
1153,53
1153,56
1153,72
1153,39
1153,16
1153,31
1153,30
1153,69
1153,70
1153,7
1153,24
1153,33
1153,53
1153,22
1153,4
1153,28
1153,125
1153,64
1153,35
1153,55
1153,59
1153,5
1153,21
1153,33
1153,50
1153,64
1153,6
1153,7
1153,8
1153,53
1153,8
1154,71
1154,8
1154,41
1154,90
1154,76
1154,42
1154,23
1154,9
1154,10
1154,11
1154,36
1154,92
1154,40
1154,66
1154,30
1154,43
1154,12
1155,26
1155,98
1155,85
1155,53
1155,58
1155,55
1155,22
1155,55
1155,32
1155,113
1155,35
1155,140
1155,96
1155,28
1155,34
1155,59
1155,106
1155,22
1155,16
1155,4
1155,100
1155,66
1155,36
1155,17
1156,17
1156,8
1156,64
1156,128
1156,25
1156,111
1156,37
1156,17
1156,63
1156,119
1156,21
1156,90
1156,96
1156,126
1156,12
1156,49
1156,31
1156,24
1156,53
1156,106
1156,121
1156,23
1156,4
1156,115
1156,93
1156,18
1156,19
1156,22
1156,66
1156,52
1156,21
1156,12
1156,96
1156,69
1156,33
1156,70
1156,56
1156,34
1156,28
1157,78
1157,26
1157,34
1157,41
1157,33
1157,45
1157,59
1157,34
1157,86
1157,23
1157,17
1157,50
1157,13
1157,16
1157,61
1157,61
1157,38
1157,107
1158,98
1158,26
1158,113
1158,4
1158,44
1158,50
1158,55
1158,28
1158,107
1158,32
1158,78
1158,108
1158,9
1158,12
1158,8
1158,30
1158,54
1158,71
1158,33
1158,100
1159,100
1159,22
1159,101
1159,102
1159,65
1159,103
1159,55
1159,24
1159,13
1159,104
1159,38
1159,105
1159,106
1159,4
1159,107
1159,61
1159,108
1159,29
1159,109
1159,34
1159,110
1159,44
1159,111
1159,36
1159,112
1159,25
1159,113
1159,60
1159,37
1159,29
1159,86
1159,22
1159,114
1159,16
1159,98
1159,115
1160,23
1160,98
1160,13
1160,31
1160,44
1160,42
1160,46
1160,117
1160,37
1160,98
1160,4
1160,89
1160,47
1160,33
1160,74
1160,24
1160,54
1160,16
1161,16
1161,16
1161,93
1161,41
1161,90
1161,15
1161,98
1161,136
1161,127
1161,4
1161,50
1161,101
1161,95
1161,96
1161,97
1161,26
1161,22
1161,100
1161,21
1161,33
1161,42
1161,105
1161,60
1161,107
1161,23
1161,15
1161,17
1162,15
1162,115
1162,115
1162,13
1162,53
1162,24
1162,41
1162,13
1162,17
1162,18
1162,42
1162,16
1162,57
1162,22
1162,51
1163,25
1163,62
1163,49
1163,24
1163,7
1163,56
1163,51
1163,22
1163,61
1163,22
1163,74
1163,24
1163,95
1163,47
1164,16
1164,72
1164,8
1164,4
1164,33
1164,50
1164,23
1164,24
1164,121
1164,25
1164,18
1164,45
1164,24
1164,94
1164,78
1164,77
1164,48
1164,100
1164,66
1164,61
1164,33
1164,89
1164,98
1164,41
1164,94
1164,66
1164,60
1164,54
1164,22
1165,90
1165,75
1165,58
1165,70
1165,22
1165,4
1165,22
1165,23
1165,14
1165,23
1165,30
1165,24
1165,16
1165,15
1165,55
1165,22
1165,26
1165,39
1165,53
1165,45
1166,16
1166,4
1166,45
1166,113
1166,71
1166,69
1166,46
1166,8
1166,54
1166,22
1166,90
1166,16
1166,42
1166,44
1166,24
1166,71
1166,142
1166,89
1166,47
1166,58
1166,76
1166,50
1166,40
1166,72
1166,23
1166,25
1166,48
1166,49
1166,65
1166,73
1166,125
1166,50
1166,33
1167,16
1167,50
1167,39
1167,58
1167,17
1167,33
1167,13
1167,21
1167,115
1167,60
1167,69
1167,26
1167,71
1167,98
1167,15
1167,93
1167,70
1168,16
1168,113
1168,90
1168,53
1168,26
1168,17
1168,4
1168,98
1168,55
1168,134
1168,21
1168,56
1168,142
1168,50
1168,32
1168,45
1168,58
1168,59
1168,55
1168,12
1168,94
1169,66
1169,120
1169,98
1169,73
1169,16
1169,8
1169,71
1169,21
1169,17
1169,4
1169,93
1169,41
1169,37
1169,26
1169,51
1170,22
1170,4
1170,51
1170,115
1170,110
1170,42
1170,21
1170,98
1170,45
1170,69
1171,16
1171,8
1171,61
1171,56
1171,71
1171,62
1171,142
1171,50
1171,61
1171,21
1171,100
1171,55
1171,98
1171,69
1172,112
1172,4
1172,38
1172,99
1172,12
1172,59
1172,7
1172,29
1172,21
1172,94
1172,53
1172,69
1172,24
1172,98
1172,23
1172,23
1172,56
1172,39
1172,69
1172,23
1172,31
1172,41
1172,136
1172,60
1172,64
1172,59
1172,39
1172,49
1172,69
1172,72
1172,50
1172,12
1172,71
1172,63
1173,112
1173,4
1173,98
1173,99
1173,91
1173,38
1173,53
1173,136
1173,41
1173,60
1173,40
1173,45
1173,23
1173,74
1173,115
1173,76
1173,33
1173,15
1173,25
1173,29
1173,98
1173,28
1173,105
1173,107
1173,88
1173,22
1173,78
1174,112
1174,4
1174,33
1174,90
1174,17
1174,26
1174,98
1174,22
1174,60
1174,113
1174,33
1174,38
1174,115
1174,96
1174,12
1174,21
1174,42
1174,29
1174,98
1174,76
1174,70
1174,78
1174,50
1174,88
1174,69
1174,53
1174,45
1174,29
1174,61
1174,76
1174,22
1175,22
1176,16
1176,24
1176,50
1176,49
1176,4
1176,98
1176,90
1176,38
1176,33
1176,40
1176,22
1176,139
1176,61
1176,78
1176,74
1176,33
1176,115
1176,12
1176,47
1176,26
1176,25
1176,94
1176,23
1176,38
1176,55
1176,22
1176,66
1176,22
1176,87
1176,28
1176,69
1177,22
1177,35
1177,50
1177,24
1177,25
1177,32
1177,126
1177,45
1177,17
1177,34
1177,100
1177,69
1177,15
1177,18
1177,32
1177,142
1178,23
1178,142
1178,25
1178,50
1178,23
1178,115
1178,34
1178,21
1178,16
1178,48
1178,53
1178,40
1178,30
1178,104
1178,142
1178,17
1178,143
1178,12
1178,66
1178,47
1178,144
1178,41
1180,59
1180,89
1180,21
1180,42
1180,41
1180,90
1180,54
1180,23
1180,16
1180,99
1180,41
1180,48
1180,15
1180,26
1180,16
1180,50
1180,22
1180,4
1180,22
1180,60
1180,95
1180,66
1180,29
1181,16
1181,4
1181,41
1181,98
1181,54
1181,90
1181,45
1181,22
1181,23
1181,48
1181,22
1181,50
1181,15
1181,95
1181,29
1181,42
1181,89
1181,99
1183,79
1183,12
1183,56
1183,99
1183,38
1183,90
1183,4
1183,41
1183,142
1183,102
1183,52
1183,50
1183,17
1183,100
1183,29
1183,33
1183,113
1183,40
1183,25
1183,134
1183,100
1183,47
1183,72
1183,63
1183,56
1183,71
1183,66
1183,7
1183,57
1183,56
1183,30
1183,118
1183,101
1183,23
1183,61
1183,115
1183,102
1183,66
1183,103
1183,27
1183,84
1183,22
1183,126
1184,98
1184,61
1184,50
1184,47
1184,44
1184,38
1184,55
1184,90
1184,94
1184,25
1184,100
1184,54
1184,24
1184,60
1184,71
1184,33
1184,26
1184,58
1184,22
1184,55
1184,59
1184,126
1184,69
1184,138
1184,49
1184,12
1184,66
1185,44
1185,66
1185,95
1185,105
1185,136
1185,123
1185,51
1185,2
1185,45
1185,83
1185,42
1185,43
1185,93
1185,66
1185,26
1186,16
1186,25
1186,43
1186,76
1186,16
1186,26
1186,26
1186,73
1186,14
1186,21
1186,77
1186,95
1186,96
1186,56
1186,12
1186,59
1186,27
1186,7
1186,39
1186,60
1186,45
1186,38
1186,26
1186,24
1186,32
1186,15
1186,55
1186,38
1186,29
1186,30
1186,94
1186,61
1186,22
1187,113
1187,61
1187,44
1187,4
1187,26
1187,27
1187,28
1187,33
1187,14
1187,41
1187,100
1187,13
1187,23
1187,98
1187,56
1187,90
1187,125
1187,12
1187,66
1187,94
1187,22
1187,55
1188,112
1188,4
1188,8
1188,98
1188,42
1188,43
1188,44
1188,45
1188,25
1188,90
1188,17
1188,74
1188,94
1188,21
1188,49
1188,22
1188,115
1188,33
1188,23
1188,54
1188,56
1189,98
1189,23
1189,16
1189,25
1189,44
1189,46
1189,47
1189,4
1189,40
1189,98
1189,74
1189,26
1189,115
1189,43
1189,22
1189,40
1189,56
1189,43
1189,54
1189,24
1192,16
1192,113
1192,98
1192,50
1192,12
1192,4
1192,23
1192,42
1192,105
1192,47
1192,94
1192,56
1192,55
1192,115
1192,34
1192,57
1192,70
1192,24
1192,22
1192,71
1192,111
1192,48
1192,74
1192,54
1192,22
1192,55
1195,55
1195,94
1195,41
1195,108
1195,53
1195,107
1195,61
1195,42
1195,36
1195,56
1195,26
1195,91
1195,114
1195,57
1195,115
1195,22
1195,55
1196,55
1196,136
1196,45
1196,17
1196,33
1196,107
1196,27
1196,31
1196,100
1196,44
1196,23
1196,22
1196,33
1196,60
1197,23
1197,136
1197,4
1197,53
1197,24
1197,100
1197,61
1197,41
1197,41
1197,60
1197,37
1197,98
1197,107
1197,73
1197,74
1197,78
1197,60
1197,22
1197,96
1197,100
1197,21
1197,27
1197,61
1198,106
1198,96
1198,66
1198,4
1198,90
1198,71
1198,113
1198,8
1198,38
1198,21
1198,16
1198,98
1198,120
1198,142
1198,41
1198,141
1198,100
1199,12
1199,26
1199,30
1199,41
1199,23
1199,44
1199,115
1199,4
1199,32
1199,27
1199,34
1199,66
1199,138
1199,112
1199,100
1199,53
1199,69
1199,48
1199,22
1199,60
1199,67
1199,125
1199,28
1199,29
1199,23
1199,70
1199,30
1199,22
1199,68
1199,48
1199,21
1200,4
1200,50
1200,94
1200,38
1200,37
1200,71
1200,14
1200,55
1200,13
1200,60
1200,58
1200,22
1200,23
1200,66
1200,115
1200,59
1200,113
1200,89
1200,121
1200,78
1200,36
1200,125
1200,55
1200,42
1200,25
1200,41
1200,56
1200,111
1200,51
1201,145
1201,17
1201,8
1201,66
1201,28
1201,72
1201,4
1201,14
1201,34
1201,71
1201,50
1201,51
1201,52
1201,38
1201,43
1201,44
1201,4
1201,13
1201,53
1201,126
1201,54
1201,26
1201,61
1201,90
1201,6
1201,41
1201,89
1201,115
1201,28
1201,22
1201,66
1201,22
1201,53
1201,49
1201,23
1201,54
1201,55
1201,48
1201,26
1202,16
1202,33
1202,22
1202,26
1202,107
1202,104
1202,26
1202,103
1202,49
1202,54
1202,27
1202,138
1202,64
1202,13
1202,28
1202,93
1202,96
1202,25
1202,51
1202,71
1202,29
1202,30
1203,28
1203,62
1203,78
1203,90
1203,31
1203,51
1203,59
1203,100
1203,30
1203,70
1203,97
1203,25
1203,115
1203,21
1203,58
1203,27
1203,55
1203,13
1203,54
1203,48
1203,44
1203,68
1203,49
1203,33
1203,24
1203,93
1204,21
1204,43
1204,44
1204,93
1204,101
1204,4
1204,38
1204,51
1204,66
1204,94
1204,45
1204,118
1204,16
1204,44
1204,95
1204,54
1204,113
1204,71
1204,8
1204,98
1204,17
1204,23
1204,96
1204,97
1204,33
1204,116
1204,115
1204,31
1204,57
1204,42
1204,30
1204,98
1204,58
1204,49
1204,89
1204,53
1204,51
1204,139
1204,46
1204,56
1204,96
1204,40
1206,12
1206,4
1206,54
1206,33
1206,87
1206,30
1206,113
1206,28
1206,22
1206,95
1206,52
1206,45
1206,28
1206,55
1206,68
1206,45
1206,35
1206,45
1206,29
1206,29
1206,40
1207,12
1207,4
1207,8
1207,54
1207,42
1207,43
1207,44
1207,54
1207,50
1207,64
1207,22
1207,23
1207,24
1207,40
1207,13
1207,29
1207,115
1207,53
1208,112
1208,8
1208,17
1208,50
1208,4
1208,32
1208,71
1208,55
1208,26
1208,24
1208,13
1208,70
1208,38
1208,71
1208,53
1208,58
1208,52
1208,59
1208,54
1209,12
1209,16
1209,54
1209,54
1209,57
1209,55
1209,70
1209,115
1209,22
1209,99
1209,48
1209,66
1209,55
1209,21
1209,21
1209,71
1209,22
1209,51
1209,112
1209,62
1209,38
1210,16
1210,4
1210,98
1210,38
1210,33
1210,56
1210,39
1210,61
1210,42
1210,98
1210,94
1210,36
1210,58
1210,45
1211,16
1211,113
1211,4
1211,90
1211,98
1211,45
1211,42
1211,123
1211,33
1211,121
1211,46
1211,23
1211,74
1211,115
1211,73
1211,28
1211,28
1211,100
1211,97
1211,41
1211,59
1211,61
1211,89
1211,99
1211,15
1211,22
1211,40
1211,66
1211,55
1212,16
1212,33
1212,101
1212,57
1212,70
1212,53
1212,59
1212,100
1212,21
1212,107
1212,26
1212,74
1212,75
1212,45
1212,22
1212,15
1212,60
1212,55
1212,36
1213,38
1213,59
1213,41
1213,4
1213,23
1213,45
1213,17
1213,13
1213,31
1213,57
1213,24
1213,49
1213,21
1213,26
1213,42
1213,50
1213,43
1213,44
1214,58
1214,50
1214,66
1214,31
1214,8
1214,23
1214,76
1214,33
1214,56
1214,72
1214,56
1214,57
1214,51
1214,92
1214,70
1214,23
1214,112
1214,29
1214,29
1214,55
1214,98
1214,94
1214,56
1214,55
1214,94
1214,59
1214,15
1214,44
1214,26
1214,49
1214,23
1214,23
1214,26
1214,87
1214,66
1214,103
1214,17
1214,71
1214,22
1214,33
1214,45
1214,22
1214,45
1214,4
1214,46
1215,112
1215,50
1215,38
1215,46
1215,61
1215,32
1215,47
1215,44
1215,32
1215,74
1215,48
1215,97
1215,89
1215,45
1215,49
1215,50
1215,31
1215,67
1215,47
1216,23
1216,4
1216,25
1216,98
1216,38
1216,28
1216,24
1216,55
1216,95
1216,89
1216,24
1216,28
1216,22
1216,24
1216,113
1216,66
1216,22
1216,23
1216,115
1216,99
1217,89
1217,113
1217,95
1217,58
1217,61
1217,78
1217,66
1217,115
1217,69
1217,99
1217,23
1217,33
1217,58
1217,23
1217,26
1217,55
1217,99
1217,24
1217,4
1217,70
1217,100
1217,33
1217,38
1217,22
1217,22
1217,24
1217,31
1217,25
1218,23
1218,4
1218,38
1218,99
1218,24
1218,55
1218,31
1218,61
1218,58
1218,89
1218,69
1218,24
1218,28
1218,49
1218,66
1218,22
1218,27
1218,100
1218,22
1218,93
1218,23
1218,34
1218,70
1218,33
1218,99
1218,33
1218,26
1219,55
1219,17
1219,22
1219,78
1219,59
1219,92
1219,93
1219,68
1219,22
1219,23
1219,89
1219,73
1219,98
1219,61
1219,29
1219,33
1219,58
1219,16
1219,45
1219,54
1219,43
1219,49
1219,24
1219,61
1219,28
1219,74
1219,21
1219,16
1219,12
1220,112
1220,12
1220,17
1220,90
1220,33
1220,62
1220,98
1220,13
1220,65
1220,113
1220,41
1220,45
1220,45
1220,22
1220,13
1220,94
1220,68
1220,14
1220,60
1220,12
1220,21
1220,66
1220,68
1220,22
1221,38
1221,82
1221,113
1221,47
1221,33
1221,95
1221,22
1221,136
1221,77
1221,94
1221,26
1221,12
1221,71
1221,13
1221,61
1221,43
1221,50
1221,76
1221,49
1221,21
1221,59
1221,90
1221,54
1221,4
1221,73
1222,16
1222,37
1222,113
1222,4
1222,69
1222,71
1222,17
1222,56
1222,30
1222,42
1222,43
1222,54
1222,50
1222,44
1222,69
1222,21
1222,89
1222,115
1222,49
1222,45
1222,50
1222,26
1222,55
1222,23
1222,45
1222,66
1222,69
1223,33
1223,22
1223,21
1223,69
1223,21
1223,55
1223,35
1223,55
1223,50
1223,26
1223,4
1223,62
1223,70
1223,21
1223,28
1223,45
1223,94
1223,28
1223,16
1224,113
1224,16
1224,40
1224,15
1224,33
1224,4
1224,92
1224,50
1224,25
1224,22
1224,17
1224,13
1224,42
1224,98
1224,16
1224,45
1224,115
1224,21
1225,25
1225,69
1225,98
1225,70
1225,92
1225,113
1225,50
1225,22
1225,40
1225,4
1225,13
1225,45
1225,16
1225,42
1225,15
1225,17
1225,94
1225,21
1225,115
1226,12
1226,31
1226,50
1226,8
1226,33
1226,18
1226,28
1226,72
1226,22
1226,98
1226,45
1226,23
1226,98
1226,107
1226,66
1226,115
1226,121
1226,45
1226,122
1226,100
1226,48
1226,15
1226,16
1226,116
1226,89
1226,21
1226,99
1226,42
1226,52
1226,141
1226,139
1226,142
1226,50
1226,43
1226,83
1226,105
1226,126
1227,12
1227,4
1227,50
1227,98
1227,27
1227,22
1227,99
1227,23
1227,126
1227,41
1227,22
1227,56
1227,22
1227,45
1227,96
1227,90
1227,60
1227,98
1227,34
1227,29
1227,59
1227,56
1227,31
1227,33
1227,56
1227,70
1227,16
1227,34
1227,69
1227,33
1227,59
1227,115
1228,23
1228,16
1228,69
1228,8
1228,17
1228,39
1228,9
1228,74
1228,113
1228,17
1228,61
1228,50
1228,119
1228,21
1228,58
1228,106
1228,141
1228,56
1228,51
1228,34
1228,67
1228,115
1228,22
1228,22
1228,57
1229,16
1229,4
1229,75
1229,98
1229,25
1229,94
1229,22
1229,55
1229,97
1229,90
1229,13
1229,49
1229,50
1229,70
1229,15
1229,42
1229,92
1229,35
1230,62
1230,77
1230,54
1230,142
1230,41
1230,111
1230,21
1230,33
1230,16
1230,93
1230,94
1230,45
1230,71
1230,60
1230,63
1230,121
1230,42
1230,89
1230,112
1230,33
1230,139
1230,123
1230,29
1230,28
1230,61
1230,95
1230,50
1230,50
1230,52
1230,140
1230,90
1230,76
1230,76
1230,34
1230,54
1230,94
1230,62
1231,25
1231,69
1231,33
1231,98
1231,70
1231,92
1231,26
1231,113
1231,50
1231,22
1231,13
1231,16
1231,42
1231,15
1231,94
1231,21
1231,43
1231,115
1232,93
1232,52
1232,79
1232,15
1232,55
1232,54
1232,16
1232,60
1232,138
1232,44
1232,21
1232,115
1232,41
1232,123
1232,113
1232,98
1232,69
1232,33
1232,29
1232,30
1232,90
1232,60
1232,45
1232,24
1232,14
1232,141
1232,139
1232,22
1232,4
1232,142
1233,12
1233,142
1233,56
1233,143
1233,111
1233,97
1233,126
1233,33
1233,28
1233,14
1233,22
1233,55
1233,144
1233,44
1233,23
1233,28
1233,74
1233,13
1233,28
1233,100
1233,49
1233,34
1233,42
1233,43
1233,54
1233,50
1233,45
1233,44
1234,22
1234,52
1234,28
1234,113
1234,15
1234,115
1234,8
1234,61
1234,19
1234,16
1234,52
1234,61
1234,55
1234,36
1234,4
1234,45
1234,16
1234,19
1234,126
1235,112
1235,4
1235,50
1235,56
1235,38
1235,33
1235,34
1235,61
1235,95
1235,70
1235,13
1235,22
1235,32
1235,26
1235,33
1235,98
1235,49
1235,115
1236,113
1236,52
1237,12
1237,67
1237,50
1237,37
1237,33
1237,33
1237,95
1237,73
1237,54
1237,23
1237,22
1237,60
1237,45
1237,35
1237,24
1237,34
1237,21
1237,52
1237,68
1237,94
1237,51
1237,71
1237,38
1237,44
1237,42
1237,57
1238,16
1238,62
1238,55
1238,23
1238,4
1238,7
1238,16
1238,53
1238,54
1238,25
1238,40
1238,69
1238,50
1238,25
1238,28
1238,115
1238,12
1238,33
1238,114
1238,21
1238,48
1238,67
1238,26
1239,4
1239,90
1239,50
1239,22
1239,31
1239,62
1239,94
1239,14
1239,33
1239,13
1239,45
1240,56
1240,22
1240,33
1240,17
1240,4
1240,72
1240,33
1240,41
1240,60
1240,54
1240,90
1240,44
1240,105
1240,42
1240,28
1240,71
1240,89
1240,98
1240,24
1240,50
1240,33
1240,71
1241,30
1241,51
1241,25
1241,22
1241,53
1241,15
1241,20
1241,24
1241,74
1241,100
1241,16
1241,50
1241,34
1241,24
1241,38
1241,4
1241,75
1241,60
1242,32
1242,25
1242,22
1242,61
1242,26
1242,19
1242,60
1242,31
1242,44
1242,57
1242,16
1242,90
1242,98
1242,93
1242,15
1242,70
1242,33
1242,75
1242,14
1242,4
1242,50
1242,34
1243,26
1243,12
1243,22
1243,14
1243,113
1243,22
1243,4
1243,107
1243,26
1243,34
1243,100
1243,60
1243,66
1243,21
1243,29
1243,35
1243,13
1243,33
1243,98
1243,55
1243,29
1243,44
1243,90
1244,55
1244,136
1244,145
1244,25
1244,90
1244,22
1244,23
1244,76
1244,4
1244,41
1244,113
1244,23
1244,56
1244,100
1244,26
1244,40
1244,73
1244,98
1244,138
1244,13
1244,94
1244,21
1244,52
1244,52
1244,100
1244,25
1244,140
1244,56
1244,40
1244,8
1244,95
1244,91
1244,60
1244,38
1244,117
1244,98
1244,33
1245,16
1245,4
1245,17
1245,76
1245,57
1245,54
1245,70
1245,16
1245,72
1245,61
1245,74
1245,73
1245,24
1245,28
1245,120
1245,22
1245,115
1245,31
1245,22
1246,120
1246,136
1246,54
1246,28
1247,112
1247,4
1247,33
1247,90
1247,17
1247,41
1247,98
1247,56
1247,50
1247,22
1247,60
1247,33
1247,38
1247,98
1247,115
1247,12
1247,21
1247,34
1247,42
1247,29
1247,98
1247,70
1247,78
1247,50
1247,88
1247,69
1247,53
1247,45
1247,29
1247,61
1247,76
1247,93
1247,22
1248,16
1248,90
1248,4
1248,24
1248,98
1248,56
1248,55
1248,44
1248,94
1248,89
1248,23
1248,17
1248,29
1248,23
1249,4
1249,68
1250,91
1250,8
1250,14
1250,57
1250,59
1250,75
1250,31
1250,40
1250,71
1251,12
1251,4
1251,50
1251,8
1251,36
1251,18
1251,22
1251,98
1251,23
1251,98
1251,107
1251,66
1251,73
1251,121
1251,13
1251,122
1251,39
1251,71
1251,71
1251,116
1251,113
1251,21
1251,99
1251,52
1251,141
1251,123
1251,38
1251,142
1251,140
1251,50
1251,83
1251,105
1251,126
1252,12
1252,41
1252,4
1252,26
1252,50
1252,46
1252,17
1252,13
1252,42
1252,43
1252,44
1252,32
1252,21
1252,54
1252,49
1252,45
1252,48
1252,57
1252,12
1252,29
1252,53
1252,22
1252,66
1252,55
1253,12
1253,31
1253,8
1253,33
1253,36
1253,18
1253,28
1253,72
1253,22
1253,98
1253,45
1253,98
1253,66
1253,115
1253,121
1253,45
1253,100
1253,39
1253,16
1253,151
1253,143
1253,89
1253,138
1253,52
1253,141
1253,123
1253,38
1253,139
1253,142
1253,140
1253,50
1253,43
1253,83
1253,105
1253,126
1254,16
1254,37
1254,68
1254,4
1254,126
1254,17
1254,98
1254,56
1254,83
1254,42
1254,44
1254,29
1254,41
1254,33
1254,26
1254,68
1254,115
1254,73
1254,55
1254,66
1254,7
1254,39
1254,52
1254,106
1254,50
1255,67
1255,113
1255,50
1255,90
1255,69
1255,98
1255,22
1255,13
1255,14
1255,23
1255,23
1255,29
1256,112
1256,4
1256,72
1256,38
1256,21
1256,26
1256,26
1256,68
1256,21
1256,71
1256,27
1256,47
1256,29
1256,67
1256,132
1256,52
1256,13
1256,30
1256,26
1256,31
1256,31
1256,8
1256,23
1256,38
1256,32
1256,33
1256,40
1256,45
1256,29
1256,68
1256,29
1256,115
1256,23
1256,22
1256,66
1256,51
1256,12
1257,61
1257,33
1257,113
1257,4
1257,38
1257,98
1257,27
1257,53
1257,69
1257,17
1257,29
1257,21
1257,26
1257,100
1257,22
1257,49
1257,24
1257,60
1257,23
1257,13
1257,28
1257,14
1257,45
1257,107
1257,42
1257,43
1257,54
1257,54
1257,50
1257,93
1259,16
1259,62
1259,98
1259,50
1259,26
1259,47
1259,26
1259,14
1259,70
1259,56
1259,40
1259,43
1259,15
1259,75
1259,23
1259,52
1259,33
1259,86
1259,93
1259,29
1259,60
1259,21
1259,115
1259,118
1259,8
1259,123
1259,142
1259,66
1259,138
1259,141
1259,139
1260,97
1260,9
1260,43
1260,24
1260,115
1260,57
1260,16
1260,74
1260,17
1260,57
1260,68
1260,56
1260,23
1260,87
1260,97
1260,113
1260,69
1260,38
1260,60
1260,17
1260,26
1260,73
1260,120
1260,86
1260,24
1260,4
1260,39
1260,100
1260,69
1260,139
1260,145
1260,100
1260,46
1260,98
1261,76
1261,74
1261,24
1261,21
1261,37
1261,29
1261,57
1261,23
1261,138
1261,59
1261,66
1261,48
1261,22
1261,22
1261,113
1261,50
1261,155
1261,13
1261,23
1261,98
1261,61
1261,33
1261,49
1261,57
1261,45
1261,38
1261,15
1261,12
1261,30
1261,28
1261,55
1261,95
1261,4
1262,12
1262,99
1262,61
1262,58
1262,120
1262,107
1262,56
1262,71
1262,33
1262,4
1262,70
1262,74
1262,22
1262,75
1262,136
1262,68
1262,62
1263,15
1263,94
1263,95
1263,29
1263,17
1263,136
1263,54
1263,22
1263,13
1263,29
1263,14
1264,42
1264,22
1264,92
1264,23
1264,14
1264,45
1264,101
1264,94
1264,60
1264,26
1264,72
1264,29
1264,76
1264,22
1264,89
1264,90
1264,28
1264,55
1264,24
1264,45
1264,29
1264,15
1264,69
1264,70
1264,40
1265,12
1265,142
1265,30
1265,4
1265,72
1265,143
1265,99
1265,38
1265,28
1265,27
1265,56
1265,42
1265,43
1265,54
1265,50
1265,26
1265,115
1265,46
1265,8
1265,53
1265,120
1265,68
1265,64
1265,51
1265,22
1265,106
1265,59
1265,53
1265,23
1265,27
1265,12
1265,29
1265,40
1265,41
1265,40
1265,22
1265,49
1265,72
1265,17
1267,12
1267,94
1267,23
1267,4
1267,15
1267,41
1267,60
1267,98
1267,31
1267,107
1267,60
1267,15
1268,26
1268,113
1268,44
1268,33
1268,50
1268,55
1268,28
1268,55
1268,16
1268,107
1268,129
1268,108
1268,9
1268,12
1268,54
1268,8
1268,30
1268,54
1268,71
1268,100
1268,66
1269,12
1269,113
1269,4
1269,34
1269,41
1269,98
1269,96
1269,66
1269,26
1269,57
1269,33
1269,23
1269,106
1269,67
1269,30
1269,33
1269,35
1270,90
1270,71
1270,78
1270,4
1270,17
1270,45
1270,41
1270,58
1270,8
1270,111
1270,35
1270,55
1270,30
1270,33
1270,22
1270,36
1270,23
1270,94
1270,24
1270,13
1270,94
1270,57
1270,115
1270,126
1271,126
1271,108
1271,33
1271,72
1271,23
1271,68
1271,136
1271,62
1271,22
1271,113
1271,74
1271,53
1271,22
1271,127
1271,41
1271,128
1271,129
1271,50
1271,130
1271,98
1271,100
1272,8
1272,38
1272,112
1272,55
1272,12
1272,26
1272,100
1272,61
1272,58
1272,74
1272,100
1272,56
1272,101
1272,102
1272,22
1272,29
1272,4
1272,103
1272,43
1272,50
1272,33
1272,98
1272,35
1272,33
1272,98
1272,100
1272,100
1273,100
1273,59
1273,101
1273,22
1273,17
1273,58
1273,93
1273,61
1273,71
1273,102
1273,22
1273,24
1273,29
1273,98
1273,103
1273,104
1273,105
1273,12
1273,94
1273,56
1273,13
1273,106
1273,36
1274,63
1274,71
1274,44
1274,40
1274,98
1274,33
1274,56
1274,36
1274,98
1274,49
1274,24
1274,74
1274,28
1274,75
1274,32
1274,29
1274,27
1274,37
1274,91
1274,38
1274,29
1274,39
1274,40
1274,30
1274,21
1274,50
1274,51
1274,60
1274,41
1275,16
1275,50
1275,22
1275,4
1275,69
1275,44
1275,93
1275,41
1275,90
1275,17
1275,41
1275,45
1275,22
1275,61
1275,32
1275,14
1275,105
1275,23
1275,13
1276,12
1276,29
1276,41
1276,98
1276,4
1276,136
1276,90
1276,60
1276,56
1276,54
1276,22
1276,17
1276,23
1276,93
1276,31
1276,58
1276,59
1276,38
1276,19
1276,23
1276,23
1276,40
1276,58
1276,13
1276,87
1276,22
1276,33
1276,16
1277,16
1277,60
1277,8
1277,29
1277,49
1277,17
1277,50
1277,4
1277,89
1277,33
1277,33
1277,18
1277,103
1277,19
1277,45
1277,76
1277,65
1277,78
1277,69
1277,7
1277,16
1277,98
1277,20
1277,69
1277,26
1277,15
1277,28
1277,96
1278,60
1278,23
1278,15
1278,4
1278,53
1278,24
1278,100
1278,61
1278,41
1278,41
1278,60
1278,107
1278,73
1278,74
1278,78
1278,60
1278,61
1278,22
1278,55
1278,96
1278,21
1278,27
1279,12
1279,27
1279,23
1279,58
1279,23
1279,21
1279,36
1279,13
1279,101
1279,55
1280,4
1280,50
1280,33
1280,26
1280,35
1280,71
1280,22
1280,21
1280,13
1280,14
1280,17
1280,73
1280,18
1280,35
1280,97
1280,8
1280,89
1280,42
1280,38
1280,33
1280,52
1280,138
1280,116
1280,141
1280,53
1280,30
1281,29
1281,104
1281,4
1281,136
1281,50
1281,22
1281,55
1281,45
1281,96
1281,17
1281,21
1281,30
1281,30
1281,86
1281,115
1281,15
1281,42
1281,30
1281,89
1281,41
1281,82
1281,43
1281,44
1281,50
1281,66
1281,29
1281,138
1281,124
1281,123
1281,141
1281,139
1281,22
1281,56
1281,45
1282,23
1282,17
1282,45
1282,31
1282,4
1282,105
1282,35
1282,46
1282,107
1282,2
1282,47
1282,68
1283,12
1283,43
1283,61
1283,44
1283,68
1283,24
1283,73
1283,37
1283,4
1283,69
1283,70
1283,28
1283,40
1283,66
1283,23
1284,16
1284,4
1284,50
1284,98
1284,87
1284,107
1284,23
1284,62
1284,22
1284,115
1284,97
1284,24
1284,25
1284,46
1284,9
1284,120
1284,22
1284,61
1284,143
1284,62
1284,15
1284,34
1284,45
1284,29
1284,29
1284,12
1284,25
1284,69
1284,57
1286,16
1286,8
1286,134
1286,22
1286,71
1286,45
1286,61
1286,126
1286,19
1286,52
1286,50
1286,55
1286,61
1286,16
1286,93
1286,19
1286,54
1287,16
1287,50
1287,94
1287,38
1287,15
1287,53
1287,111
1287,58
1287,8
1287,23
1287,132
1287,61
1287,55
1287,59
1287,13
1287,52
1287,42
1287,42
1287,50
1287,97
1287,115
1287,79
1287,54
1288,15
1288,60
1288,16
1288,38
1288,56
1288,33
1288,24
1288,98
1288,54
1288,53
1288,21
1288,23
1288,33
1288,29
1288,55
1288,100
1288,44
1288,22
1288,42
1289,42
1289,43
1289,67
1289,142
1289,26
1289,101
1289,68
1289,27
1289,68
1289,31
1289,105
1289,64
1289,30
1289,105
1289,118
1289,26
1289,107
1289,56
1289,31
1289,38
1289,19
1289,61
1289,29
1289,28
1289,13
1289,38
1289,73
1289,23
1289,49
1289,50
1289,44
1289,33
1289,72
1289,97
1289,66
1289,17
1289,73
1289,4
1289,55
1289,29
1289,27
1289,119
1289,31
1289,49
1289,5
1289,50
1289,43
1289,125
1289,68
1289,21
1289,62
1289,121
1289,25
1289,30
1289,51
1289,27
1289,36
1289,113
1289,117
1289,17
1289,33
1290,67
1290,91
1290,23
1290,61
1290,20
1290,14
1290,93
1290,100
1290,22
1290,123
1290,98
1290,22
1290,39
1290,31
1290,74
1290,42
1290,45
1290,25
1290,25
1290,22
1290,58
1290,45
1290,69
1290,62
1290,26
1290,66
1290,136
1290,17
1290,12
1291,93
1291,70
1291,45
1291,22
1291,40
1291,55
1291,94
1291,50
1291,23
1291,142
1291,25
1291,73
1291,50
1291,16
1292,16
1292,8
1292,16
1292,95
1292,42
1292,142
1292,52
1292,21
1292,53
1292,23
1292,17
1292,18
1292,42
1292,60
1292,112
1292,19
1292,32
1292,68
1292,55
1292,67
1292,16
1292,54
1292,23
1292,22
1292,26
1292,104
1293,16
1293,4
1293,56
1293,44
1293,8
1293,113
1293,68
1293,142
1293,50
1293,53
1293,22
1293,42
1293,55
1293,56
1293,50
1293,8
1293,12
1293,126
1294,126
1294,4
1294,127
1294,72
1294,69
1294,128
1294,45
1294,107
1294,22
1294,30
1294,120
1294,42
1294,15
1294,21
1294,52
1294,123
1294,55
1294,142
1294,69
1294,31
1294,129
1295,25
1295,24
1295,70
1295,57
1295,53
1295,95
1295,142
1295,91
1295,98
1295,12
1295,75
1295,69
1295,58
1295,4
1295,33
1295,50
1295,55
1295,33
1295,45
1295,22
1296,22
1296,4
1296,33
1296,71
1296,71
1296,46
1296,37
1296,22
1296,89
1296,28
1296,29
1296,8
1296,90
1296,23
1296,60
1296,52
1296,41
1296,61
1296,15
1296,55
1296,29
1296,61
1296,58
1296,23
1296,132
1296,36
1296,115
1296,27
1296,79
1296,33
1296,35
1296,115
1296,50
1296,16
1296,94
1296,74
1296,24
1297,136
1297,47
1297,138
1297,13
1297,4
1297,55
1297,113
1297,98
1297,24
1297,93
1297,121
1297,29
1297,50
1297,35
1297,36
1297,26
1297,66
1297,14
1297,25
1297,22
1297,100
1297,95
1297,53
1297,16
1297,23
1297,19
1297,35
1297,46
1297,65
1297,64
1299,16
1299,17
1299,113
1299,61
1299,50
1299,23
1299,22
1299,71
1299,56
1299,41
1299,4
1299,64
1299,39
1299,25
1299,68
1299,32
1299,63
1299,65
1299,26
1299,40
1299,95
1299,34
1299,21
1299,38
1299,39
1299,39
1299,40
1299,144
1299,28
1299,55
1299,14
1299,100
1299,52
1299,37
1299,58
1299,26
1299,23
1299,65
1299,55
1299,45
1299,8
1299,26
1299,12
1299,94
1299,22
1299,112
1299,22
1300,37
1300,69
1300,100
1300,33
1300,4
1300,60
1300,46
1300,57
1300,65
1300,8
1300,12
1300,28
1300,13
1300,98
1300,26
1301,16
1301,62
1301,4
1301,8
1301,17
1301,67
1301,26
1301,57
1301,23
1301,24
1301,72
1301,64
1301,67
1301,49
1301,63
1301,56
1301,59
1301,53
1301,12
1301,104
1301,24
1301,69
1301,123
1301,100
1301,94
1301,27
1301,49
1301,68
1301,28
1301,125
1301,29
1301,53
1301,38
1302,33
1302,22
1302,26
1302,25
1302,98
1302,76
1302,15
1302,4
1302,15
1302,61
1302,51
1302,14
1302,22
1302,54
1302,66
1302,100
1302,107
1302,24
1302,16
1303,16
1303,4
1303,34
1303,8
1303,71
1303,41
1303,96
1303,100
1303,120
1303,38
1303,98
1303,22
1303,13
1303,40
1303,106
1303,142
1303,141
1304,50
1304,136
1304,44
1304,41
1304,25
1304,98
1304,29
1304,22
1304,98
1304,7
1304,13
1304,93
1304,16
1304,17
1304,33
1304,107
1304,19
1304,45
1304,58
1304,68
1304,56
1304,51
1304,42
1304,29
1304,118
1304,141
1304,59
1304,63
1304,33
1304,35
1304,22
1304,94
1304,23
1304,56
1304,34
1304,56
1304,33
1304,70
1305,16
1305,56
1305,8
1305,25
1305,40
1305,37
1305,94
1305,70
1305,97
1305,21
1305,69
1305,24
1305,24
1305,23
1305,40
1305,71
1305,33
1306,29
1306,55
1306,46
1306,40
1306,60
1306,22
1306,52
1306,30
1306,56
1306,12
1306,138
1306,4
1306,48
1306,42
1306,17
1306,12
1306,42
1306,8
1306,57
1306,140
1306,28
1306,29
1307,16
1307,4
1307,28
1307,16
1307,141
1307,17
1307,29
1307,33
1307,69
1307,23
1307,62
1307,9
1307,57
1307,50
1307,66
1307,22
1308,16
1308,4
1308,113
1308,41
1308,56
1308,68
1308,51
1308,55
1308,94
1308,22
1308,23
1308,13
1308,55
1308,45
1308,94
1309,12
1309,113
1309,98
1309,25
1309,16
1309,56
1309,27
1309,30
1309,60
1309,28
1309,41
1309,60
1309,28
1309,86
1309,33
1309,22
1309,31
1309,94
1310,12
1310,4
1310,62
1310,136
1310,28
1310,32
1310,33
1310,104
1310,70
1310,22
1310,74
1310,26
1310,100
1310,15
1310,75
1310,31
1310,99
1310,7
1310,96
1310,29
1310,86
1310,36
1310,69
1310,66
1310,63
1310,55
1310,23
1310,49
1310,56
1310,60
1310,65
1310,67
1310,72
1310,53
1310,22
1310,67
1310,71
1311,16
1311,25
1311,28
1311,44
1311,26
1311,71
1311,4
1311,98
1311,90
1311,55
1311,58
1311,17
1311,14
1311,57
1311,55
1311,45
1311,73
1311,95
1311,46
1311,96
1311,71
1311,16
1311,13
1311,34
1311,63
1311,50
1311,45
1311,72
1311,17
1311,73
1311,95
1311,33
1311,79
1311,73
1311,74
1311,67
1311,57
1311,54
1311,29
1311,29
1311,34
1311,15
1311,76
1311,50
1311,62
1311,47
1311,21
1311,86
1311,75
1311,29
1311,76
1311,109
1311,128
1311,62
1311,68
1311,8
1311,77
1311,54
1311,61
1311,50
1311,25
1311,49
1311,49
1311,41
1311,125
1311,28
1311,43
1311,78
1311,94
1311,48
1311,45
1311,40
1311,79
1311,107
1311,55
1311,80
1311,69
1311,81
1311,64
1311,115
1311,44
1311,82
1311,12
1311,15
1311,23
1311,52
1311,72
1311,60
1311,53
1311,46
1311,70
1311,34
1311,83
1311,84
1311,25
1311,85
1311,53
1311,31
1311,65
1311,40
1311,49
1311,29
1311,48
1311,67
1311,42
1311,59
1311,35
1311,86
1311,56
1311,93
1311,76
1311,76
1311,59
1311,16
1311,73
1311,87
1311,45
1311,100
1311,22
1311,33
1312,16
1312,50
1312,90
1312,98
1312,98
1312,4
1312,100
1312,107
1312,55
1312,17
1312,113
1312,33
1312,44
1312,55
1312,68
1312,28
1312,33
1312,94
1312,41
1312,117
1312,27
1312,15
1312,34
1312,95
1312,16
1312,21
1312,13
1313,12
1313,69
1313,8
1313,4
1313,13
1313,14
1313,99
1313,15
1313,16
1313,17
1313,141
1313,21
1313,22
1313,33
1313,94
1313,18
1313,113
1313,19
1313,61
1313,51
1313,49
1313,53
1313,116
1313,59
1313,22
1313,12
1313,56
1313,69
1314,12
1314,115
1314,50
1314,8
1314,61
1314,23
1314,26
1314,33
1314,99
1314,115
1314,11
1314,35
1314,16
1314,78
1314,23
1314,31
1315,16
1315,50
1315,39
1315,31
1315,57
1315,25
1315,54
1315,121
1315,95
1315,23
1315,28
1315,32
1315,13
1315,32
1315,24
1315,66
1315,33
1315,34
1315,22
1315,33
1315,35
1315,16
1315,36
1316,36
1316,62
1316,4
1316,35
1316,14
1316,27
1316,94
1316,138
1316,33
1316,100
1317,16
1317,113
1317,4
1317,33
1317,98
1317,8
1317,60
1317,95
1317,69
1317,49
1317,33
1317,97
1317,38
1317,71
1317,89
1317,55
1317,29
1317,23
1317,83
1317,44
1317,43
1317,73
1317,75
1317,74
1317,76
1317,59
1318,28
1318,98
1318,55
1318,16
1318,58
1318,74
1318,54
1318,22
1318,95
1318,23
1318,118
1318,76
1318,74
1318,132
1318,37
1318,93
1318,15
1318,45
1318,39
1318,12
1318,66
1318,32
1318,23
1318,43
1318,50
1318,29
1318,96
1318,29
1318,53
1318,136
1318,57
1318,22
1318,31
1318,57
1318,61
1318,44
1318,26
1318,22
1319,16
1319,90
1319,107
1319,8
1319,41
1319,22
1319,60
1319,17
1319,26
1319,23
1319,23
1319,15
1319,73
1319,31
1319,71
1319,25
1319,136
1319,62
1319,29
1319,80
1319,22
1319,82
1319,55
1319,121
1319,43
1319,44
1319,66
1319,43
1319,12
1319,57
1319,115
1319,104
1319,21
1319,69
1319,29
1319,22
1319,56
1320,12
1320,4
1320,23
1320,26
1320,94
1320,52
1320,64
1320,55
1320,23
1320,120
1320,30
1320,28
1320,115
1320,53
1320,18
1320,19
1320,44
1320,66
1320,22
1321,16
1321,117
1321,25
1321,50
1321,33
1321,61
1321,8
1321,71
1321,45
1321,22
1321,54
1321,69
1321,76
1321,39
1321,55
1321,33
1321,29
1321,15
1321,71
1321,68
1322,16
1322,25
1322,4
1322,50
1322,33
1322,26
1322,35
1322,21
1322,13
1322,68
1322,15
1322,14
1322,17
1322,69
1322,18
1322,35
1322,97
1322,8
1322,89
1322,42
1322,38
1322,33
1322,138
1322,55
1322,116
1322,15
1322,14
1322,141
1322,16
1322,30
1323,23
1323,51
1323,61
1323,41
1323,4
1323,113
1323,100
1323,104
1323,62
1323,98
1323,45
1323,107
1323,22
1323,33
1323,55
1323,68
1324,16
1324,39
1324,68
1324,58
1324,17
1324,33
1324,13
1324,21
1324,115
1324,60
1324,69
1324,26
1324,71
1324,98
1324,15
1324,93
1324,33
1324,70
1326,46
1326,45
1326,15
1326,23
1326,34
1326,25
1326,12
1326,29
1326,107
1326,97
1326,62
1326,25
1326,74
1326,120
1326,39
1326,145
1326,50
1326,61
1326,22
1326,38
1326,70
1326,4
1326,115
1326,98
1326,31
1326,22
1327,90
1327,49
1327,50
1327,41
1327,66
1327,22
1327,58
1327,115
1327,58
1327,66
1327,15
1327,12
1327,22
1327,15
1327,59
1327,60
1327,22
1327,40
1327,69
1327,25
1327,17
1327,23
1327,69
1328,43
1328,73
1328,115
1328,100
1328,47
1328,69
1328,93
1328,62
1328,70
1328,41
1328,15
1328,103
1328,28
1328,16
1328,90
1328,22
1328,17
1328,50
1328,56
1328,21
1328,34
1328,45
1328,68
1328,71
1328,74
1328,55
1328,44
1328,48
1328,7
1328,25
1328,31
1328,128
1328,75
1328,60
1328,75
1328,98
1328,45
1329,14
1329,44
1329,50
1329,4
1329,90
1329,34
1329,52
1329,138
1329,120
1329,142
1329,54
1329,50
1329,8
1329,69
1329,45
1329,55
1329,115
1329,33
1330,113
1330,4
1330,8
1330,142
1330,14
1330,56
1330,42
1330,43
1330,44
1330,49
1330,13
1330,23
1330,50
1330,45
1330,14
1330,76
1330,115
1330,93
1330,15
1330,55
1331,12
1331,38
1331,17
1331,4
1331,50
1331,58
1331,66
1331,8
1331,28
1331,26
1331,32
1331,55
1331,7
1331,50
1331,29
1331,67
1331,115
1331,49
1331,55
1331,71
1331,72
1331,67
1331,23
1331,69
1331,96
1331,73
1331,65
1332,129
1332,8
1332,71
1332,33
1332,54
1332,113
1332,16
1332,100
1332,9
1332,108
1332,78
1332,30
1332,50
1332,33
1332,66
1332,98
1332,26
1332,12
1332,54
1332,44
1332,55
1332,32
1333,16
1333,37
1333,68
1333,126
1333,17
1333,98
1333,56
1333,82
1333,42
1333,44
1333,65
1333,33
1333,26
1333,51
1333,68
1333,115
1333,23
1333,55
1333,35
1333,89
1333,52
1333,106
1333,22
1334,60
1334,22
1334,16
1334,23
1335,16
1335,113
1335,8
1335,90
1335,21
1335,51
1335,94
1335,23
1335,40
1335,22
1335,66
1337,17
1337,40
1337,21
1337,49
1337,55
1337,35
1337,34
1337,66
1337,115
1337,29
1337,49
1337,120
1337,57
1337,121
1337,17
1337,101
1337,49
1337,50
1337,75
1337,50
1337,34
1337,33
1337,23
1337,12
1337,55
1337,4
1337,16
1337,67
1338,71
1338,23
1338,4
1338,142
1338,53
1338,50
1338,26
1338,62
1338,139
1338,50
1338,66
1338,67
1338,121
1338,23
1338,27
1338,55
1338,31
1338,23
1338,33
1338,69
1339,71
1339,113
1339,93
1339,73
1339,23
1339,16
1339,28
1339,50
1339,139
1339,33
1339,42
1339,74
1339,82
1339,50
1339,33
1339,89
1339,32
1339,123
1339,81
1339,108
1339,16
1339,29
1339,97
1339,98
1339,75
1339,140
1339,69
1339,56
1339,23
1339,21
1339,142
1339,59
1339,100
1339,14
1339,141
1339,113
1339,95
1339,142
1339,83
1339,76
1339,28
1339,73
1339,55
1339,70
1339,59
1339,41
1339,4
1339,71
1339,107
1340,12
1340,22
1340,25
1340,26
1340,22
1340,45
1340,94
1340,66
1340,39
1340,17
1340,61
1340,107
1340,143
1340,39
1340,117
1340,136
1340,108
1340,109
1340,94
1340,22
1340,110
1340,111
1340,22
1340,69
1340,70
1340,33
1341,16
1341,50
1341,37
1341,46
1341,56
1341,95
1341,98
1341,44
1341,33
1341,25
1341,100
1341,53
1341,34
1341,23
1341,21
1341,116
1341,36
1341,33
1341,26
1341,49
1341,38
1341,55
1341,115
1341,37
1341,12
1342,112
1342,4
1342,41
1342,97
1342,47
1342,52
1342,13
1342,33
1342,51
1342,45
1342,25
1342,66
1342,96
1342,12
1342,94
1342,89
1342,23
1342,115
1342,13
1342,69
1342,14
1342,26
1342,53
1343,16
1343,45
1343,98
1343,23
1343,50
1343,41
1343,33
1343,50
1343,39
1343,53
1343,21
1343,16
1343,28
1343,42
1343,54
1343,100
1343,79
1343,62
1343,55
1343,62
1343,65
1343,42
1343,78
1343,56
1343,56
1343,21
1343,80
1343,57
1343,52
1343,25
1343,128
1343,70
1343,77
1343,94
1343,45
1343,18
1343,61
1343,50
1343,58
1343,59
1343,105
1343,60
1343,12
1343,7
1343,60
1343,71
1343,93
1343,15
1343,22
1343,66
1343,22
1343,40
1343,39
1343,47
1344,46
1344,26
1344,33
1344,71
1344,22
1344,26
1344,98
1344,76
1344,62
1344,78
1344,24
1344,49
1344,100
1344,22
1344,122
1344,121
1345,16
1345,62
1345,121
1345,98
1345,122
1345,62
1345,123
1345,22
1345,23
1345,33
1348,112
1348,4
1348,98
1348,23
1348,43
1348,44
1348,25
1348,90
1348,23
1348,74
1348,21
1348,49
1348,50
1348,115
1348,23
1348,33
1348,98
1348,54
1349,40
1349,44
1349,4
1349,95
1349,44
1349,58
1349,94
1349,26
1349,54
1349,33
1349,55
1349,50
1349,98
1349,66
1349,45
1349,24
1349,12
1349,55
1349,48
1349,107
1349,25
1349,22
1349,21
1349,8
1350,118
1350,100
1350,8
1350,40
1350,9
1350,69
1350,144
1350,41
1350,62
1350,93
1350,16
1350,23
1350,44
1350,136
1350,10
1350,4
1350,11
1350,61
1350,15
1350,23
1350,54
1350,33
1350,53
1350,21
1351,22
1351,21
1351,22
1351,25
1351,33
1351,21
1351,45
1351,105
1351,23
1351,90
1351,55
1351,50
1351,23
1351,62
1351,38
1351,69
1351,22
1351,23
1351,54
1351,51
1351,89
1351,100
1351,60
1351,51
1351,61
1351,15
1351,54
1354,4
1354,17
1354,8
1354,14
1354,91
1354,23
1354,54
1354,50
1354,21
1354,24
1354,57
1354,52
1354,139
1354,140
1354,142
1354,123
1354,138
1354,141
1354,19
1354,16
1355,16
1355,4
1355,96
1355,54
1355,61
1355,16
1355,95
1355,31
1355,17
1355,55
1355,57
1356,22
1356,4
1356,45
1356,21
1356,6
1356,22
1356,94
1356,71
1357,22
1357,26
1357,53
1357,13
1357,22
1357,4
1357,41
1358,12
1358,17
1358,46
1358,21
1358,91
1358,23
1358,25
1358,40
1358,54
1358,58
1358,113
1358,60
1358,41
1358,54
1358,42
1358,43
1359,47
1359,43
1359,33
1360,45
1360,33
1360,14
1360,107
1360,33
1360,36
1361,27
1361,6
1361,56
1361,38
1361,22
1361,78
1361,94
1361,66
1361,22
1361,33
1361,22
1361,69
1361,44
1361,113
1361,55
1361,12
1362,73
1362,12
1362,145
1362,8
1362,48
1362,71
1362,47
1362,59
1362,46
1362,4
1362,57
1362,22
1362,22
1362,86
1362,57
1362,55
1362,12
1363,80
1363,31
1363,13
1363,53
1363,57
1363,33
1363,50
1363,95
1363,4
1363,115
1363,105
1363,43
1363,23
1363,29
1363,12
1363,14
1363,38
1363,28
1363,58
1363,26
1363,115
1363,30
1363,68
1363,21
1364,22
1364,50
1364,4
1364,38
1364,8
1364,118
1364,47
1364,55
1364,20
1364,13
1364,23
1365,44
1365,49
1365,4
1365,16
1365,39
1365,104
1365,42
1365,55
1365,50
1365,43
1365,22
1365,14
1365,23
1365,8
1365,23
1366,16
1366,23
1366,50
1366,56
1366,39
1366,104
1366,43
1366,50
1366,44
1366,70
1366,49
1366,23
1366,45
1366,22
1366,55
1366,12
1367,4
1367,94
1367,33
1367,38
1367,14
1367,107
1367,46
1367,55
1367,60
1367,7
1367,64
1367,32
1367,59
1367,62
1367,61
1367,55
1367,23
1367,24
1367,66
1367,42
1367,29
1367,12
1367,55
1367,8
1367,115
1367,12
1368,16
1368,98
1368,28
1368,50
1368,151
1368,28
1368,113
1368,26
1368,70
1368,61
1368,12
1368,13
1368,21
1368,40
1368,104
1368,75
1368,95
1368,15
1368,42
1368,17
1368,33
1368,26
1368,57
1368,26
1368,66
1368,22
1368,23
1369,4
1369,50
1369,70
1369,23
1369,21
1369,29
1369,26
1369,33
1369,67
1369,37
1369,100
1369,34
1369,143
1369,74
1369,36
1369,55
1369,22
1369,55
1369,29
1369,24
1369,93
1369,34
1369,69
1369,70
1370,23
1370,21
1370,33
1370,8
1370,76
1370,27
1370,125
1370,142
1370,50
1370,17
1370,64
1370,70
1370,71
1370,68
1370,51
1370,13
1371,12
1371,4
1371,65
1371,38
1371,8
1371,14
1371,91
1371,23
1371,25
1371,54
1371,93
1371,50
1371,71
1372,16
1372,53
1372,4
1372,61
1372,56
1372,58
1372,73
1372,92
1372,69
1372,51
1372,33
1372,22
1372,71
1373,12
1373,47
1373,90
1373,21
1373,56
1373,67
1373,71
1373,71
1373,22
1373,72
1373,70
1373,62
1373,61
1373,27
1373,29
1373,41
1373,4
1373,40
1373,19
1373,31
1373,33
1373,51
1374,112
1374,51
1374,52
1374,98
1374,17
1374,53
1374,60
1374,8
1374,18
1374,125
1374,54
1374,49
1374,53
1374,4
1374,54
1374,24
1374,21
1374,55
1374,56
1374,51
1374,57
1374,100
1374,22
1374,25
1374,26
1374,23
1374,55
1374,15
1374,25
1374,34
1374,53
1374,28
1374,69
1374,70
1374,33
1374,104
1375,16
1375,4
1375,53
1375,90
1375,14
1375,100
1375,104
1375,23
1375,69
1375,29
1375,17
1375,105
1375,55
1375,65
1375,58
1375,60
1375,13
1375,42
1375,106
1375,107
1375,12
1375,30
1375,15
1376,42
1376,12
1376,95
1376,120
1376,61
1376,4
1376,33
1377,16
1377,107
1377,90
1377,104
1377,61
1377,58
1377,45
1377,41
1377,60
1377,33
1377,33
1377,97
1377,41
1377,16
1377,56
1377,81
1377,63
1377,42
1377,54
1377,57
1377,42
1378,58
1378,45
1378,33
1378,36
1378,12
1378,61
1378,39
1378,98
1378,33
1378,23
1378,94
1378,120
1379,12
1379,4
1379,48
1379,27
1379,45
1379,145
1379,138
1379,140
1379,42
1379,29
1379,71
1379,60
1379,28
1379,17
1379,30
1379,23
1379,48
1379,57
1379,56
1379,55
1379,94
1379,12
1380,80
1380,34
1380,74
1380,103
1380,73
1380,41
1380,25
1380,16
1380,77
1380,12
1380,111
1380,4
1380,52
1380,58
1380,79
1380,138
1380,101
1380,42
1380,50
1380,61
1380,28
1380,22
1380,25
1380,108
1380,12
1381,23
1381,61
1381,113
1381,53
1381,4
1381,58
1381,92
1381,64
1381,12
1381,17
1381,13
1381,14
1381,23
1381,61
1381,45
1381,22
1381,22
1381,55
1381,51
1382,112
1382,113
1382,4
1382,38
1382,41
1382,79
1382,33
1382,17
1382,57
1382,80
1382,74
1382,101
1382,102
1382,22
1382,92
1382,90
1382,23
1382,26
1382,54
1382,33
1382,8
1382,106
1382,12
1382,58
1383,21
1383,115
1383,45
1383,57
1383,46
1383,29
1383,60
1383,4
1383,58
1383,50
1383,45
1383,29
1383,12
1383,13
1383,10
1383,59
1383,93
1383,42
1383,58
1383,16
1383,23
1383,46
1383,60
1383,22
1383,70
1383,53
1383,23
1383,55
1383,23
1384,16
1384,4
1384,94
1384,38
1384,71
1384,107
1384,46
1384,55
1384,60
1384,7
1384,64
1384,62
1384,13
1384,61
1384,23
1384,24
1384,66
1384,42
1384,29
1384,12
1384,55
1384,8
1384,12
1385,138
1385,14
1385,21
1385,55
1385,12
1385,115
1385,45
1385,13
1385,16
1385,13
1386,112
1386,4
1386,44
1386,56
1386,63
1386,113
1386,7
1386,55
1386,8
1386,24
1386,17
1386,71
1386,40
1386,21
1386,98
1386,59
1386,12
1386,69
1386,68
1386,49
1387,111
1387,49
1387,52
1387,93
1387,41
1387,45
1387,61
1387,54
1387,59
1387,97
1387,15
1387,13
1387,79
1387,55
1387,8
1387,61
1387,23
1387,71
1387,94
1387,15
1387,115
1387,4
1387,58
1387,42
1387,132
1387,55
1387,42
1387,14
1387,50
1388,16
1388,4
1388,113
1388,17
1388,36
1388,90
1388,53
1388,26
1388,8
1388,50
1388,57
1388,52
1388,28
1388,42
1388,57
1388,100
1388,117
1388,37
1388,29
1388,45
1388,66
1388,21
1388,61
1388,7
1388,56
1388,76
1388,45
1388,53
1389,16
1389,113
1389,68
1389,38
1389,90
1389,105
1389,22
1389,41
1389,100
1389,33
1389,98
1389,54
1389,7
1389,14
1389,12
1389,13
1389,51
1389,15
1389,50
1389,21
1389,80
1390,16
1390,4
1390,98
1390,29
1390,56
1390,80
1390,81
1390,97
1390,60
1390,23
1390,12
1390,53
1390,5
1390,32
1390,23
1390,93
1390,38
1390,31
1390,57
1390,115
1390,69
1390,64
1390,22
1390,31
1390,78
1390,57
1390,42
1390,69
1390,23
1390,33
1390,95
1390,57
1390,82
1390,100
1390,33
1390,83
1390,28
1390,34
1391,16
1391,26
1391,107
1391,50
1391,24
1391,28
1391,33
1391,23
1391,15
1391,69
1391,57
1391,31
1391,34
1391,26
1391,35
1391,33
1391,23
1391,22
1391,60
1391,21
1391,68
1391,138
1391,52
1391,123
1391,139
1392,138
1392,27
1392,61
1392,107
1392,26
1392,22
1392,139
1392,23
1392,4
1392,140
1392,27
1392,33
1392,60
1392,44
1392,55
1393,49
1393,55
1393,89
1393,56
1393,57
1393,95
1393,104
1393,45
1393,35
1393,29
1393,41
1393,51
1393,15
1393,9
1393,107
1393,12
1393,60
1393,87
1393,15
1393,28
1393,58
1394,100
1394,22
1394,59
1394,55
1394,58
1394,12
1394,115
1394,33
1394,8
1394,71
1394,4
1394,59
1395,66
1395,115
1395,55
1395,127
1395,59
1395,31
1395,4
1395,61
1395,72
1395,23
1395,94
1395,12
1395,24
1395,78
1395,58
1396,12
1396,4
1396,58
1396,50
1396,37
1396,33
1396,55
1396,8
1396,31
1396,22
1396,32
1396,59
1396,58
1396,95
1396,38
1396,59
1396,93
1396,15
1397,69
1397,57
1397,26
1397,15
1397,16
1397,31
1397,13
1397,23
1397,57
1397,12
1397,17
1398,90
1398,30
1398,38
1398,29
1398,71
1398,13
1398,26
1398,60
1398,111
1398,81
1398,4
1398,48
1398,113
1398,22
1398,138
1398,51
1398,24
1398,61
1398,22
1398,47
1398,24
1398,23
1398,12
1398,72
1398,45
1398,73
1398,25
1398,22
1398,27
1398,50
1398,55
1398,15
1398,14
1398,100
1398,48
1398,44
1398,55
1398,73
1398,43
1399,14
1399,28
1399,16
1399,26
1399,4
1401,54
1401,115
1401,68
1401,60
1401,23
1401,14
1401,71
1401,34
1401,24
1401,107
1401,61
1401,33
1401,39
1401,66
1401,60
1401,16
1401,50
1401,59
1401,77
1401,86
1401,59
1401,55
1401,38
1401,73
1401,22
1402,100
1402,140
1402,12
1402,21
1402,34
1402,21
1402,22
1402,95
1402,118
1402,15
1402,33
1402,138
1402,24
1402,22
1402,12
1402,123
1402,142
1402,113
1402,23
1402,34
1402,141
1402,139
1402,23
1402,4
1403,55
1403,4
1403,34
1403,62
1403,60
1403,14
1403,55
1403,26
1403,22
1403,29
1403,107
1403,23
1403,12
1403,41
1403,13
1403,61
1403,21
1403,19
1403,45
1403,54
1403,28
1403,55
1403,57
1403,98
1404,22
1404,43
1404,48
1404,69
1404,98
1404,121
1404,28
1404,67
1404,22
1404,57
1404,74
1404,56
1404,91
1404,27
1404,15
1404,55
1405,16
1405,31
1405,78
1405,60
1405,28
1405,33
1405,66
1405,7
1405,56
1405,55
1405,13
1405,14
1405,4
1405,41
1405,38
1405,23
1405,100
1405,56
1405,80
1406,98
1406,28
1406,23
1406,13
1406,80
1406,21
1406,69
1406,81
1406,12
1406,82
1406,69
1406,83
1406,84
1406,136
1406,17
1406,4
1407,90
1407,44
1407,53
1407,126
1407,68
1407,55
1407,115
1407,51
1407,4
1407,55
1407,37
1407,92
1407,18
1407,27
1407,21
1407,29
1407,22
1407,102
1407,23
1407,45
1407,5
1407,6
1409,45
1409,6
1409,7
1409,61
1409,16
1409,26
1410,16
1410,17
1410,70
1410,56
1410,26
1410,44
1410,59
1410,17
1410,24
1410,27
1410,28
1410,29
1410,72
1410,28
1410,73
1410,46
1410,53
1410,30
1410,30
1410,125
1410,89
1410,94
1410,115
1410,23
1410,41
1410,51
1410,120
1410,71
1410,24
1410,31
1410,12
1410,29
1410,74
1410,34
1410,33
1410,32
1410,57
1410,69
1411,28
1411,56
1411,56
1411,48
1411,64
1411,69
1411,41
1411,38
1411,8
1411,52
1411,40
1411,50
1411,71
1411,70
1411,22
1411,57
1411,53
1411,42
1411,100
1411,71
1411,40
1411,67
1411,57
1411,72
1411,38
1411,22
1411,59
1411,66
1411,73
1411,33
1411,45
1411,23
1411,101
1411,22
1411,93
1412,93
1412,72
1412,78
1412,24
1412,94
1412,17
1412,26
1412,95
1412,21
1412,13
1412,33
1412,58
1412,29
1412,34
1412,12
1412,55
1412,93
1413,16
1413,94
1413,4
1413,100
1413,23
1413,93
1413,55
1413,17
1413,100
1413,93
1413,58
1413,21
1413,59
1413,94
1413,115
1413,117
1413,95
1413,94
1413,80
1413,56
1413,69
1413,70
1413,28
1414,56
1414,60
1414,95
1414,7
1414,55
1414,59
1414,23
1414,33
1414,98
1414,74
1414,94
1414,55
1414,56
1414,22
1414,29
1414,69
1414,94
1414,53
1414,38
1414,45
1414,100
1414,39
1414,26
1414,44
1414,4
1414,53
1414,61
1414,44
1414,43
1414,35
1414,15
1414,98
1414,27
1415,68
1415,45
1415,33
1415,78
1415,12
1415,67
1415,60
1415,24
1415,23
1415,24
1415,25
1415,66
1415,22
1415,37
1415,72
1415,16
1415,26
1415,41
1415,42
1415,56
1415,66
1415,4
1415,89
1415,38
1415,8
1415,100
1415,61
1415,94
1415,94
1415,33
1415,48
1415,50
1415,54
1416,67
1416,28
1416,113
1416,142
1416,50
1416,90
1416,98
1416,98
1416,22
1416,21
1416,61
1416,14
1416,23
1416,23
1416,29
1417,22
1417,13
1417,21
1417,43
1417,28
1417,12
1417,20
1417,45
1417,32
1417,136
1417,22
1418,16
1418,4
1418,42
1418,39
1418,20
1418,32
1418,23
1418,76
1418,19
1419,19
1419,33
1419,69
1419,49
1419,68
1419,33
1419,67
1419,106
1419,20
1419,90
1419,21
1420,33
1420,21
1420,21
1420,49
1420,68
1420,52
1420,19
1421,16
1421,4
1421,136
1421,42
1421,31
1421,68
1421,17
1421,23
1421,22
1421,19
1422,4
1422,40
1422,22
1422,26
1422,116
1422,50
1422,16
1422,55
1422,22
1422,12
1422,37
1422,41
1423,41
1423,30
1423,22
1423,42
1423,43
1423,44
1423,45
1423,59
1423,46
1423,116
1423,21
1423,71
1424,37
1424,50
1424,15
1424,4
1424,24
1424,55
1424,24
1424,71
1424,28
1424,62
1424,33
1424,26
1424,86
1424,100
1424,49
1424,69
1424,21
1424,69
1424,45
1424,16
1425,16
1425,4
1425,71
1425,86
1425,16
1425,26
1425,37
1425,62
1425,56
1425,28
1425,69
1425,58
1425,113
1425,24
1425,29
1425,24
1425,100
1425,55
1425,28
1426,31
1426,24
1426,15
1426,100
1426,62
1426,56
1426,28
1426,55
1426,28
1426,69
1426,16
1426,53
1426,13
1426,50
1426,28
1426,70
1426,71
1427,16
1427,135
1427,62
1427,37
1427,21
1427,13
1427,28
1427,71
1427,45
1427,22
1427,31
1427,24
1427,55
1427,100
1427,93
1428,16
1428,4
1428,50
1428,62
1428,37
1428,13
1428,28
1428,92
1428,71
1428,45
1428,22
1428,31
1428,24
1428,100
1428,15
1428,28
1428,93
1429,37
1429,15
1429,92
1429,22
1429,24
1429,16
1429,95
1429,62
1429,93
1429,7
1429,28
1429,4
1429,71
1429,45
1429,55
1429,31
1430,12
1430,40
1430,96
1430,22
1430,22
1430,105
1430,23
1430,32
1430,94
1430,135
1430,136
1430,50
1430,31
1431,12
1431,4
1431,31
1431,37
1431,28
1431,22
1431,136
1431,13
1431,23
1431,22
1431,23
1431,101
1431,20
1431,53
1431,12
1431,91
1431,92
1432,12
1432,136
1432,4
1432,74
1432,13
1432,54
1432,22
1432,64
1432,23
1432,22
1432,96
1432,55
1432,16
1432,41
1432,55
1432,88
1432,20
1433,25
1433,13
1433,20
1433,90
1433,68
1433,21
1433,64
1433,98
1433,21
1433,12
1433,62
1433,28
1433,22
1433,52
1433,41
1433,136
1433,22
1433,74
1434,4
1434,57
1434,71
1434,74
1434,45
1434,107
1434,18
1434,108
1434,22
1434,23
1434,32
1434,23
1434,23
1434,29
1434,15
1434,36
1434,22
1434,93
1435,16
1435,57
1435,74
1435,45
1435,18
1435,108
1435,22
1435,23
1435,32
1435,23
1435,26
1435,93
1435,15
1435,22
1435,91
1435,93
1435,29
1435,92
1436,16
1436,24
1436,60
1436,4
1436,90
1436,60
1436,61
1436,92
1436,60
1436,107
1436,21
1436,15
1437,22
1437,136
1437,99
1437,41
1437,21
1437,27
1437,50
1437,79
1437,95
1437,57
1437,24
1437,22
1437,26
1437,26
1437,98
1437,50
1437,12
1437,25
1437,4
1437,89
1437,31
1437,32
1437,68
1437,23
1437,29
1437,15
1437,26
1437,107
1437,66
1437,12
1437,69
1437,90
1438,90
1438,16
1438,116
1438,91
1438,92
1438,17
1438,93
1438,39
1438,94
1438,27
1438,95
1438,23
1439,16
1439,89
1439,4
1439,90
1439,28
1439,136
1439,22
1439,54
1439,26
1439,58
1439,24
1439,32
1439,105
1440,105
1440,106
1440,26
1440,23
1440,42
1440,20
1440,107
1440,26
1440,16
1440,108
1441,45
1441,108
1441,109
1441,20
1441,60
1441,22
1441,41
1441,55
1441,12
1441,33
1441,90
1441,27
1441,110
1441,4
1442,4
1442,107
1442,5
1442,16
1442,15
1442,45
1442,137
1442,71
1442,6
1442,47
1442,40
1443,74
1443,32
1443,40
1443,4
1443,75
1443,49
1443,55
1443,13
1443,47
1443,105
1443,68
1443,22
1443,70
1443,61
1443,45
1443,96
1443,40
1443,19
1443,22
1443,67
1443,107
1444,40
1444,60
1444,107
1444,45
1444,107
1444,73
1444,15
1444,16
1444,108
1444,109
1444,110
1444,38
1444,111
1444,35
1444,24
1444,15
1444,49
1444,104
1445,12
1445,40
1445,23
1445,31
1445,4
1445,136
1445,69
1445,21
1445,45
1445,15
1445,104
1445,34
1445,30
1445,55
1445,105
1446,40
1446,96
1446,25
1446,20
1446,26
1446,28
1446,24
1446,26
1446,18
1446,33
1446,50
1446,66
1446,23
1446,32
1446,55
1446,105
1447,105
1447,16
1447,20
1447,106
1447,45
1447,136
1448,106
1448,20
1448,105
1448,12
1448,107
1448,32
1448,26
1448,4
1448,40
1448,91
1448,92
1448,96
1449,91
1449,96
1449,40
1449,34
1449,115
1449,29
1449,107
1449,22
1449,22
1449,28
1449,4
1449,95
1449,45
1449,12
1449,104
1449,39
1449,33
1449,97
1449,92
1450,16
1450,4
1450,39
1450,72
1450,76
1450,28
1450,40
1450,115
1450,22
1450,91
1451,16
1451,136
1451,28
1451,91
1451,47
1451,26
1451,39
1451,55
1451,151
1451,80
1451,22
1451,22
1451,22
1451,92
1452,16
1452,4
1452,45
1452,107
1452,136
1452,54
1452,22
1452,22
1452,91
1453,12
1453,42
1453,39
1453,91
1453,92
1453,29
1453,48
1453,24
1453,45
1453,4
1453,61
1453,15
1453,22
1454,14
1454,48
1454,41
1454,26
1454,95
1454,95
1454,55
1454,24
1454,113
1454,12
1454,60
1454,28
1454,50
1454,33
1454,13
1454,68
1455,22
1455,22
1455,45
1455,20
1455,32
1455,113
1455,28
1455,54
1455,12
1455,136
1455,13
1456,50
1456,32
1456,22
1456,32
1456,45
1456,55
1456,95
1456,12
1456,62
1456,98
1456,22
1456,13
1456,107
1456,22
1456,34
1456,45
1456,54
1457,112
1457,113
1457,4
1457,38
1457,67
1457,91
1457,56
1457,54
1457,64
1457,74
1457,136
1457,27
1457,50
1457,60
1457,22
1457,30
1457,15
1457,60
1457,71
1457,94
1457,12
1457,95
1457,55
1457,57
1457,17
1457,22
1457,56
1457,57
1458,8
1458,4
1458,113
1458,48
1458,29
1458,61
1458,59
1458,22
1458,31
1458,40
1458,55
1458,13
1458,117
1458,135
1458,28
1458,74
1458,57
1459,47
1459,24
1459,29
1459,107
1459,90
1459,22
1459,25
1459,15
1459,32
1459,57
1459,4
1459,14
1459,12
1459,69
1459,29
1459,54
1459,68
1459,26
1459,89
1459,27
1459,22
1459,50
1459,60
1459,31
1459,98
1459,41
1459,23
1459,99
1459,26
1460,89
1460,4
1460,50
1460,95
1460,136
1460,90
1460,22
1460,98
1460,14
1460,15
1460,26
1460,60
1460,23
1460,68
1460,79
1460,12
1460,31
1460,50
1460,47
1460,107
1460,23
1460,25
1460,26
1460,27
1460,32
1460,57
1460,54
1460,29
1460,69
1460,29
1461,54
1461,142
1461,82
1461,66
1461,100
1461,12
1461,140
1461,29
1461,30
1461,33
1461,31
1461,26
1461,38
1461,26
1461,96
1461,141
1461,43
1461,56
1461,47
1461,32
1461,114
1461,52
1461,22
1461,25
1461,70
1461,50
1461,12
1461,56
1461,33
1461,71
1461,126
1461,40
1461,98
1461,21
1461,50
1461,34
1461,139
1461,110
1461,42
1462,42
1462,73
1462,33
1462,69
1462,8
1462,23
1462,115
1462,22
1462,103
1462,106
1462,24
1462,23
1462,56
1462,4
1462,13
1462,112
1462,71
1462,43
1462,135
1462,12
1463,24
1463,12
1463,23
1463,34
1463,13
1463,33
1463,14
1463,15
1463,8
1463,98
1463,108
1463,39
1463,78
1463,16
1463,12
1463,151
1463,93
1464,12
1464,93
1464,52
1464,71
1464,21
1464,23
1464,33
1464,64
1464,59
1464,69
1464,50
1464,13
1464,59
1464,55
1464,73
1464,51
1464,69
1464,4
1464,17
1464,36
1464,94
1464,96
1464,40
1464,45
1464,95
1464,143
1464,96
1464,110
1464,100
1464,97
1464,100
1464,98
1465,12
1465,25
1465,69
1465,5
1465,8
1465,98
1465,22
1465,51
1465,98
1465,62
1465,47
1465,24
1465,56
1465,33
1465,97
1465,56
1465,61
1465,54
1465,24
1465,22
1465,98
1465,98
1465,99
1465,34
1465,100
1465,71
1465,101
1465,60
1465,99
1465,34
1465,33
1465,58
1465,102
1466,16
1466,86
1466,28
1466,33
1466,56
1466,55
1466,105
1466,26
1466,19
1466,15
1466,55
1466,13
1466,53
1466,29
1466,47
1466,128
1466,17
1466,102
1466,18
1466,17
1466,138
1466,21
1466,21
1466,43
1466,38
1466,44
1466,45
1466,60
1466,29
1466,103
1466,89
1467,16
1467,50
1467,8
1467,28
1467,33
1467,56
1467,55
1467,105
1467,26
1467,19
1467,15
1467,13
1467,53
1467,29
1467,47
1467,55
1467,34
1467,17
1467,18
1467,128
1467,17
1467,138
1467,21
1467,131
1467,33
1467,12
1467,29
1468,113
1468,55
1468,26
1468,33
1468,29
1468,78
1468,59
1468,86
1468,29
1468,25
1468,67
1468,89
1468,16
1468,25
1468,97
1468,76
1468,73
1468,26
1468,91
1468,4
1468,37
1468,56
1468,61
1468,67
1468,21
1468,75
1468,28
1469,112
1469,93
1469,71
1469,28
1469,42
1469,29
1469,71
1469,56
1469,49
1469,27
1469,56
1469,41
1469,33
1469,55
1469,22
1469,66
1470,118
1470,39
1470,33
1470,66
1470,26
1470,47
1470,95
1470,111
1470,21
1470,14
1470,52
1470,45
1470,4
1470,78
1470,29
1470,136
1470,71
1470,48
1470,50
1470,33
1470,33
1470,67
1470,95
1470,86
1470,38
1470,57
1470,125
1470,7
1470,28
1470,110
1470,23
1470,12
1470,22
1470,51
1470,29
1470,16
1470,70
1470,24
1470,68
1470,13
1470,69
1470,54
1470,46
1470,25
1470,67
1470,36
1470,21
1471,89
1471,4
1471,52
1471,21
1471,61
1471,14
1471,71
1471,110
1471,65
1471,77
1471,62
1471,92
1471,40
1471,67
1471,37
1471,40
1471,16
1471,22
1471,94
1471,42
1471,55
1471,58
1471,53
1471,50
1471,23
1471,61
1471,52
1471,55
1472,112
1472,4
1472,89
1472,41
1472,69
1472,22
1472,23
1472,15
1472,67
1472,58
1472,68
1472,115
1472,43
1472,12
1472,31
1472,56
1472,70
1472,33
1472,55
1473,94
1473,113
1473,8
1473,143
1473,33
1473,56
1473,24
1473,17
1473,22
1473,41
1473,73
1473,55
1473,33
1473,26
1473,26
1473,26
1473,50
1473,26
1473,66
1473,46
1474,12
1474,46
1474,4
1474,21
1474,17
1474,42
1474,32
1474,38
1474,47
1474,12
1474,115
1474,22
1475,17
1475,90
1475,12
1475,73
1475,71
1475,22
1475,73
1475,23
1475,24
1475,61
1475,62
1475,25
1475,136
1475,50
1475,100
1475,96
1475,29
1475,41
1475,56
1475,16
1475,67
1475,54
1475,86
1475,93
1475,4
1475,50
1475,97
1475,113
1475,17
1475,56
1475,26
1475,90
1476,90
1476,12
1476,123
1476,72
1476,57
1476,91
1476,54
1476,69
1476,92
1476,67
1476,63
1476,65
1476,4
1476,40
1476,16
1476,55
1476,55
1476,22
1476,28
1476,33
1476,49
1476,95
1477,59
1477,55
1477,37
1477,45
1477,51
1477,107
1477,64
1477,12
1477,25
1477,63
1477,17
1477,22
1477,101
1477,42
1477,56
1477,21
1477,55
1477,22
1477,38
1477,62
1477,23
1477,95
1477,33
1477,22
1477,18
1478,22
1478,113
1478,18
1478,69
1478,16
1478,116
1478,50
1478,86
1478,42
1478,55
1478,39
1478,60
1478,93
1478,19
1478,16
1478,89
1478,74
1478,23
1478,20
1478,13
1478,57
1480,41
1480,22
1480,22
1480,24
1480,90
1480,23
1480,94
1480,16
1480,21
1480,21
1480,24
1480,21
1480,23
1480,98
1480,32
1481,16
1481,89
1481,53
1481,90
1481,52
1481,4
1481,71
1481,3
1481,32
1481,62
1481,17
1481,39
1481,110
1481,109
1481,106
1481,26
1481,100
1481,107
1481,45
1481,131
1481,128
1481,47
1481,48
1481,49
1481,27
1481,102
1481,24
1481,51
1481,32
1481,33
1481,34
1481,52
1481,35
1481,36
1481,98
1481,117
1481,12
1481,43
1481,74
1481,23
1481,104
1481,26
1481,26
1481,37
1482,93
1482,140
1482,37
1482,45
1482,38
1482,31
1482,4
1482,33
1482,21
1482,52
1482,23
1482,59
1482,28
1482,38
1482,69
1482,13
1482,138
1482,39
1483,89
1483,41
1483,39
1483,69
1483,38
1483,22
1483,58
1483,61
1483,93
1483,33
1483,95
1483,87
1483,25
1483,23
1484,16
1484,4
1484,25
1484,90
1484,23
1484,98
1484,86
1484,136
1484,17
1484,23
1484,138
1484,56
1484,93
1484,71
1484,24
1484,60
1484,41
1484,98
1484,121
1484,25
1484,26
1484,24
1484,32
1484,29
1484,57
1484,114
1485,12
1485,50
1485,114
1485,38
1485,15
1485,8
1485,18
1485,23
1485,21
1485,45
1485,93
1485,28
1486,16
1486,50
1486,71
1486,24
1486,26
1486,33
1486,98
1486,29
1486,14
1486,22
1486,21
1486,59
1486,51
1486,113
1486,66
1486,72
1486,86
1487,16
1487,4
1487,50
1487,33
1487,71
1487,24
1487,26
1487,61
1487,60
1487,13
1487,33
1487,28
1487,29
1487,27
1487,14
1487,23
1487,132
1487,43
1487,59
1487,48
1487,67
1487,19
1487,54
1487,55
1487,86
1489,16
1489,69
1489,45
1489,21
1489,28
1489,98
1489,63
1489,52
1489,73
1489,64
1489,86
1489,87
1489,98
1489,26
1489,89
1489,72
1489,55
1489,60
1489,34
1489,138
1489,139
1489,142
1489,88
1490,16
1490,50
1490,4
1490,17
1490,47
1490,46
1490,28
1490,90
1490,58
1490,100
1490,88
1490,97
1490,111
1490,54
1490,23
1490,52
1490,15
1490,13
1490,29
1490,93
1490,95
1490,45
1490,50
1490,70
1490,74
1490,19
1490,34
1490,33
1490,33
1490,132
1490,56
1490,53
1490,17
1490,59
1490,115
1490,89
1490,36
1490,138
1490,72
1490,26
1491,22
1491,26
1491,8
1491,115
1491,55
1491,69
1491,46
1491,14
1491,33
1491,56
1491,5
1491,37
1491,26
1491,27
1491,28
1491,33
1491,71
1491,29
1491,7
1491,28
1491,52
1491,33
1491,78
1491,55
1491,29
1491,67
1491,17
1491,93
1491,23
1491,23
1491,30
1492,38
1492,141
1492,24
1492,14
1492,51
1492,7
1492,86
1492,96
1492,55
1492,12
1492,98
1492,115
1492,26
1492,30
1492,21
1492,46
1492,13
1492,33
1492,29
1492,50
1492,42
1492,24
1492,15
1492,33
1492,18
1493,39
1493,31
1493,50
1493,22
1493,49
1493,34
1493,37
1493,76
1493,24
1493,53
1493,18
1493,100
1493,19
1493,12
1493,89
1493,20
1493,68
1493,91
1494,113
1494,41
1494,47
1494,53
1494,38
1494,4
1494,91
1494,33
1494,45
1494,89
1494,21
1494,55
1494,118
1494,42
1494,121
1494,13
1494,50
1494,93
1494,22
1494,55
1495,12
1495,21
1495,63
1495,28
1495,23
1495,18
1495,4
1495,62
1495,97
1495,55
1495,100
1495,31
1495,66
1495,23
1495,69
1495,33
1495,28
1496,16
1496,21
1496,98
1496,93
1496,96
1496,23
1496,4
1496,24
1496,69
1496,23
1496,94
1496,37
1496,56
1496,26
1497,12
1497,44
1497,15
1497,26
1497,44
1497,94
1497,97
1497,22
1497,98
1497,56
1497,22
1497,55
1497,47
1497,33
1497,23
1497,90
1497,69
1497,27
1497,27
1497,98
1497,23
1497,94
1497,26
1497,98
1497,22
1497,22
1498,112
1498,14
1498,70
1498,136
1498,90
1498,98
1498,16
1498,4
1498,18
1498,22
1498,22
1498,55
1498,33
1498,56
1498,70
1498,34
1498,69
1498,56
1498,33
1498,57
1498,53
1498,24
1499,94
1499,63
1499,29
1499,24
1499,115
1499,69
1499,28
1499,33
1500,14
1500,16
1500,52
1500,188
1500,39
1500,1146
1500,137
1500,405
1500,238
1500,752
1500,368
1500,295
1500,553
1500,11
1500,402
1500,269
1500,87
1500,333
1500,992
1500,320
1500,1660
1500,154
1500,168
1500,185
1500,125
1500,171
1500,141
1500,111
1500,130
1500,593
1500,826
1500,951
1500,169
1500,38
1500,1498
1500,507
1500,124
1500,21
1500,2413
1500,9
1500,181
1500,282
1500,531
1500,23
1500,220
1500,278
1500,467
1500,190
1500,133
1500,222
1500,378
1500,244
1501,44
1501,33
1501,28
1501,23
1501,71
1501,15
1501,4
1501,89
1501,95
1501,73
1501,96
1501,16
1501,52
1501,13
1501,47
1501,8
1501,94
1501,23
1501,12
1501,116
1501,36
1501,34
1501,50
1501,55
1502,16
1502,136
1502,26
1502,71
1502,47
1502,55
1502,45
1502,27
1502,15
1502,29
1502,56
1502,33
1502,116
1502,38
1502,93
1502,28
1502,4
1502,60
1502,57
1502,58
1502,55
1502,41
1502,59
1502,43
1502,40
1502,23
1502,30
1502,22
1502,16
1503,16
1503,47
1503,33
1503,4
1503,98
1503,53
1503,38
1503,14
1503,71
1503,120
1503,103
1503,25
1503,16
1503,58
1503,17
1504,61
1504,33
1504,46
1504,16
1504,98
1504,61
1504,48
1504,17
1504,41
1504,123
1504,24
1504,76
1504,126
1504,93
1504,115
1504,45
1504,89
1504,18
1504,38
1504,27
1504,23
1504,84
1504,25
1504,99
1504,50
1504,19
1504,23
1504,43
1504,58
1504,34
1504,116
1504,32
1504,58
1504,19
1504,22
1504,57
1504,53
1505,69
1505,16
1505,23
1505,55
1505,28
1505,53
1505,54
1505,74
1505,62
1505,97
1505,24
1505,55
1505,71
1505,61
1505,54
1505,94
1505,26
1505,117
1505,56
1505,93
1505,26
1505,117
1505,57
1505,52
1505,29
1505,35
1505,4
1505,23
1505,113
1505,115
1505,57
1505,43
1506,13
1506,22
1506,29
1506,16
1506,25
1506,43
1506,15
1506,45
1506,67
1506,50
1506,68
1506,4
1506,15
1509,4
1509,71
1509,16
1509,57
1509,20
1509,50
1509,45
1509,61
1509,123
1509,15
1509,115
1509,16
1509,27
1509,8
1509,86
1509,22
1509,129
1509,26
1509,17
1509,97
1509,33
1509,56
1509,145
1509,21
1509,135
1509,42
1509,140
1509,52
1509,55
1509,123
1509,138
1509,142
1509,53
1509,22
1509,50
1509,82
1509,43
1509,66
1509,44
1509,19
1509,18
1509,115
1510,12
1510,86
1510,41
1510,27
1510,40
1510,61
1510,58
1510,48
1510,22
1510,33
1510,45
1510,57
1510,115
1510,43
1511,15
1511,68
1511,85
1511,54
1511,93
1511,43
1511,26
1511,23
1511,68
1511,38
1511,44
1511,33
1511,52
1511,16
1511,138
1511,22
1511,16
1511,22
1511,45
1511,101
1511,81
1511,41
1511,56
1511,102
1511,50
1511,46
1511,50
1511,17
1511,63
1511,100
1511,132
1511,111
1511,23
1511,31
1511,71
1511,140
1511,141
1511,70
1511,22
1511,61
1511,8
1511,115
1512,16
1512,50
1512,21
1512,105
1512,22
1512,23
1512,23
1512,115
1512,116
1512,116
1512,117
1512,136
1512,55
1512,28
1512,42
1512,52
1512,97
1512,48
1512,38
1512,50
1512,115
1512,118
1512,113
1512,33
1513,16
1513,4
1513,45
1513,107
1513,15
1513,28
1513,28
1513,61
1513,100
1513,21
1513,142
1513,33
1513,34
1513,62
1513,29
1513,37
1513,22
1513,93
1514,93
1514,61
1514,16
1514,47
1514,60
1514,28
1514,63
1514,107
1514,48
1514,4
1514,64
1514,13
1514,18
1514,31
1515,4
1515,45
1515,107
1515,15
1515,28
1515,21
1515,61
1515,94
1515,31
1515,135
1515,67
1515,62
1515,32
1515,33
1515,22
1515,93
1516,62
1516,93
1516,31
1516,28
1516,107
1516,22
1516,21
1516,16
1516,45
1516,94
1516,28
1516,67
1517,16
1517,45
1517,107
1517,15
1517,28
1517,28
1517,61
1517,100
1517,21
1517,142
1517,67
1517,68
1517,27
1517,103
1517,69
1517,22
1517,93
1518,32
1518,24
1518,4
1518,25
1518,94
1518,22
1518,22
1518,24
1518,16
1519,15
1519,98
1519,50
1519,4
1519,71
1519,41
1519,28
1519,22
1519,95
1519,60
1519,49
1519,93
1519,55
1519,31
1519,39
1519,61
1519,59
1519,35
1519,38
1519,45
1519,73
1519,94
1519,24
1519,27
1519,16
1519,16
1519,68
1519,20
1519,37
1520,59
1520,53
1520,12
1520,115
1520,138
1520,93
1520,71
1520,17
1520,28
1520,42
1520,37
1520,22
1520,33
1520,16
1520,38
1520,125
1521,16
1521,4
1521,71
1521,69
1521,56
1521,29
1521,17
1521,13
1521,125
1521,21
1521,126
1521,16
1521,103
1521,95
1521,21
1521,25
1521,41
1521,127
1521,123
1521,68
1521,52
1521,142
1521,138
1521,141
1522,4
1522,8
1522,33
1522,71
1522,41
1522,45
1522,61
1522,50
1522,55
1522,23
1522,13
1522,15
1522,44
1522,112
1522,106
1522,27
1522,141
1523,89
1523,73
1523,71
1523,100
1523,94
1523,69
1523,55
1523,12
1523,69
1523,117
1524,86
1524,33
1524,4
1524,61
1524,45
1524,73
1524,81
1524,13
1524,22
1524,122
1524,15
1524,16
1524,29
1524,17
1524,21
1524,93
1524,55
1525,38
1525,53
1525,71
1525,74
1525,64
1525,56
1525,15
1525,17
1525,57
1525,86
1525,14
1525,142
1525,115
1525,21
1525,61
1525,37
1525,45
1525,8
1525,24
1525,59
1525,69
1525,112
1525,55
1525,50
1525,55
1525,75
1525,16
1525,55
1525,96
1526,16
1526,86
1526,4
1526,50
1526,33
1526,71
1526,34
1526,14
1526,30
1526,32
1526,111
1526,25
1526,109
1526,33
1526,89
1526,52
1526,115
1526,75
1526,74
1526,49
1526,40
1526,42
1526,24
1526,13
1526,45
1526,29
1526,28
1526,55
1527,22
1527,23
1527,12
1527,95
1527,22
1527,12
1527,90
1528,50
1528,39
1528,136
1528,58
1528,45
1528,78
1528,7
1528,28
1528,23
1528,120
1528,17
1528,69
1528,92
1528,21
1528,93
1528,99
1528,92
1528,24
1528,70
1528,40
1528,31
1528,90
1528,4
1528,91
1528,84
1528,49
1528,69
1528,47
1528,48
1528,12
1528,44
1528,62
1529,16
1529,34
1529,50
1529,38
1529,72
1529,30
1529,62
1529,113
1529,100
1529,46
1529,22
1529,66
1529,39
1529,64
1529,45
1529,60
1529,51
1530,121
1530,97
1530,47
1530,16
1530,33
1530,15
1530,33
1530,30
1530,44
1530,24
1530,63
1530,55
1530,24
1530,16
1530,14
1530,61
1530,51
1530,71
1530,86
1531,17
1531,33
1531,56
1531,60
1531,58
1531,15
1531,96
1531,29
1531,68
1531,13
1531,52
1531,49
1531,67
1531,50
1531,67
1531,55
1531,140
1531,59
1531,130
1531,94
1531,98
1531,52
1531,68
1531,55
1531,27
1531,25
1531,28
1531,71
1531,22
1531,89
1531,56
1531,14
1531,86
1531,113
1531,33
1531,46
1531,127
1531,45
1531,142
1531,8
1531,63
1531,29
1531,64
1531,106
1531,132
1531,56
1531,65
1531,53
1531,55
1531,41
1531,80
1531,25
1532,12
1532,94
1532,113
1532,8
1532,4
1532,143
1532,33
1532,24
1532,17
1532,22
1532,41
1532,73
1532,55
1532,33
1532,60
1532,26
1532,26
1532,26
1532,26
1532,31
1532,66
1532,46
1533,7
1533,46
1533,20
1533,22
1533,24
1533,68
1533,28
1533,33
1533,13
1533,138
1533,71
1533,47
1533,64
1533,12
1533,48
1534,16
1534,36
1534,4
1534,50
1534,45
1534,71
1534,26
1534,28
1534,80
1534,29
1534,86
1534,15
1534,69
1534,45
1534,55
1534,22
1534,28
1534,13
1534,28
1534,14
1534,29
1534,23
1534,55
1534,15
1534,21
1534,69
1535,33
1535,50
1535,57
1535,70
1535,69
1535,71
1535,44
1535,61
1535,26
1535,70
1535,23
1535,45
1535,71
1535,72
1535,101
1535,16
1535,110
1535,29
1535,55
1535,28
1535,73
1535,28
1535,74
1536,94
1536,30
1536,22
1536,12
1536,4
1536,91
1536,92
1536,70
1536,96
1536,93
1536,36
1536,53
1536,100
1536,32
1536,136
1536,75
1536,41
1536,99
1536,23
1537,15
1537,12
1537,53
1537,52
1537,23
1537,123
1537,31
1537,89
1537,98
1537,13
1537,32
1537,51
1537,30
1537,23
1537,61
1537,60
1537,38
1537,41
1538,112
1538,53
1538,90
1538,23
1538,22
1538,36
1538,18
1538,28
1538,23
1538,136
1538,65
1538,19
1538,60
1538,51
1538,4
1538,139
1538,12
1538,40
1538,22
1538,84
1538,58
1538,34
1538,66
1538,26
1538,69
1538,70
1538,56
1539,31
1539,89
1539,93
1539,93
1539,56
1539,31
1539,26
1540,16
1540,40
1540,99
1540,31
1540,4
1540,69
1540,50
1540,28
1540,28
1540,27
1540,70
1540,74
1540,75
1544,12
1544,50
1544,32
1544,90
1544,51
1544,33
1544,71
1544,92
1544,50
1544,45
1544,107
1544,122
1544,75
1544,26
1544,64
1544,13
1544,98
1544,33
1544,22
1544,23
1544,135
1544,21
1544,55
1544,43
1544,23
1545,122
1545,22
1545,33
1545,94
1545,87
1545,23
1545,43
1545,50
1545,100
1545,33
1545,24
1545,126
1545,45
1545,95
1545,51
1545,23
1545,110
1545,86
1545,64
1545,21
1545,31
1545,32
1545,33
1545,50
1545,22
1545,22
1545,71
1547,41
1547,12
1547,37
1547,22
1547,18
1547,29
1547,71
1547,49
1547,21
1547,73
1547,126
1547,23
1547,136
1547,33
1547,40
1547,64
1547,15
1547,4
1547,56
1547,63
1547,56
1547,12
1547,13
1547,63
1547,31
1547,35
1547,65
1547,69
1547,70
1547,90
1547,67
1547,112
1547,93
1547,7
1547,56
1547,125
1547,23
1547,55
1548,90
1548,23
1548,93
1548,42
1548,18
1548,71
1548,22
1548,4
1548,31
1548,56
1548,33
1548,61
1548,95
1548,15
1548,73
1548,7
1548,13
1548,99
1548,69
1548,55
1548,12
1548,95
1548,52
1548,28
1548,29
1548,56
1548,50
1548,26
1548,16
1548,63
1548,55
1548,125
1548,56
1548,60
1548,22
1548,65
1548,66
1548,72
1548,53
1548,23
1548,59
1548,55
1548,126
1550,50
1550,34
1550,98
1550,71
1550,71
1550,46
1550,54
1550,111
1550,61
1550,60
1550,52
1550,55
1550,56
1550,29
1550,126
1550,19
1550,22
1550,127
1550,42
1550,35
1550,128
1551,8
1551,71
1551,46
1551,19
1551,42
1551,52
1551,36
1551,61
1551,128
1551,69
1551,60
1551,115
1551,42
1551,70
1551,4
1551,17
1551,71
1551,33
1551,126
1551,45
1553,55
1553,39
1553,21
1553,45
1553,67
1554,16
1554,8
1554,4
1554,33
1554,71
1554,22
1554,59
1554,21
1554,52
1554,30
1554,128
1554,131
1554,103
1554,51
1554,104
1554,43
1554,44
1554,45
1554,138
1554,28
1554,14
1554,60
1554,29
1554,68
1554,59
1554,56
1554,29
1554,24
1554,140
1554,29
1554,145
1554,12
1554,56
1554,23
1555,16
1555,50
1555,39
1555,46
1555,118
1555,47
1555,21
1555,73
1555,71
1555,54
1555,70
1555,33
1555,74
1555,48
1555,75
1555,71
1555,45
1555,15
1555,93
1555,56
1555,69
1556,45
1556,24
1556,18
1556,25
1556,66
1556,50
1556,45
1556,37
1556,23
1556,121
1556,78
1556,46
1556,94
1556,48
1556,69
1556,67
1556,94
1556,98
1556,23
1556,33
1556,56
1556,126
1556,42
1556,115
1556,22
1556,24
1557,16
1557,86
1557,8
1557,33
1557,4
1557,71
1557,61
1557,55
1557,23
1557,29
1557,95
1557,26
1557,14
1557,21
1557,94
1557,68
1557,28
1558,50
1558,23
1558,56
1558,62
1558,28
1558,22
1558,71
1558,16
1558,37
1558,63
1558,22
1558,29
1558,118
1558,21
1558,25
1559,50
1559,4
1559,36
1559,28
1559,56
1559,8
1559,23
1559,45
1559,15
1559,69
1560,12
1560,76
1560,4
1560,69
1560,8
1560,72
1560,16
1560,22
1560,100
1560,23
1560,60
1560,26
1560,23
1560,95
1560,32
1560,29
1560,85
1560,47
1560,22
1560,22
1560,33
1560,40
1560,84
1560,115
1560,58
1560,30
1561,59
1561,38
1561,21
1561,101
1561,23
1561,22
1561,12
1561,33
1561,4
1561,29
1561,63
1561,66
1561,61
1561,35
1561,29
1561,7
1562,50
1562,136
1562,7
1562,22
1562,68
1562,33
1562,81
1562,59
1562,30
1562,12
1562,39
1562,42
1562,62
1562,16
1562,8
1562,16
1562,30
1562,21
1563,16
1563,50
1563,4
1563,104
1563,69
1563,45
1563,13
1563,55
1563,24
1563,15
1563,14
1563,32
1563,21
1563,90
1563,12
1563,28
1563,76
1563,74
1563,59
1563,138
1563,52
1563,21
1564,22
1564,113
1564,22
1564,21
1564,21
1564,12
1564,56
1564,33
1564,14
1564,23
1564,93
1564,8
1564,26
1565,16
1565,4
1565,94
1565,50
1565,29
1565,21
1565,39
1565,35
1565,90
1565,45
1565,52
1565,54
1565,76
1565,93
1565,98
1565,22
1565,31
1565,24
1565,17
1565,60
1565,61
1565,55
1565,130
1565,99
1565,35
1565,94
1565,71
1566,16
1566,50
1566,4
1566,59
1566,113
1566,111
1566,17
1566,41
1566,106
1566,21
1566,100
1566,99
1566,100
1566,45
1566,22
1566,33
1566,54
1566,24
1566,107
1566,15
1566,67
1566,55
1566,66
1566,22
1566,21
1566,72
1566,71
1566,72
1567,72
1567,16
1567,113
1567,4
1567,17
1567,21
1567,41
1567,73
1567,60
1567,90
1567,101
1567,23
1567,99
1567,100
1567,45
1567,100
1567,74
1567,45
1567,55
1567,22
1567,121
1567,100
1567,97
1567,61
1567,105
1567,72
1567,71
1567,40
1567,71
1567,23
1567,55
1567,66
1568,66
1568,73
1568,13
1568,100
1568,56
1568,16
1568,98
1568,73
1568,23
1568,71
1568,15
1568,100
1568,32
1568,55
1568,70
1568,16
1568,53
1568,75
1568,95
1568,22
1568,74
1568,53
1568,28
1568,69
1568,94
1568,24
1568,14
1568,136
1568,17
1568,70
1568,20
1568,89
1568,23
1569,95
1569,67
1569,15
1569,22
1569,73
1569,23
1569,16
1569,22
1569,50
1569,28
1569,138
1569,27
1569,23
1569,21
1569,29
1569,33
1569,12
1569,16
1569,28
1569,17
1569,24
1571,29
1571,50
1571,50
1571,98
1571,29
1571,53
1571,115
1571,24
1571,12
1571,60
1571,94
1571,17
1571,97
1571,32
1571,16
1571,66
1571,27
1571,94
1571,25
1571,8
1571,17
1571,60
1571,58
1571,4
1571,59
1572,25
1572,14
1572,123
1572,56
1572,15
1572,13
1572,139
1572,4
1572,73
1572,59
1572,140
1572,115
1572,130
1572,52
1572,89
1572,16
1572,123
1572,100
1572,50
1572,31
1572,113
1572,95
1572,60
1572,106
1572,21
1572,55
1572,40
1572,142
1572,61
1572,71
1572,24
1572,37
1572,13
1572,141
1572,42
1573,112
1573,40
1573,78
1573,50
1573,50
1573,90
1573,42
1573,105
1573,102
1573,53
1573,100
1573,31
1573,113
1573,57
1573,43
1573,39
1573,21
1573,18
1573,55
1573,45
1573,61
1573,61
1573,22
1573,60
1573,97
1573,28
1573,26
1573,93
1573,69
1574,53
1574,59
1574,142
1574,116
1574,33
1574,69
1574,23
1574,72
1574,21
1574,26
1574,15
1574,52
1574,16
1574,45
1574,96
1574,123
1574,39
1574,14
1574,50
1574,4
1574,14
1575,112
1575,4
1575,8
1575,117
1575,105
1575,55
1575,56
1575,14
1575,70
1575,55
1575,68
1575,27
1575,50
1575,21
1575,14
1575,26
1575,100
1575,57
1575,94
1575,115
1575,56
1575,70
1575,69
1575,34
1575,33
1575,59
1575,33
1576,112
1576,105
1576,55
1576,56
1576,48
1576,14
1576,70
1576,55
1576,68
1576,27
1576,50
1576,21
1576,14
1576,104
1576,26
1576,100
1576,38
1576,57
1576,55
1576,94
1576,115
1576,15
1576,22
1576,34
1576,33
1576,59
1576,33
1577,112
1577,145
1577,8
1577,25
1577,27
1577,21
1577,28
1577,56
1577,62
1577,68
1577,115
1577,14
1577,13
1577,100
1577,21
1577,15
1577,32
1577,41
1577,60
1577,60
1577,33
1577,26
1577,23
1577,45
1577,94
1577,22
1577,31
1578,16
1578,4
1578,16
1578,14
1578,21
1578,138
1578,52
1578,140
1578,45
1578,112
1578,37
1578,92
1578,62
1578,29
1578,97
1578,54
1578,42
1578,23
1578,22
1578,42
1578,14
1578,89
1578,69
1580,7
1580,35
1580,55
1580,17
1580,56
1580,66
1580,22
1580,25
1580,59
1580,21
1580,55
1580,52
1580,8
1580,50
1580,104
1580,12
1580,26
1580,39
1580,15
1581,12
1581,25
1581,8
1581,98
1581,26
1581,39
1581,29
1581,50
1581,47
1581,33
1581,21
1581,53
1581,34
1581,118
1581,52
1581,140
1581,43
1581,42
1581,82
1581,114
1581,40
1581,71
1581,38
1581,30
1581,70
1581,50
1581,96
1581,54
1581,126
1581,20
1581,100
1581,15
1581,66
1581,23
1581,12
1581,31
1581,26
1581,33
1581,60
1581,22
1581,56
1582,12
1582,31
1582,4
1582,38
1582,89
1582,53
1582,8
1582,17
1582,56
1582,115
1582,28
1582,35
1582,68
1582,91
1582,82
1582,36
1582,115
1582,68
1582,22
1583,16
1583,55
1583,50
1583,86
1583,26
1583,33
1583,60
1583,28
1583,22
1583,15
1583,55
1583,91
1583,23
1583,23
1583,28
1583,31
1583,16
1589,94
1589,16
1589,115
1589,56
1589,90
1589,90
1589,12
1589,89
1589,69
1590,16
1590,4
1590,86
1590,21
1590,71
1590,45
1590,107
1590,73
1590,16
1590,94
1590,28
1590,29
1590,28
1590,67
1590,32
1590,93
1591,93
1591,94
1591,95
1591,24
1591,32
1591,96
1592,12
1592,72
1592,136
1592,38
1592,142
1592,37
1592,120
1592,23
1592,36
1592,22
1592,12
1592,98
1592,66
1592,22
1593,34
1593,71
1593,22
1593,22
1593,89
1593,95
1593,22
1593,61
1593,52
1593,55
1593,23
1593,69
1593,67
1593,65
1593,17
1593,105
1593,94
1593,24
1593,22
1593,45
1593,55
1593,37
1593,60
1593,72
1593,59
1593,29
1593,71
1593,51
1593,114
1593,25
1593,97
1593,23
1593,57
1593,26
1594,22
1594,28
1594,50
1594,23
1594,50
1594,115
1594,95
1594,23
1594,64
1594,58
1594,42
1594,61
1594,12
1594,4
1594,26
1594,22
1594,69
1594,136
1594,52
1594,25
1595,72
1595,128
1595,113
1595,99
1595,23
1595,115
1595,31
1595,12
1595,96
1595,100
1595,27
1595,40
1595,68
1595,30
1595,23
1595,12
1595,22
1595,100
1596,12
1596,25
1596,136
1596,8
1596,53
1596,26
1596,22
1596,95
1596,52
1596,23
1596,41
1596,18
1596,50
1596,50
1596,59
1596,100
1596,24
1596,22
1596,101
1596,61
1596,23
1596,50
1596,71
1596,29
1596,100
1596,55
1596,154
1596,18
1596,63
1596,49
1596,52
1596,64
1596,55
1596,23
1596,69
1596,59
1596,53
1596,67
1596,65
1596,56
1596,60
1596,72
1596,25
1596,22
1596,56
1597,16
1597,50
1597,136
1597,95
1597,86
1597,56
1597,57
1597,57
1597,29
1597,58
1597,59
1597,55
1597,24
1597,60
1597,28
1597,68
1597,45
1597,100
1597,106
1597,31
1597,39
1597,13
1597,15
1597,4
1597,55
1597,32
1597,57
1598,12
1598,38
1598,42
1598,105
1598,83
1598,44
1598,21
1598,28
1598,26
1598,142
1598,50
1598,18
1598,23
1598,13
1598,60
1598,69
1598,15
1598,71
1598,89
1598,22
1598,50
1598,54
1598,55
1598,115
1599,16
1599,4
1599,26
1599,33
1599,23
1599,45
1599,61
1599,63
1599,60
1599,29
1599,50
1599,66
1599,13
1599,71
1599,41
1599,38
1599,24
1599,45
1599,28
1599,15
1599,50
1599,66
1599,63
1599,28
1600,16
1600,50
1600,14
1600,38
1600,76
1600,16
1600,24
1600,73
1600,21
1600,53
1600,29
1600,62
1600,74
1600,67
1600,115
1600,22
1600,28
1600,120
1600,54
1600,31
1601,16
1601,44
1601,82
1601,42
1601,83
1601,43
1601,31
1601,50
1601,33
1601,14
1601,17
1601,72
1601,109
1601,72
1601,56
1601,24
1601,73
1601,68
1601,21
1601,89
1601,141
1601,142
1601,71
1601,42
1601,67
1601,59
1601,32
1601,37
1601,28
1601,54
1601,33
1601,87
1601,70
1601,44
1601,28
1601,60
1601,57
1601,94
1601,4
1601,71
1601,40
1601,136
1601,50
1601,58
1601,48
1602,14
1602,22
1602,90
1602,34
1602,95
1602,70
1602,12
1602,56
1602,56
1602,31
1602,66
1602,48
1602,23
1602,22
1602,56
1602,37
1603,12
1603,90
1603,113
1603,18
1603,37
1603,38
1603,70
1603,71
1603,100
1603,12
1603,22
1603,15
1603,66
1603,22
1603,33
1603,69
1603,115
1603,70
1604,16
1604,28
1604,115
1604,58
1604,28
1604,21
1604,70
1604,23
1604,24
1604,32
1604,22
1604,93
1605,93
1605,38
1605,60
1605,58
1605,94
1605,70
1605,49
1605,69
1605,22
1605,17
1605,73
1606,98
1606,105
1606,50
1606,29
1606,53
1606,72
1606,73
1606,95
1606,93
1606,39
1606,33
1606,96
1606,111
1606,55
1606,69
1606,25
1606,113
1606,86
1606,132
1606,50
1606,71
1606,74
1606,75
1606,107
1606,47
1606,34
1606,78
1606,42
1606,48
1606,115
1606,48
1606,30
1606,49
1606,43
1606,88
1608,16
1608,5
1608,8
1608,47
1608,26
1608,97
1608,24
1608,88
1608,71
1608,33
1608,56
1608,78
1608,22
1608,61
1608,54
1608,24
1608,74
1608,42
1608,93
1608,29
1608,98
1608,98
1608,99
1608,50
1608,4
1608,86
1608,60
1608,33
1608,58
1608,28
1609,28
1609,12
1609,29
1609,8
1609,134
1609,30
1609,142
1609,50
1609,33
1609,31
1609,92
1609,79
1609,23
1609,93
1610,8
1610,38
1610,22
1610,6
1610,4
1610,113
1610,63
1610,68
1610,21
1610,30
1610,12
1610,94
1612,112
1612,4
1612,105
1612,55
1612,68
1612,48
1612,70
1612,57
1612,55
1612,27
1612,100
1612,38
1612,55
1612,115
1612,15
1612,94
1612,50
1612,22
1612,14
1612,69
1612,34
1612,33
1612,56
1612,59
1612,33
1613,86
1613,33
1613,57
1613,58
1613,16
1613,56
1613,33
1613,22
1613,38
1613,56
1613,113
1613,59
1613,50
1613,52
1613,39
1613,32
1613,32
1613,21
1613,52
1613,7
1613,24
1613,40
1613,73
1613,16
1613,27
1613,68
1613,33
1613,33
1613,93
1614,31
1614,55
1614,8
1614,71
1614,26
1614,59
1614,14
1614,28
1614,39
1614,29
1614,15
1614,69
1614,21
1614,52
1614,76
1614,26
1614,68
1614,49
1614,72
1614,55
1614,67
1614,93
1614,72
1614,34
1614,115
1614,60
1615,23
1615,108
1615,4
1615,100
1615,41
1615,60
1615,17
1615,32
1615,57
1615,26
1615,101
1615,17
1615,22
1615,68
1615,33
1615,55
1616,12
1616,53
1616,18
1616,136
1616,22
1616,25
1616,55
1616,66
1616,22
1616,35
1616,36
1616,34
1616,22
1616,37
1616,70
1616,85
1617,17
1617,100
1617,71
1617,40
1617,15
1617,45
1617,95
1617,13
1617,15
1617,50
1617,107
1617,26
1617,33
1617,38
1617,29
1617,55
1617,45
1617,17
1617,94
1617,16
1618,43
1618,16
1618,57
1618,23
1618,22
1618,70
1618,33
1618,94
1618,33
1618,45
1618,17
1618,61
1618,52
1618,32
1618,98
1618,4
1618,57
1618,13
1618,53
1618,12
1618,25
1618,41
1618,115
1618,12
1618,23
1618,136
1618,53
1618,22
1618,49
1619,12
1619,17
1619,49
1619,50
1619,57
1619,14
1619,62
1619,51
1619,90
1619,69
1619,70
1619,52
1620,12
1620,34
1620,37
1620,52
1620,21
1620,22
1620,22
1620,55
1620,36
1620,12
1620,80
1620,22
1620,66
1620,22
1622,55
1622,94
1622,16
1622,53
1622,22
1622,21
1622,45
1622,54
1622,4
1622,48
1622,59
1622,51
1622,93
1622,60
1622,66
1622,40
1622,94
1623,16
1623,4
1623,94
1623,50
1623,101
1623,95
1623,17
1623,56
1623,90
1623,41
1623,25
1623,26
1623,23
1623,93
1623,33
1623,71
1623,66
1623,55
1623,26
1625,16
1625,4
1625,33
1625,136
1625,24
1625,56
1625,73
1625,57
1625,105
1625,73
1625,71
1625,55
1625,26
1626,16
1626,4
1626,21
1626,8
1626,56
1626,26
1626,53
1626,25
1626,31
1626,24
1626,76
1626,93
1626,42
1626,43
1626,111
1626,29
1626,62
1626,13
1626,49
1626,71
1626,98
1626,50
1626,30
1626,26
1626,16
1626,23
1626,60
1626,40
1626,94
1626,98
1626,61
1626,22
1627,4
1627,71
1627,113
1627,89
1627,54
1627,55
1627,59
1627,71
1627,42
1627,115
1628,47
1628,12
1628,29
1628,113
1628,61
1628,47
1628,56
1628,15
1628,93
1628,100
1628,75
1628,25
1628,128
1628,102
1629,49
1629,95
1629,60
1629,102
1629,103
1629,65
1629,33
1629,93
1629,69
1629,48
1629,67
1629,71
1629,100
1629,91
1629,57
1629,68
1629,16
1629,70
1629,50
1629,115
1629,24
1629,157
1629,29
1629,104
1629,16
1629,81
1629,105
1629,64
1629,27
1629,30
1629,55
1629,70
1629,35
1630,4
1630,86
1630,18
1630,35
1630,53
1630,60
1630,23
1630,69
1630,48
1630,29
1630,83
1630,56
1630,39
1630,28
1630,12
1630,33
1630,71
1630,93
1631,12
1631,4
1631,50
1631,86
1631,23
1631,13
1631,45
1631,93
1631,95
1631,107
1631,46
1631,15
1631,17
1631,94
1631,93
1632,12
1632,86
1632,71
1632,50
1632,25
1632,68
1632,69
1632,13
1632,70
1632,21
1632,29
1632,29
1632,93
1632,35
1632,50
1632,17
1632,115
1632,50
1633,50
1633,21
1633,46
1633,22
1633,7
1633,115
1633,28
1633,66
1633,143
1633,51
1633,50
1633,50
1633,53
1633,29
1633,38
1633,94
1633,107
1633,74
1634,101
1634,90
1634,142
1634,118
1634,23
1634,55
1634,4
1634,68
1634,30
1634,17
1634,22
1634,66
1634,94
1634,51
1634,50
1634,61
1634,115
1634,100
1635,23
1635,100
1635,29
1635,70
1635,4
1635,87
1635,101
1635,69
1635,38
1635,12
1635,52
1636,52
1636,69
1636,95
1636,36
1636,53
1636,98
1636,24
1636,14
1636,15
1636,50
1636,54
1636,45
1636,55
1636,73
1636,56
1636,57
1636,23
1636,16
1637,22
1637,55
1637,73
1637,55
1637,39
1637,105
1637,26
1637,49
1637,69
1637,22
1637,28
1637,61
1637,23
1637,23
1637,97
1637,86
1637,15
1637,94
1637,80
1637,74
1637,40
1637,76
1637,29
1637,67
1637,57
1637,28
1637,15
1637,128
1637,28
1637,22
1637,33
1637,16
1637,76
1637,71
1637,13
1637,50
1637,61
1637,26
1637,56
1638,16
1638,4
1638,23
1638,18
1638,50
1638,65
1638,56
1638,42
1638,21
1638,17
1638,68
1638,57
1638,58
1638,73
1638,44
1638,45
1638,27
1638,59
1638,60
1638,29
1638,12
1638,61
1639,23
1639,17
1639,22
1639,56
1639,115
1639,94
1639,35
1639,90
1639,54
1639,55
1639,12
1640,22
1640,12
1640,87
1640,71
1640,58
1640,18
1640,16
1641,12
1641,40
1641,26
1641,4
1641,94
1641,47
1641,53
1641,28
1641,23
1641,16
1643,16
1643,26
1643,4
1643,16
1643,138
1643,50
1643,81
1643,14
1643,69
1643,23
1643,17
1643,18
1643,19
1643,26
1644,136
1644,57
1644,4
1644,60
1644,94
1644,28
1644,26
1644,105
1644,109
1644,22
1644,16
1644,58
1644,27
1644,104
1644,84
1644,61
1644,139
1644,55
1645,16
1645,71
1645,76
1645,69
1645,39
1645,45
1645,13
1645,55
1645,14
1645,66
1645,28
1645,70
1645,15
1645,24
1645,56
1645,69
1645,106
1645,64
1645,17
1645,37
1645,96
1646,52
1646,69
1646,4
1646,98
1646,110
1646,94
1646,26
1646,45
1646,29
1646,20
1646,38
1646,15
1646,64
1646,58
1646,22
1646,94
1647,16
1647,4
1647,50
1647,94
1647,33
1647,14
1647,115
1647,17
1647,95
1647,89
1647,24
1647,72
1647,95
1647,72
1647,38
1647,58
1647,105
1647,22
1647,31
1647,23
1647,15
1647,31
1647,12
1647,29
1647,22
1647,32
1648,90
1648,8
1648,23
1648,61
1648,32
1648,53
1648,62
1648,33
1648,22
1648,22
1648,4
1648,95
1648,94
1648,7
1648,29
1648,34
1648,35
1648,23
1648,55
1648,69
1648,12
1648,36
1648,63
1648,55
1648,49
1648,65
1648,67
1648,60
1648,66
1648,53
1648,33
1648,59
1648,53
1648,24
1648,69
1648,70
1649,4
1649,118
1649,25
1649,86
1649,23
1649,13
1649,55
1649,67
1649,50
1649,22
1649,29
1649,142
1649,66
1649,104
1649,42
1649,93
1649,67
1649,33
1649,56
1649,59
1649,21
1649,69
1649,28
1649,68
1650,16
1650,8
1650,113
1650,4
1650,38
1650,104
1650,42
1650,89
1650,68
1650,26
1650,41
1650,86
1650,73
1650,28
1650,45
1650,54
1650,69
1650,65
1650,21
1650,36
1650,70
1650,73
1650,68
1651,12
1651,89
1651,17
1651,33
1651,69
1651,4
1651,50
1651,24
1651,22
1651,23
1651,15
1651,93
1651,55
1651,29
1652,38
1652,56
1652,98
1652,29
1652,55
1652,21
1652,73
1652,75
1652,69
1652,30
1652,30
1653,16
1653,26
1653,53
1653,72
1653,136
1653,92
1653,67
1653,41
1653,60
1653,30
1653,58
1653,61
1653,54
1653,98
1653,45
1653,31
1653,50
1653,58
1653,36
1653,21
1653,120
1653,93
1653,33
1654,12
1654,41
1654,136
1654,61
1654,23
1654,98
1654,61
1654,120
1654,12
1654,69
1654,71
1654,23
1654,69
1654,61
1654,22
1654,116
1654,119
1655,16
1655,60
1655,61
1655,110
1655,94
1655,28
1655,126
1655,119
1655,30
1655,19
1655,115
1655,89
1655,21
1655,23
1655,49
1655,33
1655,67
1655,15
1655,61
1655,100
1655,120
1655,12
1655,22
1655,121
1655,69
1656,12
1656,72
1656,69
1656,4
1656,88
1656,72
1656,55
1656,97
1656,41
1656,96
1656,126
1656,70
1656,12
1656,100
1656,60
1656,18
1656,96
1656,22
1656,61
1656,23
1656,69
1656,113
1656,77
1656,51
1656,21
1656,56
1656,115
1656,12
1656,66
1656,70
1656,43
1656,33
1656,68
1660,12
1660,90
1660,41
1660,70
1660,81
1660,32
1660,68
1660,29
1660,69
1660,64
1660,12
1660,56
1660,65
1660,67
1660,60
1660,72
1660,63
1660,55
1660,49
1660,23
1660,12
1660,46
1660,22
1661,65
1661,23
1661,53
1661,4
1661,49
1661,69
1661,14
1661,90
1661,89
1661,64
1661,18
1661,136
1661,107
1661,60
1661,116
1661,32
1661,22
1661,12
1661,72
1661,23
1661,67
1662,89
1662,41
1662,94
1662,4
1662,29
1662,43
1662,54
1662,56
1662,7
1662,64
1662,12
1662,56
1662,65
1662,60
1662,72
1662,53
1662,63
1662,55
1662,49
1662,23
1662,28
1662,66
1662,12
1662,55
1662,22
1663,24
1663,42
1663,56
1663,69
1663,23
1663,71
1663,6
1663,15
1663,55
1663,13
1663,4
1663,17
1663,29
1663,26
1663,16
1664,22
1664,59
1664,15
1664,72
1664,22
1664,70
1664,12
1664,56
1664,136
1664,57
1664,95
1664,69
1664,112
1664,23
1664,53
1664,16
1664,33
1665,12
1665,57
1665,33
1665,24
1665,56
1665,14
1665,115
1665,34
1665,26
1665,66
1665,127
1665,59
1665,33
1665,66
1665,66
1666,61
1666,47
1666,25
1666,73
1666,29
1666,128
1666,56
1666,12
1666,75
1666,100
1666,113
1666,102
1667,12
1667,34
1667,22
1667,35
1667,21
1667,141
1667,52
1667,48
1667,140
1667,17
1667,92
1667,23
1667,102
1667,22
1667,28
1667,13
1667,25
1667,29
1667,55
1667,20
1667,37
1667,23
1667,8
1667,20
1667,93
1667,40
1667,39
1669,12
1669,4
1669,113
1669,90
1669,58
1669,98
1669,97
1669,62
1669,61
1669,35
1669,41
1669,22
1669,107
1669,56
1669,39
1669,55
1669,23
1669,98
1669,45
1669,50
1669,49
1669,15
1669,38
1669,64
1669,12
1669,57
1669,16
1669,40
1669,63
1669,55
1669,12
1669,43
1669,54
1669,49
1669,115
1669,56
1669,23
1669,43
1669,61
1669,29
1669,60
1669,65
1669,72
1669,53
1669,76
1669,93
1669,44
1670,93
1670,15
1670,67
1670,17
1670,39
1670,28
1670,4
1670,39
1670,37
1670,23
1670,23
1670,69
1670,45
1670,123
1670,44
1670,67
1670,50
1670,26
1670,22
1670,31
1671,16
1671,4
1671,50
1671,39
1671,73
1671,21
1671,17
1671,37
1671,42
1671,75
1671,76
1671,74
1671,23
1671,13
1671,69
1671,40
1671,39
1671,93
1671,31
1671,22
1671,15
1672,142
1672,13
1672,15
1672,74
1672,109
1672,50
1672,59
1672,16
1672,63
1672,15
1672,93
1672,32
1672,18
1672,138
1672,21
1672,28
1672,16
1672,52
1672,17
1672,18
1672,53
1672,73
1672,32
1672,33
1672,60
1672,75
1672,45
1672,21
1672,71
1672,19
1672,69
1672,8
1672,4
1672,128
1672,111
1672,131
1673,86
1673,50
1673,8
1673,38
1673,136
1673,56
1673,23
1673,33
1673,116
1673,37
1673,56
1673,92
1674,16
1674,63
1674,72
1674,31
1674,25
1674,118
1674,58
1674,86
1674,63
1674,26
1674,33
1674,48
1674,13
1674,55
1674,52
1674,29
1674,15
1674,22
1674,23
1674,11
1674,98
1674,24
1674,55
1674,115
1674,121
1674,111
1675,31
1675,50
1675,71
1675,55
1675,60
1675,46
1675,70
1675,53
1675,67
1675,60
1675,25
1675,123
1675,20
1675,142
1675,52
1675,138
1675,140
1675,45
1675,69
1675,13
1675,28
1675,14
1675,24
1675,29
1675,30
1675,55
1675,66
1676,16
1676,50
1676,4
1676,21
1676,141
1676,52
1676,14
1676,39
1676,13
1676,29
1676,21
1676,103
1676,45
1676,44
1676,22
1676,95
1676,45
1676,61
1676,71
1676,26
1676,37
1676,19
1676,55
1677,16
1677,4
1677,28
1677,26
1677,14
1677,56
1677,33
1677,71
1677,21
1677,55
1677,135
1677,48
1677,93
1678,86
1678,107
1678,33
1678,94
1678,45
1678,142
1678,32
1678,73
1678,56
1678,70
1678,21
1678,89
1678,42
1678,142
1678,50
1678,23
1678,51
1678,39
1678,60
1678,15
1678,28
1678,17
1678,115
1678,127
1678,141
1678,52
1678,60
1678,14
1678,16
1678,123
1678,130
1678,5
1678,40
1678,34
1678,59
1678,26
1678,132
1678,74
1678,93
1678,93
1678,29
1678,14
1678,76
1678,76
1678,136
1678,71
1678,93
1678,26
1678,55
1679,16
1679,29
1679,30
1679,33
1679,14
1679,13
1679,115
1679,70
1679,27
1679,50
1679,29
1679,71
1679,55
1679,4
1679,28
1679,22
1679,60
1679,8
1679,99
1679,69
1679,60
1679,67
1679,56
1679,123
1679,45
1679,69
1679,55
1679,17
1679,33
1679,138
1679,57
1680,55
1680,24
1680,8
1680,86
1680,14
1680,4
1680,71
1680,25
1680,67
1680,28
1680,56
1680,33
1680,26
1680,48
1680,50
1680,56
1680,16
1681,53
1681,17
1681,13
1681,32
1681,15
1681,40
1681,106
1681,25
1681,48
1681,71
1681,16
1681,75
1681,60
1681,135
1681,67
1681,43
1681,93
1681,33
1681,59
1681,61
1681,55
1681,21
1681,23
1681,115
1681,55
1681,94
1681,51
1681,94
1681,74
1681,127
1681,56
1681,44
1681,103
1681,56
1681,24
1681,28
1681,71
1681,128
1681,129
1681,37
1681,8
1681,50
1681,35
1681,104
1681,123
1681,45
1681,69
1681,76
1681,24
1681,138
1682,16
1682,86
1682,40
1682,26
1682,61
1682,15
1682,8
1682,56
1682,60
1682,93
1682,50
1682,115
1682,55
1683,4
1683,8
1683,24
1683,60
1683,61
1683,13
1683,98
1683,103
1683,71
1683,123
1683,26
1683,33
1683,55
1683,127
1684,16
1684,4
1684,8
1684,86
1684,28
1684,21
1684,138
1684,14
1684,128
1684,131
1684,103
1684,104
1684,51
1684,43
1684,45
1684,44
1684,49
1684,97
1684,17
1684,56
1684,71
1684,24
1684,26
1684,55
1684,115
1685,98
1685,13
1685,12
1685,60
1685,56
1685,71
1685,33
1685,8
1685,4
1685,61
1685,24
1686,4
1686,86
1686,28
1686,62
1686,50
1686,53
1686,56
1686,15
1686,71
1686,33
1686,24
1686,26
1686,55
1686,115
1687,16
1687,4
1687,8
1687,71
1687,24
1687,12
1687,23
1687,13
1687,86
1687,26
1687,56
1687,33
1687,60
1687,61
1687,98
1688,16
1688,71
1688,68
1688,68
1688,21
1688,52
1688,138
1688,141
1688,60
1688,13
1688,28
1688,14
1688,39
1688,23
1688,15
1688,38
1688,93
1689,39
1689,16
1689,98
1689,115
1689,29
1689,13
1689,29
1689,71
1689,4
1689,16
1689,50
1689,100
1689,55
1689,28
1689,14
1689,95
1689,17
1689,8
1689,93
1689,35
1689,69
1689,68
1689,23
1690,37
1690,23
1690,56
1690,33
1690,21
1690,55
1690,26
1690,68
1690,50
1690,33
1690,52
1690,4
1690,28
1690,138
1690,34
1690,28
1690,45
1690,62
1690,61
1691,16
1691,4
1691,50
1691,86
1691,135
1691,131
1691,15
1691,128
1691,45
1691,43
1691,17
1691,28
1691,129
1691,32
1691,44
1691,91
1691,24
1691,28
1691,36
1691,13
1691,61
1691,71
1691,45
1691,42
1691,23
1691,15
1691,93
1691,73
1692,45
1692,26
1692,104
1692,103
1692,21
1692,141
1692,140
1692,39
1692,29
1692,50
1692,43
1692,95
1692,38
1692,13
1692,128
1692,44
1692,55
1692,21
1692,23
1692,46
1692,61
1693,16
1693,55
1693,4
1693,50
1693,96
1693,17
1693,118
1693,115
1693,47
1693,50
1693,26
1693,18
1693,13
1693,36
1693,27
1693,71
1693,33
1693,55
1693,21
1693,30
1693,60
1693,14
1693,28
1693,17
1693,28
1693,49
1693,91
1693,138
1693,71
1693,16
1693,50
1693,69
1693,52
1693,45
1693,42
1693,23
1693,15
1694,37
1694,70
1694,13
1694,15
1694,18
1694,50
1694,29
1694,56
1694,73
1694,112
1694,61
1694,71
1694,16
1694,74
1694,94
1694,42
1694,17
1694,55
1694,59
1694,23
1694,95
1694,75
1695,16
1695,86
1695,31
1695,33
1695,33
1695,28
1695,16
1695,50
1695,98
1695,42
1695,71
1695,45
1695,13
1695,39
1695,52
1695,23
1695,31
1695,89
1695,22
1695,69
1695,80
1695,75
1695,101
1695,33
1695,25
1695,17
1695,77
1695,51
1695,79
1695,15
1695,93
1696,23
1696,26
1696,90
1696,53
1696,51
1696,93
1696,68
1696,50
1696,23
1696,94
1696,70
1696,69
1696,95
1696,26
1696,56
1696,14
1696,58
1696,92
1696,12
1696,94
1696,136
1696,96
1696,32
1696,121
1696,16
1696,15
1696,4
1696,33
1697,72
1697,106
1697,12
1697,70
1697,110
1697,55
1697,22
1698,12
1698,4
1698,50
1698,126
1698,54
1698,37
1698,38
1698,50
1698,41
1698,50
1698,113
1698,56
1698,22
1698,21
1698,94
1698,49
1698,72
1698,100
1698,115
1698,22
1698,22
1698,99
1698,90
1698,29
1698,100
1698,98
1698,28
1698,15
1698,50
1698,74
1698,51
1698,29
1698,28
1698,15
1698,23
1698,56
1698,29
1698,22
1698,70
1698,34
1698,33
1699,17
1699,30
1699,77
1699,33
1699,55
1699,57
1699,17
1699,34
1699,117
1699,145
1699,28
1699,57
1699,44
1699,47
1699,115
1699,129
1699,22
1699,113
1700,16
1700,17
1700,4
1700,37
1700,26
1700,33
1700,50
1700,113
1700,121
1700,114
1700,24
1700,27
1700,55
1700,62
1700,21
1700,45
1700,126
1700,121
1700,115
1700,53
1700,22
1700,23
1700,116
1700,94
1700,67
1700,71
1701,50
1701,4
1701,28
1701,71
1701,26
1701,56
1701,45
1701,46
1701,23
1701,29
1701,22
1701,21
1701,60
1701,52
1701,91
1701,51
1701,12
1701,123
1701,142
1701,27
1702,21
1702,94
1702,50
1702,12
1702,46
1702,22
1702,33
1702,71
1702,38
1702,94
1702,34
1702,28
1702,33
1702,4
1702,24
1702,48
1702,34
1702,15
1702,71
1702,56
1702,23
1702,88
1702,113
1702,66
1702,22
1702,50
1702,74
1702,80
1702,70
1702,43
1703,17
1703,43
1703,50
1703,54
1703,72
1703,16
1703,98
1703,142
1703,50
1703,44
1703,100
1703,44
1703,16
1703,104
1703,26
1703,69
1703,4
1703,49
1703,55
1703,12
1703,45
1703,55
1703,73
1703,46
1703,39
1703,59
1703,61
1703,57
1704,12
1704,52
1704,113
1704,57
1704,28
1704,90
1704,45
1704,24
1704,45
1704,22
1704,32
1704,50
1704,24
1704,73
1704,23
1704,59
1704,56
1704,37
1704,58
1704,30
1705,30
1705,23
1705,22
1705,31
1705,22
1705,51
1705,95
1705,66
1705,25
1705,95
1705,41
1705,93
1705,17
1705,32
1705,33
1705,99
1705,70
1705,34
1705,26
1705,35
1705,31
1705,90
1705,68
1705,36
1705,46
1705,37
1705,53
1705,38
1706,12
1706,15
1706,72
1706,33
1706,56
1706,98
1706,69
1706,60
1706,4
1706,25
1706,113
1706,50
1706,87
1706,56
1706,38
1706,95
1706,34
1706,61
1706,39
1706,70
1706,55
1706,42
1706,24
1706,61
1706,74
1706,78
1706,52
1706,33
1706,76
1706,58
1706,55
1706,34
1706,115
1706,68
1706,22
1706,56
1706,70
1706,28
1707,70
1707,45
1707,34
1707,22
1707,60
1707,53
1707,99
1707,32
1707,100
1707,15
1707,30
1707,12
1707,31
1707,31
1707,97
1707,56
1707,61
1707,93
1707,97
1707,36
1707,96
1707,55
1707,21
1707,142
1707,90
1707,25
1707,98
1707,44
1707,29
1707,51
1707,4
1707,26
1708,50
1708,33
1708,8
1708,66
1708,27
1708,112
1708,7
1708,19
1708,61
1708,45
1708,53
1708,58
1708,114
1708,33
1708,15
1708,29
1708,23
1708,107
1709,16
1709,4
1709,22
1709,95
1709,107
1709,98
1709,54
1709,61
1709,21
1709,45
1709,23
1709,32
1709,13
1709,22
1709,93
1710,16
1710,93
1710,74
1710,26
1710,4
1710,59
1710,73
1710,25
1710,131
1710,128
1710,97
1710,129
1710,45
1710,44
1710,88
1710,51
1710,47
1710,16
1710,69
1710,45
1710,94
1710,37
1710,24
1710,55
1710,37
1710,60
1710,50
1710,68
1710,59
1710,32
1710,29
1710,132
1710,59
1710,40
1710,86
1710,55
1710,56
1710,75
1710,89
1710,42
1710,69
1710,70
1711,16
1711,69
1711,31
1711,55
1711,26
1711,22
1711,4
1711,33
1711,26
1711,98
1711,26
1711,5
1711,74
1711,78
1711,145
1711,61
1711,47
1711,40
1711,65
1711,76
1711,14
1711,22
1711,56
1711,66
1711,24
1711,15
1711,53
1711,43
1711,22
1711,93
1711,62
1711,55
1711,73
1711,56
1711,15
1711,29
1711,50
1711,41
1711,9
1711,57
1711,70
1711,24
1711,138
1711,52
1711,28
1711,21
1711,36
1711,115
1712,16
1712,29
1712,38
1712,61
1712,55
1712,41
1712,33
1712,113
1712,28
1712,95
1712,26
1712,21
1712,34
1712,22
1712,97
1712,35
1712,70
1712,73
1712,107
1712,98
1712,100
1712,13
1712,29
1712,15
1712,50
1712,115
1712,71
1712,26
1712,34
1712,33
1712,70
1713,4
1713,98
1713,45
1713,107
1713,24
1713,23
1713,22
1713,31
1713,40
1713,105
1713,64
1713,71
1713,12
1714,12
1714,95
1714,4
1714,90
1714,60
1714,12
1714,25
1714,23
1714,41
1714,22
1714,95
1714,97
1714,13
1714,23
1714,16
1714,50
1714,38
1714,71
1714,32
1714,29
1714,105
1715,95
1715,4
1715,105
1715,41
1715,98
1715,34
1715,13
1715,23
1715,70
1715,74
1715,75
1715,136
1715,32
1715,22
1715,105
1716,16
1716,4
1716,97
1716,60
1716,27
1716,105
1716,29
1716,105
1716,23
1716,45
1716,90
1716,98
1716,28
1716,60
1716,100
1716,53
1716,12
1716,136
1716,22
1716,55
1716,13
1716,32
1716,45
1716,105
1716,57
1716,34
1717,12
1717,24
1717,95
1717,64
1717,62
1717,90
1717,34
1717,116
1717,70
1717,74
1717,75
1717,55
1717,57
1718,16
1718,96
1718,94
1718,93
1718,58
1718,74
1718,69
1718,32
1718,22
1718,34
1718,70
1718,56
1718,4
1718,107
1718,77
1718,5
1718,62
1718,103
1718,66
1718,98
1718,87
1718,42
1718,94
1718,86
1718,57
1718,21
1718,27
1718,58
1718,59
1718,115
1718,15
1718,15
1718,29
1718,69
1718,70
1718,61
1718,116
1718,87
1718,34
1718,56
1718,28
1718,45
1718,33
1718,60
1718,115
1718,93
1719,12
1719,93
1719,34
1719,136
1719,90
1719,41
1719,98
1719,42
1719,36
1719,32
1720,15
1720,23
1720,4
1720,33
1720,12
1720,21
1720,113
1720,68
1720,28
1720,21
1720,32
1720,22
1720,115
1720,90
1720,17
1720,25
1721,12
1721,23
1721,41
1721,23
1721,25
1721,26
1721,53
1721,61
1721,14
1721,56
1721,56
1721,24
1721,27
1721,28
1721,29
1721,18
1721,30
1721,16
1721,43
1721,22
1721,55
1722,16
1722,50
1722,113
1722,98
1722,56
1722,142
1722,54
1722,22
1722,50
1722,32
1722,100
1722,45
1722,23
1722,55
1722,67
1722,91
1722,15
1722,22
1722,21
1722,73
1722,15
1722,16
1722,60
1722,94
1722,95
1722,17
1722,29
1722,29
1722,106
1722,55
1723,26
1723,28
1723,14
1723,40
1723,61
1723,71
1723,36
1723,55
1723,41
1723,61
1723,43
1723,42
1723,14
1723,22
1723,23
1723,12
1724,12
1724,90
1724,98
1724,4
1724,41
1724,113
1724,68
1724,98
1724,28
1724,99
1724,60
1724,22
1724,107
1724,15
1724,36
1724,37
1724,33
1724,34
1724,69
1725,15
1725,21
1725,142
1725,48
1725,56
1725,41
1725,26
1725,89
1725,39
1725,113
1725,98
1725,26
1725,55
1725,50
1725,12
1725,60
1725,35
1725,13
1725,51
1725,25
1725,69
1725,58
1725,26
1725,50
1725,38
1725,4
1725,70
1725,43
1725,34
1725,59
1725,71
1726,12
1726,4
1726,50
1726,25
1726,33
1726,28
1726,98
1726,68
1726,21
1726,38
1726,95
1726,100
1726,35
1726,41
1726,48
1726,21
1726,43
1726,51
1726,39
1726,41
1726,71
1726,26
1726,60
1726,12
1726,49
1726,94
1726,23
1726,61
1726,22
1727,113
1727,26
1727,21
1727,21
1727,98
1727,22
1727,23
1727,19
1727,95
1727,90
1727,76
1727,22
1727,61
1727,49
1727,61
1727,33
1727,22
1728,16
1728,113
1728,90
1728,142
1728,98
1728,41
1728,21
1728,22
1728,73
1728,21
1728,116
1728,100
1728,107
1728,54
1728,29
1728,71
1728,24
1728,21
1728,23
1728,24
1729,12
1729,4
1729,23
1729,113
1729,28
1729,37
1729,25
1729,26
1729,30
1729,95
1729,24
1729,16
1729,25
1729,57
1729,24
1729,100
1729,16
1729,115
1729,23
1729,21
1729,71
1730,98
1730,22
1730,45
1730,109
1730,70
1730,4
1730,44
1730,69
1730,47
1730,32
1730,136
1730,24
1730,107
1730,23
1730,46
1730,17
1731,16
1731,136
1731,64
1731,109
1731,17
1731,90
1731,41
1731,25
1731,26
1731,28
1731,95
1731,26
1731,60
1731,113
1731,50
1731,46
1731,47
1731,50
1731,24
1731,55
1731,115
1731,31
1731,115
1731,67
1731,13
1731,32
1731,45
1731,57
1731,21
1731,53
1731,22
1731,23
1732,8
1732,21
1732,24
1732,107
1732,50
1732,39
1732,21
1732,45
1732,90
1732,23
1732,92
1732,94
1732,26
1732,32
1732,57
1732,92
1732,91
1732,20
1733,20
1733,32
1733,57
1733,12
1733,54
1733,23
1733,21
1733,90
1733,136
1733,94
1733,24
1733,42
1733,41
1733,60
1733,21
1733,23
1734,14
1734,15
1734,54
1734,39
1734,23
1734,28
1734,73
1734,75
1734,17
1734,29
1734,67
1734,93
1734,93
1734,23
1734,71
1734,98
1734,29
1734,55
1734,4
1734,26
1734,40
1734,61
1734,45
1734,55
1734,16
1734,136
1734,61
1735,67
1735,15
1735,50
1735,16
1735,73
1735,45
1735,17
1735,95
1735,61
1735,107
1735,17
1735,16
1735,54
1735,15
1735,40
1735,117
1735,26
1735,29
1735,21
1735,55
1735,75
1735,45
1735,58
1735,16
1735,94
1735,90
1735,13
1735,50
1735,56
1736,14
1736,138
1736,17
1736,70
1736,26
1736,4
1736,23
1736,45
1736,56
1736,15
1736,100
1736,12
1736,18
1737,12
1737,140
1737,138
1737,68
1737,30
1737,39
1737,45
1737,15
1737,100
1737,18
1737,41
1737,69
1737,22
1738,22
1738,57
1738,119
1738,45
1738,136
1738,22
1738,98
1738,45
1738,32
1738,23
1738,90
1738,12
1738,17
1738,41
1738,24
1738,107
1739,23
1739,74
1739,55
1739,60
1739,98
1739,95
1739,65
1739,57
1739,36
1739,41
1739,34
1739,24
1739,136
1739,90
1740,12
1740,113
1740,51
1740,41
1740,33
1740,73
1740,101
1740,90
1740,67
1740,139
1740,40
1740,70
1740,75
1740,91
1740,21
1740,36
1740,22
1740,93
1741,34
1741,4
1741,28
1741,93
1741,100
1741,41
1741,25
1741,90
1741,22
1741,23
1742,12
1742,136
1742,39
1742,25
1742,45
1742,28
1742,55
1742,24
1742,13
1742,22
1742,31
1742,14
1742,33
1742,62
1742,47
1742,21
1742,22
1742,55
1742,50
1742,16
1742,41
1742,45
1742,76
1742,94
1742,92
1743,60
1743,57
1743,13
1743,24
1743,92
1743,34
1743,93
1743,98
1743,39
1743,28
1743,136
1743,26
1743,16
1743,71
1743,94
1743,70
1743,45
1743,22
1743,31
1743,33
1744,8
1744,90
1744,25
1744,20
1744,73
1744,47
1744,50
1744,106
1744,33
1744,42
1744,34
1744,69
1744,45
1744,107
1744,56
1745,13
1745,64
1745,136
1745,55
1745,62
1745,107
1745,45
1745,56
1745,22
1745,50
1745,18
1745,54
1745,39
1745,12
1745,106
1745,98
1745,31
1745,32
1745,20
1746,12
1746,35
1746,102
1746,24
1746,20
1746,21
1746,37
1746,41
1746,98
1746,61
1746,22
1747,22
1747,40
1747,41
1747,22
1747,45
1747,24
1747,31
1747,76
1747,15
1747,94
1747,23
1747,86
1747,60
1747,45
1747,32
1747,100
1747,16
1747,55
1747,24
1747,24
1747,23
1747,93
1747,26
1747,95
1747,101
1748,12
1748,95
1748,31
1748,50
1748,93
1748,95
1748,57
1748,32
1748,22
1748,13
1748,23
1748,100
1748,39
1748,41
1748,75
1748,74
1748,70
1748,90
1748,45
1749,98
1749,16
1749,4
1749,41
1749,64
1749,26
1749,53
1749,90
1749,17
1749,23
1749,51
1749,50
1749,13
1749,53
1749,45
1749,58
1749,105
1749,46
1749,126
1749,68
1749,57
1749,31
1749,44
1749,35
1750,16
1750,35
1750,98
1750,4
1750,60
1750,53
1750,126
1750,38
1750,23
1750,90
1750,26
1750,100
1750,33
1750,58
1750,41
1750,101
1750,93
1750,73
1750,31
1750,22
1751,4
1751,60
1751,28
1751,98
1751,39
1751,80
1751,12
1751,45
1751,8
1751,14
1751,33
1751,26
1752,51
1752,95
1752,60
1752,5
1752,50
1752,66
1752,17
1752,29
1752,4
1752,27
1752,94
1752,26
1752,71
1752,22
1752,136
1752,15
1752,104
1752,22
1752,38
1752,74
1752,60
1752,44
1753,100
1753,24
1753,95
1753,44
1753,22
1753,25
1753,9
1753,45
1753,120
1753,71
1753,46
1753,71
1753,24
1753,22
1753,28
1753,34
1753,50
1753,32
1753,74
1753,115
1753,34
1753,47
1753,65
1754,12
1754,89
1754,4
1754,50
1754,95
1754,22
1754,14
1754,15
1754,26
1754,23
1754,68
1754,26
1754,12
1754,31
1754,22
1754,29
1754,47
1754,107
1754,23
1754,25
1754,26
1754,27
1754,99
1754,32
1754,57
1754,54
1754,66
1754,69
1754,15
1754,28
1754,29
1754,22
1755,12
1755,98
1755,54
1755,29
1755,26
1755,57
1755,66
1755,136
1755,12
1755,90
1755,50
1755,47
1755,28
1755,41
1755,25
1755,22
1755,60
1755,32
1755,95
1755,21
1755,23
1755,99
1755,15
1755,26
1755,107
1755,22
1755,79
1755,15
1755,31
1755,89
1755,68
1756,98
1756,8
1756,50
1756,113
1756,99
1756,46
1756,44
1756,104
1756,38
1756,112
1756,54
1756,44
1756,25
1756,55
1756,55
1756,23
1756,25
1756,74
1756,75
1758,12
1758,98
1758,100
1758,60
1758,105
1758,75
1758,59
1758,19
1758,97
1758,76
1758,56
1758,74
1758,78
1758,77
1758,115
1758,21
1758,52
1758,50
1758,96
1758,71
1758,32
1758,22
1758,51
1758,69
1758,69
1759,69
1759,44
1759,4
1759,93
1759,15
1759,66
1759,44
1759,98
1759,22
1759,23
1759,98
1759,100
1759,31
1760,136
1760,98
1760,69
1760,97
1760,61
1760,78
1760,50
1760,31
1760,53
1760,32
1760,60
1760,22
1760,33
1760,61
1761,94
1761,113
1761,8
1761,24
1761,55
1761,61
1761,56
1761,61
1761,57
1761,24
1761,22
1761,31
1761,23
1761,50
1761,94
1761,45
1761,40
1761,57
1761,66
1761,26
1761,12
1761,4
1761,33
1761,16
1761,47
1761,89
1761,14
1761,50
1761,50
1761,48
1761,16
1761,55
1762,16
1762,111
1762,4
1762,8
1762,98
1762,86
1762,62
1762,42
1762,71
1762,70
1762,55
1762,121
1762,14
1762,51
1762,24
1762,136
1762,7
1762,98
1762,96
1762,56
1762,55
1762,39
1762,29
1762,119
1762,29
1762,105
1762,56
1762,57
1762,127
1762,47
1762,67
1762,55
1762,33
1762,28
1762,48
1762,16
1762,30
1762,18
1763,16
1763,41
1763,4
1763,113
1763,141
1763,75
1763,63
1763,115
1763,138
1763,40
1763,22
1763,18
1764,112
1764,56
1764,129
1764,142
1764,50
1764,25
1764,98
1764,12
1764,100
1764,41
1764,40
1764,100
1764,71
1764,49
1764,55
1764,32
1764,51
1764,53
1764,22
1764,13
1764,70
1764,50
1764,26
1764,28
1764,34
1764,33
1764,70
1765,112
1765,113
1765,56
1765,25
1765,8
1765,51
1765,46
1765,52
1765,44
1765,89
1765,44
1765,42
1765,43
1765,94
1765,31
1765,51
1765,95
1765,97
1765,96
1765,118
1765,57
1765,49
1765,26
1765,98
1765,115
1765,17
1765,49
1765,40
1765,57
1765,57
1765,66
1765,21
1765,116
1765,98
1765,33
1765,96
1765,30
1765,53
1765,54
1765,50
1765,38
1765,22
1765,55
1765,12
1765,23
1765,100
1766,21
1766,138
1766,107
1766,16
1766,59
1766,50
1766,50
1766,45
1766,56
1766,32
1766,45
1766,142
1766,14
1766,95
1766,59
1766,4
1766,71
1766,112
1766,55
1766,29
1766,23
1766,61
1767,33
1767,123
1767,25
1767,100
1767,100
1767,59
1767,14
1767,61
1767,55
1767,21
1767,76
1767,34
1767,50
1767,34
1767,54
1767,143
1767,39
1767,138
1767,32
1767,29
1767,71
1767,130
1767,50
1767,26
1767,115
1767,90
1767,142
1767,139
1767,17
1767,52
1767,28
1767,27
1767,97
1767,127
1767,33
1767,89
1767,55
1767,8
1767,16
1767,73
1767,29
1767,62
1767,113
1767,63
1767,64
1767,58
1767,134
1767,27
1767,50
1767,107
1767,16
1767,4
1767,42
1767,69
1768,16
1768,4
1768,50
1768,66
1768,138
1768,52
1768,32
1768,107
1768,46
1768,55
1768,60
1768,61
1768,39
1768,55
1768,14
1768,8
1768,140
1768,145
1768,75
1768,23
1769,4
1769,50
1769,113
1769,71
1769,45
1769,69
1769,60
1769,56
1769,55
1769,23
1769,15
1769,13
1769,14
1769,59
1769,86
1769,21
1769,105
1769,59
1769,59
1770,54
1770,61
1770,60
1770,59
1770,51
1770,129
1770,135
1770,55
1770,72
1770,107
1770,50
1770,60
1770,16
1770,71
1770,42
1770,21
1770,22
1770,29
1770,103
1770,61
1770,113
1770,33
1770,40
1771,40
1771,34
1771,98
1771,46
1771,53
1771,60
1771,67
1771,38
1771,119
1771,23
1771,28
1771,94
1771,70
1771,69
1771,12
1771,41
1771,15
1771,23
1771,100
1771,33
1771,4
1771,21
1771,67
1771,96
1771,22
1771,23
1771,68
1771,33
1771,45
1771,134
1771,42
1771,96
1771,25
1772,25
1772,4
1772,71
1772,39
1772,56
1772,22
1772,33
1772,25
1772,26
1772,55
1772,15
1772,27
1772,104
1772,28
1772,7
1772,29
1772,33
1772,71
1772,64
1772,12
1772,50
1772,14
1772,12
1772,29
1772,63
1772,55
1772,34
1772,22
1772,60
1772,65
1772,67
1772,115
1772,72
1772,53
1772,22
1772,22
1772,23
1772,66
1772,30
1772,29
1772,69
1772,56
1772,70
1772,28
1773,22
1773,50
1773,4
1773,28
1773,71
1773,142
1773,59
1773,69
1773,128
1773,131
1773,43
1773,44
1773,8
1773,33
1773,13
1773,26
1773,73
1773,28
1773,115
1773,59
1773,74
1773,75
1773,76
1773,68
1773,55
1773,23
1773,59
1773,37
1773,100
1773,74
1773,48
1773,56
1773,35
1773,14
1773,53
1773,117
1774,22
1774,93
1774,98
1774,69
1774,44
1774,95
1774,97
1774,4
1774,33
1774,136
1774,22
1774,32
1774,19
1774,26
1774,61
1774,21
1774,24
1774,17
1774,69
1774,94
1774,62
1774,104
1774,29
1774,93
1774,91
1774,58
1775,58
1775,50
1775,4
1775,16
1775,113
1775,34
1775,33
1775,142
1775,71
1775,50
1775,90
1775,22
1775,28
1775,39
1775,13
1775,29
1775,25
1775,52
1775,138
1775,22
1775,142
1775,141
1775,123
1775,140
1775,21
1775,88
1775,73
1775,73
1775,15
1775,16
1775,24
1775,73
1775,59
1775,118
1775,17
1775,60
1775,45
1775,95
1775,61
1775,23
1775,35
1775,34
1775,22
1775,54
1775,33
1775,38
1775,62
1775,26
1775,61
1775,55
1775,88
1775,56
1775,24
1776,12
1776,57
1776,4
1776,44
1776,90
1776,41
1776,62
1776,25
1776,55
1776,98
1776,74
1776,44
1776,24
1776,67
1776,55
1776,17
1776,27
1776,29
1776,30
1776,29
1776,57
1776,35
1776,71
1776,62
1776,97
1776,89
1776,54
1776,71
1776,63
1776,22
1777,16
1777,120
1777,56
1777,4
1777,37
1777,41
1777,53
1777,71
1777,76
1777,31
1777,28
1777,18
1777,96
1777,29
1777,51
1777,12
1777,45
1777,100
1777,94
1777,22
1777,23
1777,29
1777,23
1777,70
1777,69
1777,33
1778,12
1778,61
1778,16
1778,15
1778,38
1779,8
1779,37
1779,44
1779,97
1779,98
1779,69
1779,72
1779,96
1779,99
1779,98
1779,45
1779,4
1779,33
1779,75
1779,74
1779,25
1779,23
1779,71
1779,56
1779,31
1779,100
1779,38
1779,70
1779,68
1779,33
1779,22
1780,112
1780,98
1780,37
1780,44
1780,55
1780,66
1780,98
1780,69
1780,97
1780,72
1780,96
1780,99
1780,13
1780,45
1780,4
1780,75
1780,74
1780,23
1780,71
1780,56
1780,31
1780,100
1780,38
1780,70
1780,56
1780,68
1780,33
1780,115
1780,22
1780,34
1781,50
1781,4
1781,72
1781,54
1781,95
1781,55
1781,98
1781,120
1781,23
1781,36
1781,68
1781,115
1781,31
1781,52
1781,139
1781,29
1781,49
1781,66
1781,33
1781,138
1781,38
1781,50
1781,21
1781,99
1782,90
1782,99
1782,27
1782,55
1782,16
1782,67
1782,49
1782,4
1782,21
1782,33
1782,17
1782,29
1782,59
1782,26
1782,115
1782,21
1782,50
1782,95
1782,37
1782,15
1782,93
1782,142
1782,50
1782,73
1782,17
1783,27
1783,39
1783,19
1783,34
1783,118
1783,17
1783,15
1783,25
1783,5
1783,100
1783,18
1783,28
1783,59
1783,15
1783,98
1783,22
1783,56
1783,32
1783,45
1783,60
1783,22
1783,57
1783,40
1783,68
1783,47
1784,12
1784,33
1784,98
1784,41
1784,16
1784,21
1784,47
1784,48
1784,49
1784,42
1784,51
1784,50
1784,68
1784,69
1784,51
1784,13
1784,22
1784,72
1784,32
1784,71
1784,61
1784,45
1784,45
1784,52
1784,96
1784,37
1784,25
1784,57
1785,12
1785,33
1785,98
1785,41
1785,52
1785,16
1785,47
1785,49
1785,42
1785,47
1785,51
1785,50
1785,68
1785,69
1785,22
1785,72
1785,32
1785,61
1785,24
1785,45
1785,45
1785,52
1785,96
1785,37
1785,25
1785,32
1785,57
1786,129
1786,71
1786,12
1786,98
1786,70
1786,32
1786,17
1786,76
1786,49
1786,33
1786,23
1786,132
1786,90
1786,72
1786,55
1786,55
1786,71
1786,29
1786,44
1786,57
1786,139
1786,50
1786,59
1786,53
1786,58
1786,35
1786,56
1786,24
1786,38
1786,47
1786,86
1786,69
1786,128
1786,59
1786,55
1786,95
1786,60
1786,61
1786,22
1786,131
1786,34
1786,60
1786,49
1786,41
1786,22
1786,36
1786,71
1786,48
1786,89
1786,45
1787,26
1787,63
1787,41
1787,4
1787,53
1787,21
1787,100
1787,41
1787,55
1787,22
1787,51
1787,56
1787,23
1787,22
1787,55
1787,115
1787,17
1787,33
1788,42
1788,15
1788,100
1788,45
1788,26
1788,100
1788,113
1788,17
1788,105
1788,28
1788,4
1788,119
1788,15
1789,16
1789,50
1789,71
1789,107
1789,73
1789,142
1789,71
1789,7
1789,28
1789,50
1789,105
1789,121
1789,134
1789,34
1789,128
1789,55
1789,42
1789,54
1789,59
1789,28
1789,129
1789,23
1789,89
1789,38
1789,56
1789,52
1789,21
1789,133
1789,135
1790,101
1790,26
1790,4
1790,38
1790,33
1790,56
1790,62
1790,128
1790,66
1790,73
1790,95
1790,89
1790,59
1790,95
1790,41
1790,22
1790,56
1790,76
1790,51
1790,23
1790,29
1790,120
1790,50
1790,50
1790,29
1790,68
1790,59
1790,22
1790,15
1790,42
1790,96
1790,71
1790,55
1791,16
1791,95
1791,4
1791,8
1791,90
1791,33
1791,38
1791,71
1791,14
1791,41
1791,93
1791,61
1791,23
1791,55
1791,29
1791,44
1791,55
1791,77
1791,17
1791,29
1791,23
1791,115
1792,12
1792,4
1792,43
1792,44
1792,45
1792,48
1792,49
1792,50
1792,72
1792,115
1792,57
1792,23
1792,53
1792,52
1792,66
1792,12
1792,22
1793,16
1793,4
1793,50
1793,113
1793,93
1793,71
1793,53
1793,100
1793,41
1793,50
1793,23
1793,44
1793,18
1793,17
1793,42
1793,68
1793,89
1793,38
1793,55
1793,29
1793,71
1793,55
1793,73
1793,65
1793,59
1793,75
1793,33
1793,27
1793,29
1793,30
1793,16
1793,76
1793,74
1793,60
1793,42
1793,117
1793,141
1793,22
1794,89
1794,48
1794,38
1794,86
1794,34
1794,59
1794,76
1794,45
1794,46
1794,13
1794,69
1794,75
1794,113
1794,59
1794,7
1794,14
1794,16
1794,15
1794,73
1794,22
1794,107
1794,23
1794,39
1794,37
1794,114
1794,50
1794,33
1794,70
1794,60
1794,21
1794,74
1794,4
1794,42
1794,55
1794,22
1795,4
1795,142
1795,113
1795,22
1795,50
1795,45
1795,107
1795,32
1795,49
1795,28
1795,15
1795,59
1795,93
1795,32
1795,50
1795,56
1795,29
1795,71
1795,70
1796,16
1796,4
1796,142
1796,113
1796,22
1796,50
1796,45
1796,107
1796,95
1796,28
1796,15
1796,59
1796,61
1796,93
1796,70
1796,77
1796,50
1796,59
1796,29
1796,32
1796,71
1797,16
1797,17
1797,4
1797,50
1797,19
1797,19
1797,33
1797,91
1797,38
1797,22
1797,56
1797,34
1797,55
1797,34
1797,24
1797,32
1797,45
1797,41
1797,93
1797,25
1797,76
1797,59
1797,56
1797,69
1797,102
1797,115
1797,53
1798,50
1798,25
1798,4
1798,33
1798,14
1798,76
1798,97
1798,73
1798,28
1798,75
1798,74
1798,76
1798,69
1798,38
1798,33
1798,26
1798,22
1798,12
1798,15
1798,25
1798,91
1798,92
1798,70
1799,70
1799,4
1799,86
1799,71
1799,33
1799,14
1799,44
1799,20
1799,94
1799,72
1799,69
1799,4
1799,6
1799,21
1799,52
1799,73
1799,95
1799,16
1799,15
1799,17
1799,16
1799,96
1799,61
1799,98
1799,7
1799,13
1799,51
1800,51
1800,26
1800,119
1800,32
1800,31
1800,136
1800,57
1800,22
1800,29
1800,52
1801,52
1801,4
1801,99
1801,113
1801,90
1801,8
1801,93
1801,46
1801,55
1801,29
1801,94
1801,12
1801,66
1801,29
1801,115
1802,16
1802,4
1802,55
1802,22
1802,44
1802,126
1802,45
1802,72
1802,8
1802,46
1802,4
1802,71
1802,38
1802,40
1802,67
1802,98
1802,115
1802,54
1802,65
1802,89
1802,30
1802,130
1802,29
1802,52
1802,97
1802,57
1802,55
1802,61
1802,45
1802,60
1802,51
1802,29
1802,52
1802,42
1802,21
1802,23
1802,115
1802,116
1802,117
1802,44
1802,33
1803,16
1803,22
1803,8
1803,44
1803,33
1803,98
1803,33
1803,126
1803,45
1803,31
1803,71
1803,46
1803,38
1803,32
1803,34
1803,50
1803,50
1803,76
1803,39
1803,54
1803,58
1803,25
1803,62
1803,29
1803,51
1803,98
1803,23
1803,142
1803,28
1803,52
1803,115
1803,60
1803,29
1803,12
1804,8
1804,22
1804,97
1804,23
1804,44
1804,25
1804,33
1804,45
1804,59
1804,12
1804,61
1804,58
1804,13
1804,44
1804,46
1804,38
1804,38
1804,71
1804,26
1804,60
1804,61
1804,52
1804,57
1804,56
1804,13
1804,24
1804,29
1804,51
1804,86
1804,31
1804,14
1804,89
1804,142
1804,50
1804,22
1804,23
1806,95
1806,60
1806,22
1806,22
1806,15
1806,53
1806,56
1806,24
1806,73
1806,45
1806,120
1806,70
1806,107
1806,56
1806,32
1806,38
1806,26
1806,69
1806,4
1806,33
1806,12
1806,29
1807,29
1807,30
1807,66
1807,56
1808,4
1808,56
1808,56
1808,57
1808,101
1808,58
1808,73
1808,68
1808,22
1808,28
1808,106
1808,90
1808,59
1808,40
1808,52
1808,16
1808,44
1808,33
1808,64
1808,141
1808,53
1808,28
1808,57
1808,98
1808,24
1808,50
1808,56
1808,14
1808,38
1808,25
1808,30
1808,71
1808,71
1808,46
1808,49
1808,21
1808,29
1808,100
1808,39
1808,21
1808,35
1808,23
1808,42
1808,99
1808,74
1808,31
1808,22
1808,51
1809,12
1809,4
1809,113
1809,24
1809,41
1809,61
1809,53
1809,142
1809,50
1809,41
1809,51
1809,23
1809,22
1809,55
1809,52
1809,53
1809,54
1809,55
1809,135
1809,100
1810,25
1810,98
1810,8
1810,99
1810,51
1810,102
1810,56
1810,33
1810,71
1810,142
1810,98
1810,12
1810,61
1810,93
1810,76
1810,73
1810,50
1810,65
1810,73
1810,4
1810,123
1810,54
1810,100
1810,50
1810,50
1810,14
1810,23
1810,45
1810,101
1810,29
1810,49
1810,29
1810,96
1810,17
1810,24
1810,75
1810,76
1810,74
1810,102
1810,24
1811,12
1811,50
1811,34
1811,25
1811,22
1811,26
1811,90
1811,23
1811,91
1811,47
1811,24
1811,25
1811,39
1811,32
1811,69
1811,45
1811,45
1811,61
1811,52
1811,56
1811,55
1811,38
1811,29
1811,72
1811,70
1811,71
1811,97
1811,36
1811,60
1811,26
1812,41
1812,51
1812,16
1812,22
1812,61
1812,93
1812,33
1812,26
1812,31
1812,27
1812,95
1813,16
1813,62
1813,25
1813,4
1813,26
1813,51
1813,50
1813,98
1813,56
1813,95
1813,22
1813,32
1813,22
1813,26
1813,22
1813,56
1813,95
1813,32
1813,23
1813,115
1813,14
1813,78
1813,34
1813,47
1813,49
1814,112
1814,39
1814,41
1814,60
1814,38
1814,4
1814,8
1814,39
1814,101
1814,25
1814,62
1814,17
1814,26
1814,115
1814,38
1814,60
1814,33
1814,68
1814,48
1814,23
1814,22
1814,55
1815,24
1815,71
1815,43
1815,22
1815,103
1815,60
1815,45
1815,29
1815,100
1815,98
1815,16
1815,99
1815,4
1815,113
1815,40
1815,73
1815,69
1815,89
1815,61
1815,16
1815,29
1815,21
1815,33
1815,97
1815,25
1815,50
1815,51
1815,61
1815,37
1815,55
1815,55
1815,32
1815,15
1816,47
1816,22
1816,142
1816,54
1816,33
1816,42
1816,66
1816,21
1816,29
1816,56
1816,49
1816,50
1816,73
1816,115
1816,23
1816,55
1816,98
1816,26
1816,94
1816,51
1816,22
1816,69
1816,57
1817,16
1817,24
1817,22
1817,38
1817,12
1817,53
1817,40
1817,54
1817,46
1817,19
1817,33
1817,68
1817,34
1817,100
1817,14
1817,50
1817,68
1817,35
1817,116
1817,22
1817,93
1817,91
1818,26
1818,51
1818,94
1818,97
1818,115
1818,45
1818,22
1818,56
1818,93
1818,22
1818,100
1818,55
1818,51
1818,31
1818,15
1818,4
1818,55
1818,31
1818,69
1818,44
1818,23
1818,95
1818,21
1818,74
1818,98
1819,16
1819,8
1819,93
1819,94
1819,26
1819,98
1819,113
1819,90
1819,6
1819,4
1819,98
1819,28
1819,50
1819,73
1819,96
1819,23
1819,52
1819,55
1819,109
1819,132
1819,99
1819,97
1819,15
1819,89
1819,22
1819,60
1819,45
1819,68
1819,73
1819,53
1819,51
1819,61
1819,42
1819,14
1819,121
1819,72
1819,78
1819,56
1819,111
1819,36
1819,125
1819,55
1819,86
1819,22
1819,41
1819,24
1819,105
1819,32
1819,64
1819,112
1819,59
1819,24
1819,69
1819,34
1820,30
1820,4
1820,38
1820,33
1820,30
1820,71
1820,113
1820,16
1820,58
1820,14
1820,142
1820,107
1820,26
1820,28
1820,23
1820,29
1821,60
1821,50
1821,34
1821,4
1821,54
1821,59
1821,108
1821,61
1821,36
1821,58
1821,143
1821,68
1821,16
1821,69
1821,50
1821,42
1821,55
1821,29
1821,49
1821,95
1821,95
1821,61
1821,138
1821,30
1821,60
1821,74
1821,115
1821,88
1822,16
1822,98
1822,62
1822,50
1822,74
1822,22
1822,4
1822,24
1822,67
1822,55
1822,25
1822,26
1822,55
1822,22
1822,14
1822,88
1822,59
1822,22
1822,94
1822,78
1822,56
1822,61
1822,23
1822,33
1822,56
1822,21
1822,29
1822,89
1822,55
1822,44
1822,34
1822,22
1822,12
1822,93
1822,12
1822,56
1823,12
1823,25
1823,56
1823,17
1823,55
1823,57
1823,56
1823,32
1823,76
1823,62
1823,13
1823,32
1823,57
1823,78
1823,15
1823,25
1823,42
1823,58
1823,59
1823,60
1823,53
1823,31
1823,61
1824,22
1824,4
1824,26
1824,61
1824,62
1824,26
1824,25
1824,96
1824,71
1824,50
1825,113
1825,50
1825,50
1825,49
1825,56
1825,25
1825,74
1825,51
1825,13
1825,52
1825,15
1825,60
1825,103
1826,94
1826,14
1826,17
1826,74
1826,106
1826,69
1826,70
1826,61
1826,69
1826,47
1827,21
1827,74
1827,61
1827,15
1827,61
1827,108
1827,47
1827,21
1828,55
1828,23
1828,41
1828,72
1828,98
1828,60
1828,90
1828,53
1828,25
1828,48
1828,22
1828,55
1828,28
1828,106
1828,100
1828,109
1828,55
1828,15
1830,56
1830,93
1830,142
1830,16
1830,4
1830,31
1830,71
1830,45
1830,15
1830,94
1830,53
1830,53
1831,16
1831,28
1831,4
1831,90
1831,63
1831,25
1831,56
1831,60
1831,41
1831,53
1831,22
1831,55
1831,94
1831,93
1831,57
1831,70
1831,34
1831,69
1832,12
1832,53
1832,99
1832,61
1832,98
1832,69
1832,41
1832,22
1832,107
1832,45
1832,116
1833,54
1833,142
1833,50
1833,139
1833,78
1833,24
1833,33
1833,123
1833,98
1833,138
1833,95
1833,33
1833,73
1833,145
1833,45
1833,23
1833,93
1833,94
1833,98
1833,97
1833,52
1833,8
1833,66
1833,17
1833,90
1833,142
1833,37
1833,71
1833,29
1833,69
1833,22
1833,140
1833,55
1833,21
1834,27
1834,50
1834,61
1834,28
1834,4
1834,29
1834,45
1834,74
1834,33
1834,71
1834,52
1834,94
1834,54
1834,26
1834,14
1834,76
1834,16
1834,59
1834,129
1834,42
1834,93
1834,70
1834,132
1834,44
1834,21
1834,75
1834,56
1834,73
1834,17
1834,66
1834,97
1834,33
1834,12
1835,98
1835,31
1835,55
1835,33
1835,12
1835,13
1835,74
1835,34
1835,14
1835,15
1835,24
1835,94
1835,22
1835,24
1835,54
1835,22
1835,51
1835,23
1836,29
1836,55
1836,78
1836,22
1836,23
1836,69
1836,74
1836,138
1836,113
1836,61
1836,24
1836,24
1837,73
1837,57
1837,13
1837,14
1837,28
1837,4
1837,17
1837,113
1837,34
1837,90
1837,50
1837,50
1837,142
1837,21
1837,45
1837,61
1837,29
1837,28
1837,25
1837,41
1837,98
1837,25
1837,32
1837,93
1837,56
1837,15
1837,16
1837,95
1837,8
1837,38
1837,25
1837,71
1837,41
1837,108
1837,30
1837,70
1837,101
1837,21
1837,18
1837,31
1837,24
1837,79
1837,36
1837,25
1837,23
1837,26
1837,28
1837,73
1837,98
1837,97
1837,77
1837,93
1837,76
1837,27
1837,78
1837,67
1837,21
1837,27
1837,24
1837,40
1837,28
1837,29
1837,30
1837,31
1837,32
1838,50
1838,113
1838,90
1838,60
1838,66
1838,15
1838,98
1838,107
1838,65
1838,49
1838,32
1838,16
1838,33
1838,95
1838,29
1838,8
1838,25
1838,34
1838,71
1838,112
1838,93
1838,65
1838,35
1838,56
1838,17
1838,57
1838,71
1838,69
1838,64
1838,67
1838,49
1838,65
1838,63
1838,55
1838,56
1838,25
1838,59
1838,24
1838,123
1838,31
1838,40
1838,72
1838,36
1838,25
1838,28
1838,73
1838,97
1838,36
1838,59
1838,93
1838,76
1838,67
1838,37
1838,127
1838,38
1838,28
1839,18
1839,61
1839,41
1839,35
1839,56
1839,56
1839,52
1839,12
1839,68
1839,38
1839,77
1839,28
1840,70
1840,28
1840,29
1840,91
1840,21
1840,30
1840,66
1840,63
1840,71
1840,33
1840,97
1840,95
1840,100
1840,31
1840,105
1840,61
1840,71
1840,34
1840,32
1840,62
1840,56
1840,57
1840,33
1840,62
1840,34
1840,29
1840,35
1840,22
1840,49
1840,53
1840,47
1840,111
1841,16
1841,25
1841,98
1841,69
1841,86
1841,37
1841,4
1841,33
1841,40
1841,49
1841,65
1841,78
1841,33
1841,61
1841,98
1841,100
1841,52
1841,8
1841,60
1841,53
1841,50
1841,21
1841,7
1841,73
1841,115
1841,24
1841,55
1841,48
1841,71
1841,111
1841,48
1841,112
1841,24
1841,16
1841,77
1841,47
1841,79
1841,114
1841,23
1841,16
1841,62
1841,79
1841,22
1841,82
1841,66
1842,113
1842,112
1842,56
1842,33
1842,88
1842,50
1842,142
1842,56
1842,21
1842,23
1842,4
1842,12
1842,50
1842,66
1842,72
1842,23
1842,29
1842,116
1842,94
1842,96
1842,41
1842,39
1843,12
1843,93
1843,4
1843,100
1843,39
1843,113
1843,143
1843,40
1843,54
1843,46
1843,136
1843,57
1843,38
1843,71
1843,33
1843,23
1843,13
1843,55
1843,41
1843,68
1843,94
1843,79
1843,40
1843,12
1844,97
1844,50
1844,23
1844,21
1844,95
1844,33
1844,22
1844,98
1844,90
1844,100
1844,60
1844,105
1844,4
1844,15
1844,96
1845,22
1845,4
1845,23
1845,99
1845,96
1845,68
1845,21
1845,39
1845,98
1845,66
1845,49
1845,113
1845,105
1845,118
1845,94
1845,16
1845,55
1845,55
1845,69
1845,60
1845,60
1845,15
1845,98
1845,95
1845,100
1845,97
1845,115
1845,65
1845,107
1845,60
1846,16
1846,120
1846,90
1846,113
1846,95
1846,96
1846,97
1846,69
1846,107
1846,33
1846,21
1846,22
1846,42
1846,105
1846,23
1847,16
1847,113
1847,90
1847,4
1847,100
1847,98
1847,95
1847,96
1847,98
1847,50
1847,23
1847,107
1847,21
1847,22
1847,105
1847,60
1847,15
1848,23
1848,52
1848,142
1848,25
1848,22
1848,26
1848,50
1848,67
1848,4
1848,12
1848,40
1848,12
1848,53
1848,23
1848,15
1848,28
1848,63
1848,41
1848,21
1848,34
1848,113
1848,66
1849,25
1849,45
1849,15
1849,47
1849,44
1849,28
1849,103
1849,61
1849,52
1849,58
1849,4
1849,73
1849,62
1849,15
1849,55
1849,43
1849,29
1849,22
1849,53
1849,107
1849,112
1849,27
1849,89
1849,24
1849,36
1849,71
1849,112
1849,111
1849,44
1849,34
1849,29
1849,21
1849,16
1849,23
1850,16
1850,50
1850,14
1850,98
1850,4
1850,33
1850,71
1850,95
1850,25
1850,69
1850,29
1850,74
1850,8
1850,28
1850,39
1850,56
1850,50
1850,59
1850,55
1850,38
1850,13
1850,47
1850,78
1850,33
1850,113
1850,24
1850,42
1850,89
1850,138
1850,73
1850,24
1851,16
1851,24
1851,25
1851,53
1851,18
1851,41
1851,60
1851,94
1851,71
1851,69
1851,14
1851,25
1851,97
1851,15
1851,64
1851,22
1851,45
1851,55
1851,55
1851,28
1851,26
1851,27
1852,125
1852,4
1852,42
1852,33
1852,68
1852,16
1852,22
1852,96
1852,74
1852,57
1852,27
1852,15
1852,28
1852,119
1852,25
1852,18
1852,98
1852,26
1853,12
1853,28
1853,56
1853,54
1853,36
1853,61
1853,90
1853,57
1853,75
1853,100
1853,23
1853,31
1853,56
1853,57
1854,12
1854,32
1854,113
1854,38
1854,4
1854,17
1854,41
1854,41
1854,54
1854,31
1854,57
1854,61
1854,67
1854,21
1854,100
1854,36
1854,58
1854,22
1855,44
1855,98
1855,22
1855,27
1855,97
1855,51
1855,26
1855,22
1855,115
1855,94
1855,26
1855,44
1855,55
1855,39
1855,99
1855,33
1855,22
1855,46
1855,100
1855,23
1855,37
1855,12
1855,57
1856,109
1856,86
1856,25
1856,4
1856,17
1856,107
1856,33
1856,57
1856,98
1856,90
1856,19
1856,42
1856,46
1856,58
1856,41
1856,89
1856,58
1856,61
1856,13
1856,37
1856,13
1856,115
1856,59
1856,28
1856,42
1856,99
1856,29
1856,60
1856,76
1856,23
1856,24
1856,58
1856,50
1856,61
1856,59
1856,47
1856,31
1856,50
1856,15
1856,62
1856,16
1857,100
1857,29
1857,58
1857,86
1857,42
1857,27
1857,24
1857,45
1857,76
1857,56
1857,41
1857,93
1857,93
1857,89
1857,98
1857,125
1857,61
1857,33
1857,16
1857,50
1857,7
1857,29
1857,25
1857,59
1857,16
1857,76
1857,70
1857,55
1857,62
1857,75
1857,63
1857,5
1857,58
1857,54
1857,54
1857,34
1857,52
1857,33
1857,69
1857,40
1857,16
1857,53
1857,73
1857,55
1857,71
1857,26
1857,57
1857,52
1857,38
1857,75
1857,50
1857,74
1857,59
1857,14
1857,15
1857,29
1857,70
1857,71
1857,36
1857,14
1857,61
1857,21
1857,113
1857,27
1857,4
1857,93
1857,58
1857,72
1857,17
1859,12
1859,4
1859,26
1859,17
1859,68
1859,99
1859,54
1859,39
1859,91
1859,17
1859,22
1859,62
1859,41
1859,23
1859,15
1859,60
1859,23
1859,94
1859,115
1859,28
1859,36
1859,78
1859,29
1859,23
1860,94
1860,72
1860,98
1860,70
1860,47
1860,33
1860,57
1860,33
1860,45
1860,16
1860,78
1860,94
1860,67
1860,58
1860,96
1860,8
1860,70
1860,100
1860,40
1860,121
1860,4
1860,66
1860,21
1860,62
1860,55
1860,113
1860,13
1860,26
1860,70
1860,99
1860,119
1860,93
1860,23
1860,90
1860,55
1860,115
1860,42
1860,102
1860,22
1860,62
1860,147
1860,22
1860,61
1860,24
1860,29
1860,55
1860,56
1860,22
1860,68
1860,25
1860,54
1860,54
1860,59
1860,26
1860,23
1860,56
1860,115
1860,27
1860,23
1861,16
1861,27
1861,90
1861,44
1861,8
1861,55
1861,56
1861,39
1861,22
1861,147
1861,67
1861,119
1861,70
1861,23
1861,54
1861,121
1861,72
1861,53
1861,66
1861,24
1861,23
1861,13
1861,26
1861,100
1861,43
1861,42
1861,62
1861,25
1861,17
1861,55
1861,93
1861,59
1861,99
1861,23
1861,94
1861,96
1861,49
1861,29
1861,98
1861,22
1861,94
1861,12
1861,93
1861,59
1861,69
1861,33
1861,70
1861,56
1861,34
1861,45
1861,22
1861,47
1861,78
1861,58
1861,40
1862,16
1862,23
1862,26
1862,93
1862,40
1862,71
1862,34
1862,37
1862,18
1862,51
1862,32
1862,33
1862,41
1863,12
1863,24
1863,4
1863,90
1863,23
1863,41
1863,18
1863,56
1863,47
1863,62
1863,25
1863,14
1863,68
1863,71
1863,120
1863,22
1863,107
1863,42
1863,86
1863,16
1863,136
1863,43
1863,106
1863,44
1863,22
1863,31
1863,69
1863,70
1863,33
1863,28
1864,23
1864,115
1864,51
1864,68
1864,120
1864,61
1864,26
1864,16
1864,96
1864,93
1864,44
1864,4
1865,59
1865,21
1865,16
1865,4
1865,29
1865,22
1865,40
1865,5
1865,7
1865,23
1865,25
1865,144
1865,12
1865,69
1865,22
1865,14
1865,66
1865,26
1865,26
1865,16
1865,98
1865,98
1865,99
1866,69
1866,128
1866,27
1866,50
1866,71
1866,98
1866,101
1866,103
1866,20
1866,99
1866,53
1866,100
1866,28
1866,60
1866,101
1866,52
1866,8
1866,56
1866,45
1866,51
1866,102
1866,45
1866,14
1866,89
1866,61
1866,58
1866,103
1866,55
1866,17
1866,18
1866,21
1866,131
1866,13
1866,23
1866,45
1866,70
1866,47
1866,104
1867,113
1867,120
1867,4
1867,90
1867,51
1867,26
1867,44
1867,56
1867,29
1867,21
1867,25
1867,28
1867,33
1867,96
1867,23
1867,106
1867,115
1867,40
1867,23
1867,99
1867,104
1867,30
1867,43
1867,68
1867,22
1867,12
1867,69
1868,98
1868,16
1868,56
1868,39
1868,69
1868,24
1868,8
1868,52
1868,30
1868,54
1868,33
1868,98
1868,63
1868,49
1868,35
1868,73
1868,33
1868,94
1868,70
1868,57
1868,134
1868,72
1868,23
1868,69
1868,70
1868,111
1868,58
1868,61
1868,38
1868,115
1868,71
1868,61
1868,102
1868,68
1868,70
1868,55
1868,94
1868,96
1868,70
1868,72
1868,126
1868,116
1868,74
1868,28
1868,66
1868,52
1868,69
1869,60
1869,90
1869,69
1869,70
1869,103
1869,21
1869,33
1869,14
1871,4
1871,39
1871,14
1871,15
1871,22
1871,33
1871,25
1871,15
1871,16
1871,104
1871,28
1871,7
1871,29
1871,17
1871,69
1871,33
1871,71
1871,64
1871,12
1871,50
1871,14
1871,47
1871,29
1871,55
1871,34
1871,22
1871,49
1871,56
1871,23
1871,60
1871,65
1871,67
1871,115
1871,53
1871,22
1871,22
1871,23
1871,66
1871,30
1871,29
1871,69
1871,70
1872,16
1872,103
1872,23
1872,22
1872,4
1872,62
1872,144
1872,38
1872,23
1872,12
1872,29
1872,69
1872,70
1872,68
1872,25
1873,112
1873,94
1873,113
1873,72
1873,142
1873,56
1873,50
1873,56
1873,54
1873,23
1873,41
1873,116
1873,40
1873,12
1873,23
1873,66
1873,39
1873,50
1873,25
1873,26
1874,136
1874,66
1874,56
1874,33
1874,38
1874,27
1874,60
1874,45
1874,14
1874,56
1874,60
1874,24
1874,87
1874,26
1874,28
1874,57
1874,47
1874,22
1874,30
1874,15
1874,60
1874,29
1875,63
1875,16
1875,67
1875,56
1875,29
1875,120
1875,54
1875,47
1875,42
1875,117
1875,23
1875,57
1875,93
1875,50
1875,113
1875,62
1875,71
1875,4
1875,25
1875,12
1875,17
1875,70
1875,31
1876,16
1876,26
1876,98
1876,50
1876,90
1876,16
1876,55
1876,21
1876,115
1876,31
1876,21
1876,100
1876,45
1876,21
1876,24
1876,53
1876,51
1876,32
1876,33
1876,51
1876,23
1876,74
1876,75
1876,60
1876,51
1876,33
1876,22
1877,42
1877,22
1877,4
1877,55
1877,33
1877,14
1877,17
1877,23
1877,26
1877,115
1877,79
1877,50
1877,41
1877,18
1877,68
1879,12
1879,29
1879,23
1879,4
1879,25
1879,26
1879,29
1879,36
1879,22
1879,68
1879,125
1879,15
1879,87
1879,90
1879,57
1879,19
1879,40
1879,31
1879,41
1879,42
1879,69
1879,33
1879,107
1879,61
1879,57
1879,74
1879,22
1879,66
1879,100
1879,56
1879,98
1879,22
1881,16
1881,26
1881,17
1881,90
1881,46
1881,8
1881,62
1881,41
1881,60
1881,55
1881,100
1881,62
1881,22
1881,31
1881,55
1881,54
1881,93
1881,22
1881,35
1881,50
1881,99
1881,92
1881,23
1882,16
1882,8
1882,16
1882,98
1882,61
1882,46
1882,71
1882,21
1882,37
1882,98
1882,51
1882,22
1882,31
1882,15
1882,55
1882,136
1882,93
1882,50
1882,51
1882,52
1882,53
1882,105
1883,68
1883,8
1883,90
1883,17
1883,96
1883,26
1883,94
1883,26
1883,61
1883,56
1883,67
1883,37
1883,115
1883,50
1883,4
1883,61
1883,76
1883,49
1883,53
1883,50
1883,92
1883,113
1883,23
1883,22
1883,51
1883,45
1883,94
1883,69
1884,69
1884,70
1884,71
1884,69
1885,16
1885,45
1885,66
1885,28
1885,15
1885,21
1885,50
1886,15
1886,45
1886,21
1886,16
1886,98
1886,54
1886,26
1886,13
1886,69
1886,121
1886,38
1886,77
1886,33
1886,136
1886,116
1886,73
1886,15
1886,29
1886,76
1886,14
1886,4
1886,8
1886,40
1886,50
1886,19
1886,75
1886,39
1886,93
1888,23
1888,14
1888,44
1888,46
1888,73
1888,93
1888,94
1888,74
1888,40
1888,34
1888,53
1888,22
1888,53
1888,68
1888,51
1888,22
1888,95
1888,66
1888,32
1888,53
1888,115
1888,24
1888,63
1888,34
1888,28
1888,96
1888,91
1888,49
1888,31
1889,94
1889,22
1889,90
1889,41
1889,15
1889,72
1889,98
1889,102
1889,25
1889,61
1889,33
1889,98
1889,14
1889,100
1889,98
1889,99
1889,22
1889,53
1889,51
1889,24
1889,60
1889,86
1890,94
1890,50
1890,22
1890,86
1890,69
1890,97
1890,33
1890,25
1890,4
1890,26
1890,41
1890,22
1890,87
1890,19
1890,88
1890,22
1890,58
1890,89
1890,22
1890,61
1890,104
1890,107
1890,45
1890,27
1890,29
1890,24
1890,36
1891,16
1891,4
1891,50
1891,88
1891,98
1891,48
1891,38
1891,68
1891,55
1891,76
1891,53
1891,33
1891,24
1891,17
1891,42
1891,46
1891,38
1891,113
1891,26
1891,29
1891,16
1891,18
1891,16
1891,125
1891,47
1891,47
1891,63
1891,121
1891,71
1891,33
1891,113
1891,89
1891,57
1891,28
1891,58
1891,93
1891,31
1891,66
1891,94
1891,67
1891,23
1891,106
1891,95
1891,97
1891,36
1891,46
1891,29
1891,98
1891,37
1891,73
1891,99
1891,17
1891,60
1891,101
1891,22
1892,94
1892,98
1892,57
1892,12
1892,57
1892,98
1892,22
1892,101
1892,50
1892,99
1892,113
1892,24
1892,12
1892,100
1892,23
1892,117
1892,4
1893,12
1893,136
1893,21
1893,24
1893,28
1893,20
1893,55
1893,42
1893,105
1893,44
1893,83
1893,43
1893,58
1893,97
1893,13
1893,4
1893,40
1893,115
1893,73
1893,51
1893,49
1893,68
1893,107
1894,45
1894,107
1894,95
1894,61
1894,136
1894,22
1894,94
1894,98
1894,53
1894,45
1894,22
1894,93
1895,61
1895,33
1895,4
1895,23
1895,63
1895,7
1895,37
1895,21
1895,142
1895,22
1895,15
1895,42
1895,43
1895,140
1895,109
1895,50
1895,38
1895,69
1895,67
1895,31
1895,53
1895,22
1895,93
1895,100
1895,32
1895,57
1895,15
1895,78
1895,26
1895,68
1895,58
1895,29
1895,26
1895,49
1895,54
1895,23
1895,45
1895,93
1895,55
1895,97
1896,16
1896,4
1896,90
1896,25
1896,41
1896,21
1896,98
1896,94
1896,32
1896,22
1896,22
1896,24
1896,24
1896,23
1896,21
1897,16
1897,8
1897,21
1897,4
1897,63
1897,38
1897,63
1897,41
1897,22
1897,65
1897,21
1897,16
1897,28
1897,95
1897,66
1897,85
1897,94
1897,42
1897,116
1897,24
1897,51
1897,22
1897,56
1897,57
1897,42
1897,66
1897,58
1897,33
1897,121
1897,39
1897,33
1897,50
1897,33
1897,101
1897,13
1897,96
1897,54
1897,23
1897,50
1897,24
1897,23
1897,71
1897,98
1897,76
1897,68
1897,115
1897,60
1897,55
1897,57
1897,98
1897,59
1897,58
1897,93
1897,34
1897,69
1897,33
1897,59
1897,115
1897,51
1897,29
1897,22
1897,23
1897,22
1897,40
1897,58
1898,33
1898,33
1898,29
1898,59
1898,31
1898,58
1898,59
1898,69
1898,51
1898,24
1898,42
1898,60
1898,62
1898,70
1898,22
1898,25
1898,55
1898,57
1898,76
1898,85
1898,28
1898,50
1898,22
1898,93
1898,61
1898,68
1898,23
1898,32
1898,12
1898,45
1898,65
1898,39
1898,34
1898,22
1898,141
1898,62
1898,68
1898,115
1898,33
1898,56
1898,19
1898,63
1898,16
1898,41
1898,50
1898,66
1898,95
1898,40
1898,60
1898,25
1898,147
1898,32
1898,55
1898,56
1898,115
1898,18
1898,61
1898,69
1898,15
1898,22
1898,121
1898,61
1898,64
1898,97
1898,93
1898,54
1899,12
1899,25
1899,8
1899,71
1899,22
1899,98
1899,39
1899,56
1899,33
1899,54
1899,50
1899,32
1899,7
1899,100
1899,43
1899,15
1899,56
1899,45
1899,55
1899,15
1899,78
1899,14
1899,61
1899,60
1899,87
1900,34
1900,34
1900,102
1900,98
1900,50
1900,34
1900,98
1900,87
1900,14
1900,8
1900,71
1900,41
1900,130
1900,107
1900,33
1900,13
1900,23
1900,98
1900,25
1900,33
1900,55
1900,24
1900,100
1900,30
1900,104
1900,50
1901,68
1901,55
1901,41
1901,21
1901,39
1901,42
1901,45
1901,53
1901,22
1901,50
1901,30
1901,57
1901,50
1901,115
1901,22
1901,60
1901,50
1901,54
1901,73
1901,79
1901,100
1901,56
1901,94
1901,8
1901,56
1901,66
1901,29
1901,9
1901,16
1901,142
1901,4
1901,24
1901,24
1909,69
1909,22
1909,98
1909,113
1909,98
1909,26
1909,15
1909,60
1909,29
1909,17
1909,22
1909,28
1909,87
1909,24
1909,25
1909,64
1909,27
1909,38
1910,4
1910,98
1910,17
1910,68
1910,99
1910,54
1910,16
1910,22
1910,62
1910,41
1910,38
1910,23
1910,61
1910,23
1910,55
1910,52
1910,96
1910,36
1911,30
1911,24
1911,37
1911,69
1911,78
1911,50
1911,36
1911,14
1911,147
1911,71
1911,67
1911,24
1911,16
1911,61
1911,7
1911,52
1912,16
1912,73
1912,50
1912,25
1912,95
1912,69
1912,68
1912,26
1912,75
1912,74
1912,14
1912,76
1912,128
1912,131
1912,53
1912,71
1912,98
1912,24
1912,98
1912,33
1912,78
1912,55
1912,39
1912,15
1912,100
1912,136
1912,132
1912,89
1912,93
1912,69
1915,112
1915,4
1915,69
1915,60
1915,71
1915,42
1915,44
1915,45
1915,98
1915,21
1915,22
1915,15
1915,12
1915,115
1915,54
1915,23
1915,55
1917,16
1917,50
1917,25
1917,4
1917,98
1917,97
1917,26
1917,22
1917,55
1917,90
1917,41
1917,58
1917,55
1917,14
1917,13
1917,17
1917,55
1917,30
1917,100
1917,29
1917,21
1917,96
1917,73
1917,37
1917,63
1917,49
1917,52
1917,52
1917,22
1917,64
1917,46
1917,56
1917,33
1917,55
1917,70
1917,69
1917,59
1917,67
1917,65
1917,72
1917,25
1917,24
1917,61
1917,57
1917,17
1917,16
1917,73
1917,76
1917,59
1917,139
1917,141
1917,138
1917,57
1917,77
1917,31
1917,58
1918,136
1918,51
1918,21
1918,44
1918,90
1918,19
1918,58
1918,56
1918,45
1918,56
1918,66
1918,108
1918,40
1918,70
1918,59
1918,61
1918,98
1918,94
1918,29
1918,63
1918,12
1918,120
1918,38
1918,4
1919,12
1919,25
1919,98
1919,60
1919,55
1919,74
1919,71
1919,69
1919,4
1919,22
1919,34
1919,71
1919,98
1919,33
1919,14
1919,65
1919,5
1919,24
1919,74
1919,31
1919,17
1919,32
1919,143
1919,56
1919,55
1919,29
1919,8
1919,68
1919,36
1919,27
1919,100
1919,30
1919,121
1919,18
1919,28
1919,80
1919,29
1919,94
1919,22
1919,55
1919,100
1919,23
1919,97
1919,60
1919,49
1919,52
1919,95
1919,127
1919,25
1919,59
1919,16
1919,126
1919,103
1919,21
1919,74
1919,41
1919,64
1919,46
1919,65
1919,55
1919,23
1919,59
1919,22
1919,65
1919,23
1919,67
1919,17
1919,60
1919,44
1919,112
1919,72
1919,24
1919,91
1919,16
1921,16
1921,22
1921,95
1921,96
1921,93
1921,98
1921,74
1921,44
1921,33
1921,71
1921,46
1921,55
1921,37
1921,45
1921,54
1921,89
1921,98
1921,21
1921,68
1921,22
1921,7
1921,54
1921,8
1921,41
1921,60
1921,61
1921,55
1921,27
1921,29
1921,30
1922,35
1922,30
1922,117
1922,16
1922,31
1922,60
1922,32
1922,33
1922,23
1923,23
1923,29
1923,17
1923,24
1923,15
1923,25
1923,98
1923,57
1923,26
1923,23
1923,27
1923,155
1923,28
1923,29
1923,30
1923,52
1923,31
1923,32
1923,33
1923,34
1923,35
1923,36
1923,37
1923,38
1923,39
1923,40
1923,61
1923,41
1923,42
1923,23
1923,22
1923,49
1923,43
1924,17
1924,14
1924,60
1924,90
1924,43
1924,142
1924,4
1924,45
1924,44
1924,74
1924,61
1924,24
1924,41
1924,93
1924,39
1924,15
1924,55
1924,22
1924,7
1924,98
1924,30
1924,76
1924,53
1924,93
1924,45
1924,50
1925,12
1925,44
1925,50
1925,113
1925,50
1925,41
1925,98
1925,95
1925,71
1925,50
1925,17
1925,8
1925,98
1925,25
1925,45
1925,22
1925,52
1925,94
1925,66
1925,15
1925,70
1925,49
1925,24
1925,43
1925,54
1925,23
1925,22
1925,56
1925,70
1925,88
1926,12
1926,4
1926,99
1926,88
1926,41
1926,41
1926,126
1926,89
1926,25
1926,63
1926,45
1926,61
1926,35
1926,90
1926,25
1926,107
1926,17
1926,91
1926,14
1927,24
1927,24
1927,25
1927,29
1927,31
1927,32
1927,55
1927,60
1927,33
1927,42
1927,16
1927,24
1927,69
1927,89
1927,21
1927,4
1927,29
1927,25
1927,20
1927,25
1927,115
1927,14
1927,8
1927,61
1927,87
1927,95
1927,50
1927,41
1927,50
1927,98
1927,73
1928,16
1928,98
1928,26
1928,115
1928,8
1928,37
1928,62
1928,49
1928,21
1928,138
1928,141
1928,52
1928,26
1928,139
1928,73
1928,74
1928,130
1928,14
1928,42
1928,75
1928,37
1928,104
1928,29
1928,76
1928,73
1928,56
1928,33
1928,24
1928,40
1928,117
1928,52
1928,33
1928,115
1928,71
1928,128
1928,131
1928,103
1928,104
1928,51
1928,45
1928,44
1928,43
1928,94
1928,19
1929,16
1929,4
1929,56
1929,91
1929,38
1929,71
1929,38
1929,55
1929,93
1929,50
1929,60
1929,68
1929,59
1929,55
1929,115
1929,21
1929,69
1929,57
1929,70
1930,70
1930,98
1930,60
1930,61
1930,60
1930,56
1930,45
1930,61
1930,41
1930,50
1930,71
1930,72
1930,33
1930,16
1930,33
1930,73
1930,47
1930,55
1930,71
1930,74
1930,75
1930,93
1930,8
1930,34
1931,8
1931,33
1931,4
1931,72
1931,23
1931,45
1931,50
1931,115
1931,57
1931,38
1931,50
1931,142
1931,53
1931,90
1931,93
1931,88
1931,40
1931,15
1931,55
1931,94
1932,12
1932,25
1932,98
1932,22
1932,44
1932,98
1932,56
1932,94
1932,33
1932,54
1932,32
1932,7
1932,100
1932,74
1932,66
1932,13
1932,22
1932,43
1932,15
1932,56
1932,45
1932,55
1932,14
1932,61
1932,60
1932,28
1933,4
1933,24
1933,50
1933,98
1933,53
1933,28
1933,14
1933,23
1933,94
1933,31
1933,39
1933,60
1933,93
1933,60
1933,61
1933,36
1933,26
1933,56
1933,59
1933,24
1933,29
1933,56
1933,23
1933,78
1934,23
1934,67
1934,31
1934,17
1934,78
1934,28
1934,64
1934,93
1934,21
1934,79
1934,80
1934,36
1934,81
1935,71
1935,38
1935,41
1935,76
1935,115
1935,94
1935,14
1935,105
1935,63
1935,68
1935,22
1935,81
1935,94
1935,25
1935,105
1935,24
1935,23
1935,75
1935,12
1935,115
1935,4
1936,16
1936,4
1936,90
1936,25
1936,113
1936,107
1936,33
1936,4
1936,26
1936,120
1936,41
1936,5
1936,66
1936,63
1936,89
1936,32
1936,21
1936,46
1936,98
1936,41
1936,96
1936,45
1936,50
1936,59
1936,55
1936,50
1936,17
1936,58
1936,106
1936,55
1936,58
1936,55
1936,29
1936,42
1936,15
1936,23
1936,59
1936,48
1936,61
1936,56
1936,68
1936,71
1936,52
1936,12
1936,45
1936,138
1936,115
1936,125
1936,93
1936,22
1936,70
1936,56
1936,69
1937,8
1937,50
1937,28
1937,39
1937,45
1937,17
1937,16
1937,17
1937,89
1937,69
1937,113
1937,50
1937,70
1937,67
1937,47
1937,61
1937,60
1937,40
1937,55
1937,68
1937,29
1937,66
1937,53
1937,24
1937,24
1937,96
1937,13
1937,93
1938,16
1938,113
1938,120
1938,90
1938,98
1938,16
1938,67
1938,22
1938,93
1938,94
1938,95
1938,33
1938,70
1938,32
1938,45
1938,28
1938,25
1938,115
1938,96
1938,26
1938,96
1938,23
1938,107
1938,12
1938,15
1938,55
1938,22
1938,70
1938,69
1939,42
1939,53
1939,8
1939,126
1939,76
1939,17
1939,61
1939,50
1939,16
1939,4
1939,69
1939,138
1939,38
1939,55
1939,61
1939,24
1939,37
1939,45
1939,97
1939,114
1939,22
1939,34
1939,68
1940,23
1940,26
1940,48
1940,136
1940,74
1940,14
1940,4
1940,98
1940,13
1940,65
1940,21
1940,22
1940,123
1940,50
1940,68
1940,78
1940,50
1940,42
1940,74
1940,68
1940,115
1940,55
1940,16
1940,67
1940,8
1940,93
1940,24
1940,40
1940,25
1940,22
1940,22
1940,29
1941,12
1941,4
1941,90
1941,22
1941,58
1941,61
1941,72
1941,31
1942,15
1942,22
1942,4
1942,34
1942,66
1942,44
1942,98
1942,94
1942,94
1942,12
1942,31
1942,95
1942,35
1942,55
1943,16
1943,44
1943,50
1943,22
1943,37
1943,47
1943,103
1943,47
1943,56
1943,65
1943,73
1943,70
1943,50
1943,100
1943,27
1943,23
1943,43
1943,98
1943,33
1943,73
1943,41
1943,50
1943,15
1943,16
1943,34
1943,67
1943,100
1943,52
1943,33
1943,94
1943,17
1943,29
1943,109
1943,74
1943,24
1943,95
1943,105
1943,73
1943,96
1943,73
1943,115
1944,16
1944,53
1944,142
1944,50
1944,115
1944,33
1944,55
1944,28
1944,98
1944,25
1944,21
1944,29
1944,35
1944,94
1944,12
1944,12
1944,71
1944,42
1944,55
1944,26
1944,39
1944,63
1944,13
1944,72
1944,69
1944,67
1944,78
1944,60
1944,65
1945,12
1945,29
1945,98
1945,4
1945,55
1945,53
1945,96
1945,41
1945,95
1945,97
1945,65
1945,68
1945,74
1945,66
1945,57
1945,19
1945,93
1945,15
1945,96
1945,33
1945,12
1945,75
1945,23
1945,55
1945,70
1945,35
1945,115
1945,66
1945,22
1945,15
1945,49
1945,70
1946,90
1946,18
1946,105
1946,31
1946,68
1946,70
1946,71
1946,17
1946,70
1946,23
1946,127
1946,12
1946,44
1946,22
1946,53
1946,56
1946,69
1946,56
1946,56
1946,4
1946,136
1946,57
1946,16
1946,28
1946,74
1946,115
1946,100
1948,120
1948,37
1948,90
1948,38
1948,33
1948,113
1948,76
1948,57
1948,4
1948,12
1949,12
1949,113
1949,8
1949,98
1949,22
1949,101
1949,58
1949,55
1949,21
1949,115
1949,45
1949,90
1949,53
1949,96
1949,31
1949,93
1950,115
1950,38
1950,90
1950,61
1950,96
1950,93
1950,97
1950,98
1950,40
1950,51
1950,24
1950,12
1950,23
1951,16
1951,113
1951,51
1951,66
1951,90
1951,17
1951,57
1951,4
1951,142
1951,55
1951,50
1951,37
1951,45
1951,101
1951,32
1951,46
1951,30
1951,95
1951,52
1951,23
1951,115
1951,85
1952,28
1952,4
1952,12
1952,51
1952,24
1952,71
1952,42
1952,142
1952,113
1952,6
1952,42
1952,55
1952,23
1952,28
1952,94
1952,50
1952,73
1952,14
1952,89
1952,4
1952,4
1952,115
1952,5
1952,85
1952,56
1952,112
1952,59
1952,152
1952,63
1952,89
1952,55
1952,86
1952,54
1952,111
1952,33
1952,44
1952,50
1952,71
1952,61
1952,28
1953,57
1953,16
1953,4
1953,28
1953,38
1953,41
1953,142
1953,29
1953,15
1953,90
1953,19
1953,30
1953,54
1953,27
1953,38
1953,59
1953,29
1953,93
1953,31
1953,56
1953,53
1953,22
1953,89
1953,61
1953,60
1953,12
1953,70
1954,12
1954,99
1954,4
1954,8
1954,136
1954,70
1954,45
1954,24
1954,42
1954,71
1954,23
1954,104
1954,94
1954,49
1954,54
1954,29
1954,72
1954,15
1954,51
1954,23
1954,38
1954,50
1954,115
1954,22
1955,68
1955,37
1955,113
1955,65
1955,45
1955,4
1955,22
1955,32
1955,35
1955,23
1955,12
1955,75
1955,71
1955,49
1955,32
1955,23
1955,28
1955,50
1955,115
1955,94
1955,29
1955,31
1955,47
1955,22
1956,4
1956,76
1956,52
1956,90
1956,12
1956,22
1956,55
1956,68
1956,22
1957,94
1957,112
1957,22
1957,54
1957,23
1957,4
1957,55
1957,15
1958,12
1958,55
1958,90
1958,15
1958,8
1958,69
1958,22
1958,44
1958,22
1958,71
1958,74
1958,7
1958,61
1958,45
1958,102
1958,33
1958,23
1958,54
1958,60
1958,98
1958,55
1959,61
1959,97
1959,28
1959,69
1959,91
1959,74
1959,27
1959,87
1959,47
1959,58
1960,12
1960,4
1960,98
1960,23
1960,50
1960,53
1960,15
1960,41
1960,61
1960,23
1960,54
1960,73
1960,97
1960,23
1960,94
1960,22
1960,42
1960,60
1960,24
1960,51
1960,13
1960,58
1960,58
1960,39
1960,31
1960,53
1960,33
1960,59
1960,35
1960,15
1960,32
1960,34
1961,12
1961,99
1961,26
1961,68
1961,34
1961,27
1961,68
1961,35
1961,41
1961,39
1961,36
1961,21
1961,99
1961,29
1961,33
1961,33
1961,12
1961,98
1961,53
1961,90
1961,53
1961,115
1961,51
1961,22
1961,23
1961,70
1961,59
1961,34
1961,56
1961,56
1961,22
1963,41
1963,98
1963,15
1963,32
1963,22
1963,61
1963,93
1963,23
1963,49
1963,22
1963,62
1963,28
1963,93
1964,16
1964,34
1964,55
1964,4
1964,113
1964,50
1964,41
1964,60
1964,61
1964,98
1964,90
1964,4
1964,49
1964,107
1964,22
1964,60
1964,61
1964,100
1964,20
1964,135
1964,93
1964,13
1964,29
1964,15
1964,16
1964,21
1964,73
1964,73
1964,55
1965,112
1965,71
1965,142
1965,50
1965,53
1965,21
1965,23
1965,26
1965,139
1965,50
1965,115
1965,32
1965,66
1965,51
1965,125
1965,50
1965,95
1965,57
1965,117
1965,35
1965,55
1965,23
1965,31
1965,69
1965,70
1965,53
1966,16
1966,4
1966,56
1966,95
1966,93
1966,93
1966,53
1966,71
1966,23
1966,38
1966,41
1966,113
1966,14
1966,98
1966,17
1966,26
1966,60
1966,69
1966,54
1966,44
1966,55
1966,15
1966,24
1966,33
1966,28
1966,67
1966,53
1966,115
1966,54
1966,73
1967,90
1967,41
1967,31
1967,4
1967,23
1967,76
1967,12
1967,73
1967,74
1967,68
1967,50
1967,38
1967,22
1967,59
1967,92
1968,12
1968,92
1968,42
1968,57
1968,90
1968,56
1968,51
1968,40
1968,12
1968,58
1968,93
1968,94
1968,95
1968,115
1968,28
1968,96
1968,97
1968,98
1968,12
1968,34
1968,28
1968,48
1968,69
1969,16
1969,27
1969,41
1969,90
1969,53
1969,37
1969,4
1969,20
1969,34
1969,16
1969,69
1969,70
1969,70
1969,23
1969,96
1969,115
1969,69
1969,70
1970,16
1970,4
1970,90
1970,33
1970,100
1970,98
1970,42
1970,42
1970,71
1972,22
1972,44
1972,69
1972,26
1972,50
1972,74
1972,62
1972,54
1972,55
1972,21
1972,52
1972,73
1972,110
1972,38
1972,43
1972,71
1972,54
1972,17
1972,45
1972,51
1972,62
1972,61
1972,55
1972,32
1972,75
1972,25
1972,57
1972,115
1973,115
1973,17
1973,4
1973,104
1973,25
1973,44
1973,43
1973,21
1973,70
1973,58
1973,71
1973,68
1973,64
1973,27
1973,25
1973,28
1973,98
1973,79
1973,116
1973,116
1973,56
1973,25
1973,49
1973,58
1973,23
1973,56
1973,66
1973,22
1973,66
1973,57
1973,38
1973,115
1973,54
1973,50
1973,30
1973,26
1973,23
1973,22
1973,7
1973,45
1974,16
1974,55
1974,28
1974,73
1974,95
1974,67
1974,112
1974,128
1974,129
1974,33
1974,66
1974,43
1974,101
1974,29
1974,45
1974,44
1974,33
1974,35
1974,91
1974,45
1974,89
1974,21
1974,56
1974,45
1974,61
1974,46
1974,23
1974,13
1974,15
1974,54
1974,132
1974,42
1974,50
1974,52
1974,42
1974,55
1975,12
1975,98
1975,4
1975,54
1975,47
1975,58
1975,55
1975,54
1975,56
1975,49
1975,15
1975,16
1975,50
1975,57
1975,58
1975,7
1975,78
1975,27
1975,24
1975,75
1975,56
1975,20
1975,16
1975,52
1975,59
1975,115
1975,15
1975,87
1975,60
1975,28
1977,56
1977,4
1977,63
1977,41
1977,53
1977,90
1977,19
1977,105
1977,28
1977,31
1977,70
1977,22
1977,22
1977,7
1977,56
1977,74
1977,69
1977,75
1977,23
1977,66
1977,68
1977,17
1977,22
1977,29
1978,44
1978,45
1978,50
1978,59
1978,138
1978,53
1978,43
1978,50
1978,14
1978,56
1978,4
1978,100
1978,94
1978,29
1978,60
1978,23
1978,22
1978,22
1978,56
1978,23
1978,55
1978,90
1978,29
1978,33
1978,98
1978,55
1978,61
1978,93
1978,55
1978,45
1979,16
1979,22
1979,8
1979,44
1979,127
1979,33
1979,90
1979,71
1979,98
1979,67
1979,38
1979,25
1979,45
1979,63
1979,57
1979,70
1979,25
1979,127
1979,24
1979,32
1979,55
1979,58
1979,41
1979,97
1979,98
1979,4
1979,44
1979,71
1979,54
1979,55
1979,29
1979,50
