resource,name
/eng/cosmetic_b9d8652036.html,ES Micro Balancing Cleanser
/eng/cosmetic_cfad651969.html,GENTLE CLEAR COMPLEXION-CLEARING BPO ACNE CLEANSER
/eng/cosmetic_5212651827.html,OEDO Amino Acid Bubble Moisturizing Cleanser
/eng/cosmetic_8dd6651826.html,GIRLPAL Brightening Cleanser
/eng/cosmetic_5de3651825.html,MeiYanQiong Shea Buffer Nourishing Repair Facial Cleanser
/eng/cosmetic_5775651823.html,LIYALAN Turmeric Gel Cleanser
/eng/cosmetic_66f5651822.html,MELAO Facial Cleanser Exfoliating Gel
/eng/cosmetic_c70a651821.html,BSKM Centella Niacinamide Cleanser
/eng/cosmetic_1e55651819.html,MIUROUS Men Amino Acid Facial Cleanser
/eng/cosmetic_782a651522.html,POREfessional Good Cleanup pore-purifying foaming cleanser
/eng/cosmetic_9140651443.html,CeraVe Psoriasis Cleanser
/eng/cosmetic_15c4651417.html,SCINIC The Simple Mild Foam Cleanser
/eng/cosmetic_958e651391.html,Dr. Idriss SOFT WASH Complete Daily Cleanser
/eng/cosmetic_08ab651383.html,"MEDI-PEEL B5 Phyto Cica-nol B5 AHA BHA Vitamin Calming O2 Deep Cleanser, 150ml"
/eng/cosmetic_9add651354.html,"Dr.Jart+ Pore Remedy Renewing Foam Cleanser, 150ml"
/eng/cosmetic_7f53651244.html,"Celimax Ji Woo Gae Cica BHA Acne Foam Cleanser, 150ml"
/eng/cosmetic_1822651234.html,rhode Pineapple Refresh Daily Cleanser
/eng/cosmetic_1c31651208.html,"Parnell Cicamanu pH Balanced Gel Cleanser, 100ml"
/eng/cosmetic_cb3d651149.html,EIEM Beauty Barrier Cleanser 50 ml
/eng/cosmetic_cb71651137.html,"CureCare Anti-Glycation Purifying Facial Cleanser, 120g"
/eng/cosmetic_8fbb651023.html,Somerville EradiKate\u2122 3% Sulfur Daily Foaming Cleanser
/eng/cosmetic_371b651013.html,Glossier Milky Jelly Cleanser
/eng/cosmetic_4752651010.html,Beekman 1802 Milk Scrub Oat & Goat Milk Exfoliating Cleanser
/eng/cosmetic_5495650999.html,Scora 1% Salicylic Acid Gentle Low pH Cleanser
/eng/cosmetic_dc1c650971.html,SoonJung 5.5 Foam Cleanser (150ml)
/eng/cosmetic_233e650897.html,Tony Moly Aloe cleanser
/eng/cosmetic_d51a650830.html,isana face cleanser gel aha pha
/eng/cosmetic_8604650810.html,"Augustinus Bader(AB) The Body Cleanser, 200ml"
/eng/cosmetic_ab64650754.html,REVUELE Ceramide Hydrating Cleanser
/eng/cosmetic_b3e3650687.html,Jeremy's Facial Cleanser
/eng/cosmetic_015e650666.html,Heveblue Black yuja bean milk cleanser
/eng/cosmetic_df6d650598.html,"Wash with Water 3-in-1 Baby Cleanser, Unscented"
/eng/cosmetic_411a650552.html,Kybo.store Blackhead melt oil cleanser
/eng/cosmetic_d452650532.html,"Cell by Cell Purify C Purifying C Balance Cleanser, 150ml"
/eng/cosmetic_0e95650431.html,CLEAR NOSE Bright Micro Solution Cleanser
/eng/cosmetic_2419650404.html,Natio Aromatherapy Gentle Foaming Facial Cleanser
/eng/cosmetic_2e55650381.html,Ruboril Isis pharma Cleanser
/eng/cosmetic_2511650301.html,By Nature VITAMIN C + COLLAGEN CREAM CLEANSER
/eng/cosmetic_6192650296.html,BYOMA Melting Balm Cleanser
/eng/cosmetic_49c3650164.html,SHEGLAM Radiant By Nature Dry Skin Face Cleanser
/eng/cosmetic_18f0650131.html,invity youth activating cream cleanser
/eng/cosmetic_1e94650022.html,Abib Deep Clean Foam Cleanser Sedum Hyaluron Foam
/eng/cosmetic_66e2650015.html,I dew care Acne foaming cleanser
/eng/cosmetic_7fe6649976.html,Nevia Deep pore cleanser
/eng/cosmetic_b9a2649943.html,Natio Aromatherapy Gentle Foaming Facial Cleanser
/eng/cosmetic_e813649918.html,cerave Foaming Facial Cleanser
/eng/cosmetic_15fd649904.html,cerave foaming cleanser
/eng/cosmetic_e668649889.html,Alaffia Everyday Coconut Face cleanser
/eng/cosmetic_d205649864.html,Mediheal NEW] MEDIHEAL Tea Tree Calming Ampoule Cleanser Special Set (200mL+50mL)
/eng/cosmetic_9c85649794.html,Drank elephant butter cleanser
/eng/cosmetic_b2a6649601.html,SkinPro Acne Clearing Gel Cleanser with Salicylic Acid
/eng/cosmetic_d17a649566.html,Face Reality ULTRA GENTLE GEL CLEANSER
/eng/cosmetic_4b7a649510.html,IZ\u00c9Z\u00c9 Zero Blemish Cleanser
/eng/cosmetic_4d7f649377.html,Minimalist Salicylic Acid + LHA 2% cleanser
/eng/cosmetic_e93c649295.html,BABOR Hy-Ol Cleanser
/eng/cosmetic_6a0d649277.html,"FARMRX Cosmetics Co., Ltd. Super Greens Refreshing Gel Cleanser"
/eng/cosmetic_a85f649254.html,Jumiso Pore-Purifying Salicylic Acid Foaming Cleanser
/eng/cosmetic_5a79649177.html,PH5 cleanser
/eng/cosmetic_e3a9649160.html,soy cleanser
/eng/cosmetic_a04b649117.html,Clarity Rx Return to Calm CBD Cleanser
/eng/cosmetic_f01c649115.html,Juice To Cleanse Less Less Foam Cleanser
/eng/cosmetic_2d88649110.html,EltaMD Oil-In-Gel Cleanser
/eng/cosmetic_ffe8649108.html,cerave Foaming Facial Cleanser
/eng/cosmetic_ee38649017.html,ROC Multi Correxion Revive Glow Gel Cleanser
/eng/cosmetic_7e5f648746.html,Epionce Lytic Gel Cleanser
/eng/cosmetic_a477648620.html,Cosmeheal supershine gentle milk cleanser
/eng/cosmetic_ae92648612.html,ONE THING Houttuynia Cordata Clarifying Facial Cleanser
/eng/cosmetic_8739648519.html,Somerville EradiKate\u2122 Daily Cleanser with Sulfur Acne Treatment
/eng/cosmetic_29e0648474.html,cTILL Hyaluronic Rose Gentle Cleanser\u00a0
/eng/cosmetic_a7d2648457.html,Beauty of Joseon Green Plum Refreshing Cleanser
/eng/cosmetic_b240648169.html,Purito Clear Code Superfruit Cleanser
/eng/cosmetic_c706648167.html,CeraVe Hydrating Cream-to-Foam Cleanser with Amino Acids for Normal to Dry Skin
/eng/cosmetic_c96d648143.html,Revitalift Hyaluronic Acid Gel Cleanser
/eng/cosmetic_3dcb648137.html,Skin Script Honey Brightening Cleanser
/eng/cosmetic_2ebb648113.html,Skin Ceuticals SOOTHING CLEANSER Cleansing Foam
/eng/cosmetic_6b89648078.html,Atom --- Evening Care Deep Cleanser
/eng/cosmetic_db46648057.html,BIOAQUA 7X Ceramide Skin Barrier Repair Moisturize Cleanser
/eng/cosmetic_f7e7648025.html,Aiken Facial cleanser with rice water
/eng/cosmetic_31df647966.html,CeraVe 1 Foaming Cleanser 1 L
/eng/cosmetic_75fd647911.html,ULTRA GENTLE FOAMING CLEANSER 200ml
/eng/cosmetic_5ed1647781.html,Toleriane Purifying Foaming Cleanser $14
/eng/cosmetic_97f4647729.html,Eunyul Daily Care Foam Cleanser - Aloe
/eng/cosmetic_a07e647436.html,Hydro Boost Hydrating Gel Cleanser with Hyaluronic Acid $11
/eng/cosmetic_51f2647371.html,Gentle Cream Cleanser with aloe
/eng/cosmetic_33f8647309.html,Minimalist Salicylic acid cleanser
/eng/cosmetic_10f7647111.html,cerave foaming cleanser for normal to oily skin
/eng/cosmetic_44c0647011.html,Dr Sams Flawless Cleanser \u00a318
/eng/cosmetic_a205646944.html,Blissful beauty Hydrating cleanser
/eng/cosmetic_529f646904.html,Clinelle gentle milk cleanser
/eng/cosmetic_3be1646858.html,FACIAL CLEANSER FOR OILY SKIN 150ML
/eng/cosmetic_d099646855.html,Glow Recipe Avocado Ceramide Moisture Barrier Cleanser
/eng/cosmetic_fa2f646754.html,Laikou Tree Tea Acne Cleanser Oil Control
/eng/cosmetic_0f4e646702.html,Onmacabim Cleanser foam
/eng/cosmetic_fe94646516.html,Image Ageless total facial cleanser
/eng/cosmetic_e4b6646497.html,JUMISO Pore \u200b\u200bPurifying Salicylic Acid Foaming Cleanser
/eng/cosmetic_9ada646470.html,DERCENT \ub354\uc13c\ud2b8 \ud504\ub85c \ub354\ub9c8 \uc57d\uc0b0\uc131 \uc824 \ud074\ub80c\uc800 Pro Derma Low pH Gel Cleanser
/eng/cosmetic_166a646430.html,Somerville ExfoliKate\u00ae Cleanser Daily Foaming Wash
/eng/cosmetic_7c1b646400.html,Natural Derma Project \ub0b4\ucd94\ub7f4\ub354\ub9c8\ud504\ub85c\uc81d\ud2b8 \ubaa8\ub9c1\uac00 \ud584\ud504 \uc57d\uc0b0\uc131 \uc824 \ud074\ub80c\uc800 Moringa Hemp pH Balancing Gel Cleanser
/eng/cosmetic_251d646396.html,Today with \ud22c\ub370\uc774\uc704\ub4dc \uc18c\ud504\ud2b8 \ubaa8\uc774\uc2a4\uccd0 \uc824 \ud074\ub80c\uc800 Soft Moisture Gel Cleanser
/eng/cosmetic_237e646390.html,Face Cleanser Fresh Farmacy
/eng/cosmetic_557b646278.html,Facial Cleanser
/eng/cosmetic_a91f646130.html,CeraVe Hydrating Oil Face Cleanser
/eng/cosmetic_2299645925.html,Skin Active Hydrating Deep Cleanser
/eng/cosmetic_1a26645882.html,BIO ESSENCE BIO-WATER SENSITIVE PH B5 FOAMY CLEANSER
/eng/cosmetic_1a7d645862.html,Anua Foaming Cleanser
/eng/cosmetic_acd0645827.html,ATOMY A.C. Expert Foam Cleanser
/eng/cosmetic_8c98645726.html,L'Or\u00e9al Paris Bright Reveal Spot Fading Serum-in-Cleanser with Niacinamide and Salicylic Acid
/eng/cosmetic_5582645675.html,Bhumi Glacier Water Calming Cleanser
/eng/cosmetic_29bc645671.html,Anne's Apothecary Black Honey Facial Cleanser
/eng/cosmetic_22cf645653.html,ilso \uc77c\uc18c \uc13c\uc11c\ud2f0\ube0c \ubc84\ube14 \ub9b4\ub809\uc2f1 \ud074\ub80c\uc800 Sensitive Bubble Relaxing Cleanser
/eng/cosmetic_5542645544.html,Bio Beauty Lab Glycolic Brightening Cleanser
/eng/cosmetic_5b2c645271.html,Lanbena Acne foaming cleanser
/eng/cosmetic_8335645255.html,Humanrace 7D Retrograde Gel Cleanser
/eng/cosmetic_cd28645191.html,Rohto-Mentholatum Acnes Vitamin Cleanser
/eng/cosmetic_635d645108.html,Gentle Clear Clarifying Blemish Cream Cleanser with 2% Salicylic Acid
/eng/cosmetic_0d0d645077.html,CeraVe Hydrating Foaming Oil Cleanser (For normal to very dry skin)
/eng/cosmetic_0095644932.html,EIEM Beauty Barrier Cleanser
/eng/cosmetic_b618644926.html,Skin deep Cleanser
/eng/cosmetic_9355644925.html,EUNYUL Daily Care Mild Bubble Foam Cleanser \ub370\uc77c\ub9ac\ucf00\uc5b4 \ub9c8\uc77c\ub4dc \ubc84\ube14 \ud3fc\ud074\ub80c\uc800
/eng/cosmetic_dea5644924.html,EUNYUL Daily Care Pure Bubble Foam Cleanser \ub370\uc77c\ub9ac \ucf00\uc5b4 \ud4e8\uc5b4 \ubc84\ube14 \ud3fc \ud074\ub80c\uc800
/eng/cosmetic_33b4644833.html,Thank You Farmer Phyto Relieful Cica Gel Cleanser
/eng/cosmetic_be49644713.html,Cell Fusion C Post Alpha pH-Balancing Gel Cleanser
/eng/cosmetic_e237644688.html,Rice water cleanser
/eng/cosmetic_0941644650.html,It's Skin Tiger Cica Green Chill Down Gel Cleanser
/eng/cosmetic_a20a644593.html,Rhode Cleanser
/eng/cosmetic_ae78644545.html,ISDIN Acniben Purifying Cleanser
/eng/cosmetic_1a8b644489.html,Ellementti Dermocosm\u00e9ticos Detox Cleanser
/eng/cosmetic_f743644392.html,Nuuha Beauty Mugwort Hydra Bright Gentle Daily Foam Cleanser
/eng/cosmetic_c5e4644390.html,"Natural Hydrate and Nourish Facial Cleanser 100 ml (Rice Milk Extract, Vitamin B5) Cosmoderm"
/eng/cosmetic_b211644389.html,"Natural Balance and Treat Facial Cleanser 100 ml (Green Tea Extract, BHA\/Salicylic Acid) Cosmoderm"
/eng/cosmetic_c66f644364.html,By Nature from New Zealand Foaming Cleanser with Hyaluronic Acid + Cica - Hydrating Face Cleanser For Bright and Fresh Skin
/eng/cosmetic_0261644309.html,Safi Ultimate Bright Purify Cleanser
/eng/cosmetic_03bb644306.html,DAMDAM Snow Mushroom Salt Cleanser
/eng/cosmetic_1cb9644286.html,JOYRUQO Amino Acid Facial Cleanser
/eng/cosmetic_4284644263.html,Kayman Beauty Coalberry Cleanser
/eng/cosmetic_8af8644239.html,"HALE HONEY, I DEW GEL CLEANSER"
/eng/cosmetic_5250644184.html,The Raw Hydrating Ceramides Cleanser (140g)
/eng/cosmetic_1646644148.html,Daily Detox with Cannabis Sativa Seed Oil Cleanser
/eng/cosmetic_4207644127.html,Labore Hydrating Face & Body Cleanser
/eng/cosmetic_e1be644111.html,Cream co. Face Cleanser
/eng/cosmetic_6e15644087.html,Tresemme Cleanse & Replenish Shampoo
/eng/cosmetic_dc84644009.html,"Philosophy - purity made simple, one-step facial cleanser"
/eng/cosmetic_f9b3643977.html,SUNGBOON EDITOR Centell Lacto AC Less Clearing Foam Cleanser
/eng/cosmetic_42b5643966.html,Primary skin cleansing oil to milk cleanser
/eng/cosmetic_3b1d643908.html,BIOKEY Gentle Mousse Cleanser
/eng/cosmetic_8ac2643904.html,LANBENA Acne Face Cleanser
/eng/cosmetic_9391643901.html,Pipiqiu 5X Ceramide Low pH Gentle Face Cleanser
/eng/cosmetic_175b643837.html,Aiken Bha Pha Exfoliating Pore Refine Cleanser
/eng/cosmetic_072f643820.html,NATURE'S PALETTE Hydranica Skin Restoring Cleanser
/eng/cosmetic_16f5643764.html,VANICREAM Gentle Facial Cleanser
/eng/cosmetic_1dd8643750.html,annmarie Aloe Herb Cleanser
/eng/cosmetic_87e7643537.html,Dime Glycolic + Salicylic Acid Creamy Foam Cleanser
/eng/cosmetic_7b40643433.html,Tomei Facial Cleanser
/eng/cosmetic_494c643423.html,ROUND LAB Mugwort Calming Cleanser
/eng/cosmetic_fdeb643407.html,JOYRUQO GLORIOUS FACE CLEAR CLEANSER
/eng/cosmetic_5f55643320.html,Oil to foam total cleanser
/eng/cosmetic_a145643293.html,Hoito Oil Based Cleanser Vitamin C Complex & 4 C Cica - Ya\u011f Bazl\u0131 Cilt Ve Makyaj Temizleyici 200ml
/eng/cosmetic_b1d3643097.html,Incellderm SNOW ENZYME CLEANSER EX
/eng/cosmetic_79c0643007.html,Bella Terra Mineral Cosmetics Milky Cleanser
/eng/cosmetic_4695642967.html,MILK Vegan Milk Cleanser gentle face wash
/eng/cosmetic_42b1642909.html,AHC Aqualuronic Hydrating Cleanser
/eng/cosmetic_49b8642904.html,Yeouth Vitamin C Facial Cleanser
/eng/cosmetic_a546642878.html,DRUNK ELEPHANT Slaai Makeup-Melting Butter Cleanser
/eng/cosmetic_2046642819.html,CLEARSTEM VITAMINSCRUB - Antioxidant Infused Scrub Cleanser
/eng/cosmetic_02af642772.html,SHARE Neutrogena\u00ae Hydro Boost\u2122 Cleanser Water Gel
/eng/cosmetic_51fb642708.html,The Cocoon Dak Lak coffee cleanser (Gel r\u1eeda m\u1eb7t c\u00e0 ph\u00ea \u0110\u1eafk L\u1eafk)
/eng/cosmetic_e024642672.html,Eunyul Daily Care Mild Bubble Foam Cleanser
/eng/cosmetic_47db642665.html,artnaturals hyaluronic facial cleanser
/eng/cosmetic_642b642643.html,Cleanser Pure Active Hidratante
/eng/cosmetic_8931642632.html,Chrisma Derma Lab Low PH Pore Care Whip Cleanser
/eng/cosmetic_7640642608.html,Sweet July Skin Pava Exfoliating Cleanser
/eng/cosmetic_3973642606.html,What a skin pure:me foam cleanser
/eng/cosmetic_f999642564.html,Cerave Acne control cleanser
/eng/cosmetic_3786642552.html,Greek Yoghurt Foaming Cream Cleanser
/eng/cosmetic_740e642541.html,Nutritious 2-in-1 Foam Cleanser
/eng/cosmetic_dcd1642415.html,Alias for good skin Glow Honey Gel To Oil Cleanser
/eng/cosmetic_9469642409.html,Beauty Glam BHA + Niacinamide Clarifying Cleanser
/eng/cosmetic_3534642403.html,Colorescience Barrier Pro 1-Step Cleanser
/eng/cosmetic_09fa642371.html,Ultra Facial Cleanser for all skin types
/eng/cosmetic_a5f6642326.html,MaryKay Time wise 4-in-1 Cleanser Combo to Oily
/eng/cosmetic_20f3642270.html,VANICREAM Liquid Cleanser
/eng/cosmetic_6b85642263.html,cleanence acne medicated clearing gel cleanser
/eng/cosmetic_420b642215.html,"Superfruits Coconut Mini Skin Kit (Hydrating face mist, Milky cleanser and deep hydrating moisturiser)"
/eng/cosmetic_95ec642214.html,Extremely Gentle Cleanser
/eng/cosmetic_3c72642145.html,Circadia Micro-Exfoliating  Honey Cleanser
/eng/cosmetic_2fc5642130.html,Skin Food Face Care Nourishing Oil-To-Milk Cleanser
/eng/cosmetic_a9bf642058.html,Bio-essence Bio-Cleanse AHA + BHA Clarifying Cleanser
/eng/cosmetic_24c6642049.html,Off & Relax Purifying Scalp Cleanser
/eng/cosmetic_0026642039.html,Miniso Activated Charcoal Scrub Facial Cleanser
/eng/cosmetic_d339642017.html,Cosrx Gel cleanser
/eng/cosmetic_afbc641989.html,YOU ACNE PLUS LOW PH CALMING CLEANSER
/eng/cosmetic_e205641981.html,Beekman 1802 Milk Wash Exfoliating Jelly Cleanser
/eng/cosmetic_195b641941.html,Bioaqua Salicylic acid acne removal cleanser
/eng/cosmetic_00f0641922.html,Skintific Niacinamide brightening cleanser
/eng/cosmetic_97a2641877.html,Safi SENSITIVE CARE Probiotics & Niacinamide Gel to Foam Cleanser
/eng/cosmetic_a905641800.html,Nusa Holistic Oil cleanser
/eng/cosmetic_7ec4641746.html,Pierpaoli Ekos Mild Liquid Soap \/ Mild Cleanser \/ Detergente Delicato di Mani
/eng/cosmetic_0580641710.html,100% Pure Lavender Oat Milk Soothing Cleanser
/eng/cosmetic_54f5641667.html,Glowlabs Glow Drops! Gentle Facial Cleanser
/eng/cosmetic_3324641634.html,Cleanser
/eng/cosmetic_8a1a641628.html,Solawave Solabiome Hydrating Gel Cleanser
/eng/cosmetic_876c641620.html,Physiogel acne care clearing foam cleanser
/eng/cosmetic_55f2641603.html,Global Beauty Care Hydrating Foaming Facial Cleanser [gel to foam]
/eng/cosmetic_e59c641478.html,Fitglow Beauty Calm Cleanser
/eng/cosmetic_b676641459.html,topexan cleanser for sensitive skin
/eng/cosmetic_f088641419.html,Kahina giving beauty facial cleanser
/eng/cosmetic_e03c641366.html,COSRX Salicylic Acid Daily Gentle Cleanser
/eng/cosmetic_894a641317.html,Senka Perfect Bubble Floral Body Cleanser
/eng/cosmetic_3f62641293.html,MEDYC Essential Daily CLEANSER
/eng/cosmetic_8531641277.html,Ilia Beauty The Cleanser
/eng/cosmetic_a8fb641276.html,Kahina Giving Beauty Oil Cleanser
/eng/cosmetic_a5a8641250.html,Iunik Centella Bubble Foaming Vegan Facial Cleanser
/eng/cosmetic_3ef8641249.html,Lanbelle Deep Pore Cleanser Gel
/eng/cosmetic_76b4641081.html,SOMETHINC Low pH Gentle Jelly Cleanser | 100 ML
/eng/cosmetic_9685641047.html,Peach Slices Acne Clarifying Cleanser
/eng/cosmetic_8a4b640915.html,JUMISO All Day Vitamin Clean & Mild Facial Cleanser
/eng/cosmetic_bbe1640785.html,MEDI-PEEL Pitoscycanol B5 AHA BHA Vitamin Calming O2 Deep Cleanser 150ml
/eng/cosmetic_65ce640768.html,peach slices Oil Control Balancing Cleanser
/eng/cosmetic_d937640551.html,Tombstone The wash salicylic acid cleanser
/eng/cosmetic_90a2640518.html,Moon Juice Milk Cleanse Gentle Foaming Cleanser
/eng/cosmetic_a507640517.html,Marie Veronique Pure + E.O. Free Oil Cleanser
/eng/cosmetic_f020640443.html,Revolve Tea Tree Clear Complexion Cleanser
/eng/cosmetic_1b2f640393.html,Dermaquest Essential Daily Cleanser
/eng/cosmetic_6936640351.html,Optimal Results Hydrating Cleanser
/eng/cosmetic_38bf640290.html,cleanser
/eng/cosmetic_a52c640268.html,"Kaine Rosemary Relief Gel Cleanser, 150ml"
/eng/cosmetic_c510640220.html,FROM THIS ISLAND JAVA BLACK TEA Soothing Gel Cleanser
/eng/cosmetic_2753640214.html,Jetske Ultee Cleanser Normal to Dry Skin
/eng/cosmetic_1484640212.html,Jetske Ultee Cleanser Normal to Oily Skin
/eng/cosmetic_54a1640209.html,Dermaceutic Advanced Cleanser
/eng/cosmetic_df0e640189.html,ESPA  optimal skin procleanser
/eng/cosmetic_b037640075.html,DERMA-E Hydrating Gentle Cleanser with Hyaluronic Acid
/eng/cosmetic_c61f640052.html,Minimalist Aquaporin Booster 05% Cleanser
/eng/cosmetic_4c88640043.html,natio Rosewater Hydration Gentle Cream-Gel Face Cleanser
/eng/cosmetic_432d639905.html,PureHeals Black Tea Kombucha Foaming Cleanser
/eng/cosmetic_9347639903.html,Cicadin Blemish Foaming Cleanser
/eng/cosmetic_dd37639818.html,FIRSTSKIN BRIGHTENING GEL CLEANSER
/eng/cosmetic_df7a639795.html,MizuMi Extra Mild Facial Cleanser
/eng/cosmetic_4438639755.html,"OSL Omega Skin Lab Squalene Cleanser Gel, for sensitive skin, dry to normal"
/eng/cosmetic_f8a3639721.html,gentle skin cleanser
/eng/cosmetic_3cda639716.html,CeraVe Hydrating Cleanser Bar | Soap-Free Body and Facial Cleanser with 5% Moisturizing Cream
/eng/cosmetic_c108639710.html,Eve Taylor Soothing cleanser
/eng/cosmetic_88fd639701.html,Tavi Gel to Oil Cleanser
/eng/cosmetic_02ed639638.html,Alchemist Clinical Skincare P\u016brific\u0101ti\u014d Cleanser
/eng/cosmetic_50ad639635.html,Alchemist Clinical Skincare L\u016bce\u014d Gentle Foaming Cleanser and Lash Bath
/eng/cosmetic_044e639623.html,Rare Earth Deep Pore-Minimizing & Polishing Powder Cleanser
/eng/cosmetic_3692639534.html,Platinum Skin Care AB Foaming Cleanser
/eng/cosmetic_1ea9639450.html,NEULII Jeju Dongbeak Mild Foam Cleanser (120ML)
/eng/cosmetic_14e2639410.html,Naturium Multi Calm Cream Cleanser
/eng/cosmetic_dc70639354.html,Eltraderm Gental Facial Cleanser
/eng/cosmetic_51a0639346.html,Pevonia Gentle Exfoliating Cleanser
/eng/cosmetic_ff19639252.html,San Diego Skincare Coffee Seed Oil Cleanser
/eng/cosmetic_45ce639247.html,Glad2glow Blueberry Ceramide Low pH Gel Cleanser
/eng/cosmetic_878b639212.html,Acure Ultra Hydrating Green Juice Cleanser
/eng/cosmetic_d53b639053.html,Versed The Purist Antioxidant Cleanser
/eng/cosmetic_6be6639007.html,Sensitive Facial Cleanser with Cotton extract
/eng/cosmetic_6463638986.html,Celladix Acne Control Gel Cleanser
/eng/cosmetic_82d4638938.html,OSEA Ocean Cleanser
/eng/cosmetic_9c4b638910.html,The Elements Deep Pore Cleanser
/eng/cosmetic_2982638831.html,Secret Key Snail Repairing Foam Cleanser
/eng/cosmetic_2df8638830.html,SCINIC he Simple Mild Foam Cleanser
/eng/cosmetic_d4af638825.html,This Works Deep Sleep Overnight Cleanser
/eng/cosmetic_2c1f638754.html,Advanced Night Cleansing Gel\u00e9e Cleanser with 15 Amino Acids
/eng/cosmetic_678d638718.html,B_LAB Matcha Hydrating Cleanser
/eng/cosmetic_ad17638716.html,Tia'm Snail & Azulene Low pH Cleanser
/eng/cosmetic_f47b638715.html,SOME BY MI Snail Truecica Miracle Repair Low ph Gel Cleanser
/eng/cosmetic_0b35638582.html,Hanasui Acne Treatment Gentle Cleanser
/eng/cosmetic_3de1638560.html,Toleriane Hydrating Gentle Cleanser
/eng/cosmetic_c113638535.html,Nordora Biopurity cleanser gel
/eng/cosmetic_b6a5638534.html,Rice & Geranium Foaming Cleanser
/eng/cosmetic_6697638509.html,Jenpharm MandelAc cleanser
/eng/cosmetic_c89b638423.html,Mizon Cicaluronic Low pH Cleanser
/eng/cosmetic_7c2c638390.html,mattifying cleanser
/eng/cosmetic_f481638362.html,COSRX Low pH Good Morning Gel Cleanser
/eng/cosmetic_ed91638319.html,Cleanser
/eng/cosmetic_a96f638314.html,COSRX Low pH Good Morning Gel Cleanser
/eng/cosmetic_a684638292.html,Murmure Skin Mellow Mallow: Nourishing Gel Cleanser
/eng/cosmetic_9868638287.html,eyeeco TEA TREE eyelids and facial CLEANSER - GENTLE
/eng/cosmetic_a6b5638261.html,Ornella Clarifying cleanser
/eng/cosmetic_b6ab638171.html,cerave foaming cleanser
/eng/cosmetic_8548638040.html,Bloom Brightening Cleanser Young Living
/eng/cosmetic_b140637935.html,Luma n leaf Hydraglow gel cleanser
/eng/cosmetic_77c9637932.html,Covey First of all Cleanser
/eng/cosmetic_8a10637896.html,Pur Forever clean gentle cleanser
/eng/cosmetic_85a7637830.html,Samarite SUPREME CLEANSER
/eng/cosmetic_ab53637816.html,Dewy glow jam cleanser
/eng/cosmetic_3783637801.html,Three Ships Refresh Papaya + Salicylic Acid Cleanser
/eng/cosmetic_49ff637800.html,Three Ships Purify Aloe + Amino Acid Cleanser
/eng/cosmetic_bbee637784.html,Bio-essence BIO 13 BIO-HA 13 HYALURONIC ACID AMINO ACID HA CLEANSER
/eng/cosmetic_a216637629.html,Fenty Melt Awf Jelly Cleanser
/eng/cosmetic_ac48637525.html,moisturising facial cleanser
/eng/cosmetic_a75a637447.html,Blissful beauty Pakistan Hydrating cleanser
/eng/cosmetic_5af0637295.html,Deep Clean Hydrating Foaming Cleanser 175g
/eng/cosmetic_fbdb637285.html,EX ONE-STEP MAKEUP REMOVER & CLEANSER MOUSSE EX
/eng/cosmetic_4c5d637141.html,Cahaya Naturals Gentle Moisturizing Face Cleanser (Dry & Sensitive Skin) 60ml
/eng/cosmetic_3563637136.html,Barenbliss 10 Elements! Amino Acid Rich Foam Cleanser
/eng/cosmetic_5c71637059.html,Round Lab Pine Tree Soothing Cica Cleanser 150mL
/eng/cosmetic_a158637000.html,Gentle Foaming Facial Cleanser
/eng/cosmetic_0293636969.html,SKINTIFIC Panthenol Gentle Gel Cleanser
/eng/cosmetic_6c25652074.html,EPAIS Essential Eyelash Essential serum
/eng/cosmetic_0e53652069.html,LIYALAN eyelash & eyebrow enhancing serum
/eng/cosmetic_b724652066.html,BREYLEE Eyelash Growth Serum
/eng/cosmetic_a224652063.html,MeiYanQiong Eyelash and Eyebrow Serum
/eng/cosmetic_ccbd652062.html,OEDO Eyelash & Eyebrow Growth Serum
/eng/cosmetic_9c6b652049.html,LANBENA Herbal Skin Scar Serum
/eng/cosmetic_a238652044.html,dermLab RESVERATROL BRIGHTENING SERUM MASK
/eng/cosmetic_13bd652043.html,dermLab CICA REPAIRING SERUM MASK
/eng/cosmetic_2743652041.html,dermLab CERAMIDE HYDRATING SERUM MASK
/eng/cosmetic_71dc652037.html,Cerave Resurfacing Retinol Serum A
/eng/cosmetic_50e8652035.html,ES Hydro Brightening Serum
/eng/cosmetic_eedb652022.html,Findley Vitamine c & hyluronic acid eye serum
/eng/cosmetic_d927652016.html,Advanced Clinicals Puffy Eye Serum
/eng/cosmetic_e808652013.html,Acnes Lab B5 Recovery Serum
/eng/cosmetic_f479652006.html,LANBENA 24k Gold Peptide Eye Serum
/eng/cosmetic_eb75652001.html,MeiYanQiong Collagen Moisturizing Eye Serum
/eng/cosmetic_e83b652000.html,VOVA Tea Tree Super+ Serum
/eng/cosmetic_3404651999.html,BSKM Acne Soothing Serum
/eng/cosmetic_ef1d651998.html,LIYALAN Anti Acne Serum
/eng/cosmetic_6f4d651997.html,BREYLEE Vitamin C Eye Serum
/eng/cosmetic_81ed651996.html,BREYLEE Retinol Eye Serum
/eng/cosmetic_ec27651995.html,BREYLEE Hyaluronic Acid Eye Serum
/eng/cosmetic_4702651994.html,MeiYanQiong Rolling Serum
/eng/cosmetic_c286651993.html,HAMEIEL Caffeine Anti-oxidation Serum
/eng/cosmetic_3c6d651991.html,SADOER Turmeric Anti-oxidation Face Serum
/eng/cosmetic_b0fd651988.html,Fair King Hexapeptide Youth Freeze Serum
/eng/cosmetic_9f58651987.html,Lanbena Pore treatment serum
/eng/cosmetic_9b66651986.html,MeiYanQiong Colligan Delicate Wrinkles Relieving Serum
/eng/cosmetic_52e5651927.html,LIYALAN 24K GOLD CAVIAR SERUM
/eng/cosmetic_b141651925.html,LIYALAN Retinol Serum
/eng/cosmetic_c3b5651924.html,FROMST Vitamin C Serum
/eng/cosmetic_bbb2651923.html,SAUVASINE Dark Knuckle Whitening Serum
/eng/cosmetic_8df3651922.html,SADOER Pomegranate Fresh Brightening Face Serum
/eng/cosmetic_453f651921.html,BSKM Soothing Serum
/eng/cosmetic_e7c9651920.html,BSKM Vitamin C Serum
/eng/cosmetic_ffc8651918.html,LIYALAN Vitamin C serum
/eng/cosmetic_b3d8651900.html,Amaterasun UV Sunscreen Serum SPF 50+ PA+++
/eng/cosmetic_3401651897.html,Newgen Niacinamide y\u00fcz serumu
/eng/cosmetic_5445651883.html,LIYAL\u2019AN Snail serum
/eng/cosmetic_2de7651801.html,Etos Caffeine oogserum
/eng/cosmetic_8233651761.html,Rissa Barrier Booster Serum Rissa Serum
/eng/cosmetic_3cf3651734.html,Papa Recipe Niacinamide Zinc Serum
/eng/cosmetic_2c16651722.html,Fixderma Anti Acne Face Serum
/eng/cosmetic_bacf651721.html,Foxtale Retinol Night Serum 0.15%
/eng/cosmetic_e2c5651705.html,GlyMed plus Pigment brightening serum
/eng/cosmetic_6b72651691.html,Skin Script Advanced Renewal Serum (formally Retinaldehyde Serum with IconicA\u00ae)
/eng/cosmetic_53c8651681.html,Dermomedica Vitamin C + E serum
/eng/cosmetic_42a7651672.html,Mud & Lotus Skincare Vitamin C Serum
/eng/cosmetic_56cd651671.html,Mud & Lotus Skincare Vitamin B Serum
/eng/cosmetic_e1b4651670.html,Mud & Lotus Skincare Vitamin A Serum
/eng/cosmetic_4c40651664.html,Mud & Lotus Skincare Corrective Serum
/eng/cosmetic_d5d3651662.html,"Mud & Lotus Skincare Brightening \""C\"" Serum"
/eng/cosmetic_a0af651653.html,CNP LABORATORY- Hyaluronic Derma Tension Serum
/eng/cosmetic_f24c651630.html,Youth To The People Superfood Skin Drip Smooth + Glow Barrier Serum
/eng/cosmetic_df6a651600.html,ceracode serum acne
/eng/cosmetic_af47651577.html,MCoBeauty MIRACLE HYALURONIC TINTED SERUM
/eng/cosmetic_a510651561.html,srichand super c brightening intense serum
/eng/cosmetic_dc15651545.html,&be Scalp Serum \u30b9\u30ab\u30eb\u30d7\u30bb\u30e9\u30e0
/eng/cosmetic_aa68651510.html,Natural Xtract Bakuchiol Anti- Aging Serum
/eng/cosmetic_5ba2651509.html,Natural Xtract Niacinamide Blemish Serum
/eng/cosmetic_e892651507.html,ONE THING Centella Asiatica Serum
/eng/cosmetic_71d6651499.html,Biov\u00e8ne Barcelona Hydrapower eye roll-on serum
/eng/cosmetic_95e9651497.html,Proper Jack S\u00e9rum Uniformizador 30ml - 10% de Niacinamida
/eng/cosmetic_8e96651456.html,Meditherapy A Clearing Active Panthenol 3% Serum
/eng/cosmetic_6ca7651451.html,Sensilis Pure Age Perfection Cicacne Serum
/eng/cosmetic_be09651423.html,SCINIC Hyaluronic Acid Ampoule Serum
/eng/cosmetic_ac62651414.html,NUMBUZIN No.1 Pantothenic B5 Active Soothing Serum
/eng/cosmetic_7497651352.html,Tan luxe Super Glow Hyaluronic Self-Tan Serum SPF30 (3
/eng/cosmetic_1f86651349.html,Bioage S\u00e9rum Hidratante Bioage Mousse Com Vitamina C - 75ml
/eng/cosmetic_5f78651331.html,EXCIA fair brightening makeup serum
/eng/cosmetic_080c651328.html,Capture Totale Super Potent Serum Foundation
/eng/cosmetic_a8d2651320.html,LE SOIN NOIR SERUM
/eng/cosmetic_ecdd651301.html,Elsheskin Retinol  rejuvenating night serum 2%
/eng/cosmetic_f371651295.html,Resveratrol-lift Instant Firming Serum
/eng/cosmetic_2fbf651293.html,VINOPERFECT BRIGHTENING DARK SPOT SERUM
/eng/cosmetic_c58a651263.html,SKINTIFIC Lactic Acid Renewal Exfoliating Serum
/eng/cosmetic_f8d8651254.html,Anua PEACH 70% NIACINAMIDE SERUM
/eng/cosmetic_925e651252.html,Little Fairy Secret Wish Radiance Serum
/eng/cosmetic_5d42651243.html,BioAqua 7X Ceramide Skin Moisturize Serum Sunscreen SPF 50 PA++++
/eng/cosmetic_eff2651239.html,K-Secret Seoul 1988 Serum: Retinal Liposome 2% + Black Ginseng
/eng/cosmetic_48ac651227.html,cocokind Vitamin C Glow Serum
/eng/cosmetic_2bd2651217.html,"Parnell 92 Cicamanu 92 Serum, 30ml"
/eng/cosmetic_4b15651188.html,"Dr. Meinaier Hyaluronic & Nicotinamide Face & Body Serum, 500ml"
/eng/cosmetic_23aa651183.html,NINE LESS MELA-PRO 5% Tranexamic Acid Serum
/eng/cosmetic_f511651162.html,The Derma co 2% salicylic acid serum
/eng/cosmetic_b515651159.html,Dear me beauty Serum lip tint
/eng/cosmetic_d7e4651134.html,MCHOIX Retinol serum
/eng/cosmetic_50dd651128.html,bareMinerals Skin Rescue Pure Smooth Serum with 5% Niacinamide & Chebula
/eng/cosmetic_dd1a651127.html,bareMinerals Skin Rescue Pure Glow Serum With 10% Vitamin C Complex and Rainbow Seaweed.
/eng/cosmetic_f373651126.html,bareMinerals Skin Rescue Pure Moisture Serum With 1% PGA and Plant Algae
/eng/cosmetic_1980651118.html,MOODY Hydro Burst Lip Plumping Serum
/eng/cosmetic_f835651104.html,BEAUETHIX Gentle Acne Care Serum
/eng/cosmetic_9131651093.html,The Mom's Co. Natural 10% Vitamin C Face Serum
/eng/cosmetic_ee36651072.html,VOVA Dark Spot Corrector Serum
/eng/cosmetic_2195651071.html,Lantome Glutathione white serum
/eng/cosmetic_fa9b651069.html,BSKM Retinol Serum
/eng/cosmetic_7008651068.html,VOVA Retionl serum + VE HA
/eng/cosmetic_46ef651066.html,Beauty of Joseon Glow Deep Serum: Rice + Alpha-Arbutin
/eng/cosmetic_ccbc651064.html,LIYALAN Vitamin C serum
/eng/cosmetic_7f46651060.html,By The Way (Your Hair Looks Fabulous) Silicone Free Serum
/eng/cosmetic_c3c7651052.html,Advanced brightening serum
/eng/cosmetic_6eed651027.html,cantabria labs Endocare\u00ae C Ferulic  Serum SCA 10
/eng/cosmetic_4db9651021.html,"Elastalift Antioxidant Brightening Facial Serum, Vitamin C + Turmeric Oil"
/eng/cosmetic_f417651020.html,Brightening Booster Serum With Vitamin C
/eng/cosmetic_c9c5651015.html,Glossier Super Bounce Hyaluronic acid + vitamin b5 serum (NEW FORMULA)
/eng/cosmetic_1899651006.html,BSKM HYALURONINC ACID SERUM
/eng/cosmetic_8fa7651005.html,LIYALAN 24k gold serum
/eng/cosmetic_4c81651003.html,BSKM Smoothing Serum
/eng/cosmetic_c532650976.html,Moist Serum Shampoo
/eng/cosmetic_c959650929.html,Methode SWISS THERMAL MINERAL INFUSING SERUM
/eng/cosmetic_aed8650921.html,ISNTREE HYPER RETINOL EX1.0 SERUM 20ml
/eng/cosmetic_feab650908.html,Cyr\u00e9ne skincare Retinol 0.05 serum
/eng/cosmetic_d4d0650884.html,Skin1004 Huyalu-cica water-fit sun serum
/eng/cosmetic_8d63650859.html,Advanced Night Repair Serum Synchronized Multi-Recovery Complex $125
/eng/cosmetic_2106650845.html,Dr.Jart BRIGHTAMIN BRIGHTENING SERUM WITH NIACINAMIDE AND VITAMIN C
/eng/cosmetic_3a94650803.html,TRI-RETINOID INTENSIVE REVITALIZING SERUM
/eng/cosmetic_2dbf650798.html,GLUTALIGHT C INTENSIVE BRIGHTENING SERUM
/eng/cosmetic_77a5650759.html,REVUELE Niacinamide 15% Serum
/eng/cosmetic_d868650736.html,Soothys SOS serum
/eng/cosmetic_fe2e650700.html,Ziaja serum soothing B5 Serum
/eng/cosmetic_948e650696.html,Novaclear Redless serum
/eng/cosmetic_1fb0650693.html,Jill Stuart Illuminating Serum Primer SPF20\/ PA++
/eng/cosmetic_fb18650676.html,Somethinc Mandelic Acid Mild Exfoliating Serum
/eng/cosmetic_357d650660.html,Depology PEPTIDE COMPLEX 10% ARGIRELINE\u2122 PEPTIDE SERUM
/eng/cosmetic_4a7b650657.html,ROVECTIN VITA DARK SPOT SERUM 30ML
/eng/cosmetic_15c7650634.html,Shea Butter Bi-Phase Serum
/eng/cosmetic_f358650607.html,Calecim Professional Serum
/eng/cosmetic_332b650600.html,Activist Skincare Active Hydration Vitamin C + Antioxidant Serum (MAP)
/eng/cosmetic_e522650595.html,Hyper Skin Hyper Even Brightening Dark Spot Vitamin C Serum (15% ELAA)
/eng/cosmetic_3677650577.html,Lavish Care Hydro boost serum
/eng/cosmetic_acb6650574.html,CottonSpin Vitamin C Serum
/eng/cosmetic_0492650564.html,Maelove PEPTIDE SQUAD COLLAGEN RENEWAL SERUM
/eng/cosmetic_a7d8650541.html,"Cell by Cell Azulene Complex Serum, 50ml"
/eng/cosmetic_b211650530.html,"Cell by Cell Rejuver Rejuver Complex Serum, 50ml"
/eng/cosmetic_e1c7650387.html,Tower 28 SOS Serum
/eng/cosmetic_8905650384.html,Volition Beauty Snow Mushroom Water Serum
/eng/cosmetic_aa99650369.html,Koreaco g\u00fcne\u015f serumu 50 spf
/eng/cosmetic_a8e7650327.html,Dewytree Miracle Hyaluron Serum
/eng/cosmetic_d6b5650318.html,PLANTSCRIPTION\u2122 Multi-Powered Youth Serum
/eng/cosmetic_e42f650317.html,Mega-Mushroom Dark Spot Corrector Serum $86
/eng/cosmetic_3dcf650311.html,soothing & comforting serum
/eng/cosmetic_58fe650310.html,Perfectionist [CP+R] Wrinkle Lifting\/Firming Serum $128
/eng/cosmetic_d896650270.html,SKINFIX Triple Lipid-Hyaluronate Serum $50
/eng/cosmetic_e364650268.html,SKINFIX Triple Lipid+Collagen Activating Serum $69
/eng/cosmetic_6180650225.html,Beausta Cicarecipe serum cushion
/eng/cosmetic_f4d5650206.html,"Essence Hello, Good Stuff! Pore Minimizing Serum"
/eng/cosmetic_6662650197.html,Ciele tint & PROTECT SPF 50+ tinted serum foundation
/eng/cosmetic_3519650186.html,Osmand Saint Osmond Saint Signature Marine Collagen Hydrating Serum
/eng/cosmetic_adcd650166.html,PR 526 - S\u00e9rum Facial Acido Hialur\u00f4nico Puro
/eng/cosmetic_980d650158.html,KAINE Rosemary AHA Night Serum
/eng/cosmetic_0772650157.html,KAMINOMOTO Accelerator Eyelash Serum Novus
/eng/cosmetic_7bc0650151.html,Clover by Clove + Hallow H2Glow+ Hydrating Serum
/eng/cosmetic_0f6d650148.html,Acido hialur\u00f3nico serum good molecules
/eng/cosmetic_a17b650119.html,LiftActiv C15 Brightening Serum
/eng/cosmetic_ab26650095.html,SkinMedica Acne Clarifying Treatment Serum\u00a0
/eng/cosmetic_0121650094.html,MAELYS FLAUNT-IT Intense Peptide Serum
/eng/cosmetic_44c1650061.html,d'Alba piedmont first spray serum
/eng/cosmetic_f351650054.html,Vitamin C Green Tea Enzyme Brightening Serum
/eng/cosmetic_43a7650047.html,"Theramid Serum anti-aging 22% multi-peptide, 30ml"
/eng/cosmetic_94ee650044.html,Dark spot serum
/eng/cosmetic_1e1f650042.html,e.l.f. Youth Boosting Advanced Night Retinoid Serum
/eng/cosmetic_b40f650025.html,Formularx Renaissance Gentle Retinol Complex Serum
/eng/cosmetic_c397650013.html,Ph.Doctor serum z glutationem
/eng/cosmetic_316c650003.html,A Retinol B3 Serum
/eng/cosmetic_6641649983.html,Serum lipid
/eng/cosmetic_e363649977.html,Bright Beauty serum day cream SPF30
/eng/cosmetic_3a96649960.html,Marina Glow Ready Liquid Serum Foundation SPF 15 PA+++
/eng/cosmetic_79ae649899.html,Serum MELU p\u00eassego
/eng/cosmetic_7ada649850.html,FACEMANIA BIOALOE cream face serum
/eng/cosmetic_062a649832.html,MELA B3 INTENSE ANTI-DARK SPOT SERUM
/eng/cosmetic_f4c7649831.html,BRIGHT REVEAL Niacinamide Dark Spot Serum
/eng/cosmetic_8b5f649830.html,Maruderm C Vitamini ve Peptid Ayd\u0131nlat\u0131c\u0131 Cilt Bak\u0131m Serumu 30 ML
/eng/cosmetic_4caa649814.html,Bright reveal niacinamide dark spot serum Loreal
/eng/cosmetic_9626649791.html,SKIN1004 Hyalu-Cica Water-Fit Sun Serum SPF50+ PA++++
/eng/cosmetic_154e649789.html,Elsheskin Radiant advance serum
/eng/cosmetic_4b5d649761.html,Dr. Idriss THE DEPUFFER Roll-On Serum
/eng/cosmetic_6609649759.html,Dr. Idriss MAJOR FADE Hyper Serum
/eng/cosmetic_8e4a649758.html,Elvital Glycolic Gloss Softening and Shine Boosting Leave-In Serum 150ml
/eng/cosmetic_6056649757.html,Elvital Bond Repair Serum 150ml
/eng/cosmetic_4307649737.html,ADVANCED G\u00c9NIFIQUE LIGHT-PEARL EYE SERUM
/eng/cosmetic_0ebc649727.html,RoC Multi Correxion Revive + Glow Daily Serum
/eng/cosmetic_a542649724.html,Dr. Jart BRIGHTENING SERUM Ampoule
/eng/cosmetic_5744649714.html,Dr.SYUWAN Micro bubble VC serum
/eng/cosmetic_71d7649702.html,MEDIHEAL N.M.F Intensive Hydrating Serum
/eng/cosmetic_168f649701.html,GLOW HUB Serum Barrier Builder 30ml
/eng/cosmetic_6acc649685.html,Dam Dam tokyo MATCHA BOOST Eye Serum
/eng/cosmetic_cb80649682.html,Grown Alchemist Age-Repair Serum Peptide
/eng/cosmetic_006d649669.html,Intral Inner Youth Rescue serum
/eng/cosmetic_65b8649666.html,Intral Soothing & Fortifying Intensive Serum
/eng/cosmetic_827d649640.html,Ren\u00e9 Furterer Triphasic Reactional Concentrated Serum
/eng/cosmetic_9410649638.html,Balea Hautrein serum for the face
/eng/cosmetic_b41f649637.html,MoMaMi Glowing Mama Stretch Mark Serum (Indonesia)
/eng/cosmetic_501f649636.html,Ciara Liquid Serum For Stretch Marks (Indonesia)
/eng/cosmetic_aeff649635.html,Mama's Choice Stretch Mark Serum (Indonesia)
/eng/cosmetic_9cac649623.html,Pilgrim Retinol & Hyaluronic Acid LIFT & FIRM SERUM
/eng/cosmetic_0fc7649611.html,Prequel REDNESS REFORM SOOTHING SERUM
/eng/cosmetic_e572649562.html,replenix age restore bio-repair serum
/eng/cosmetic_5db5649546.html,My Label Serum tonificante
/eng/cosmetic_3d18649536.html,"Nacomi Fix it up serum for the face Niacinamide 15%, 30\u00a0g"
/eng/cosmetic_9829649520.html,Advanced brightening serum
/eng/cosmetic_fbda649488.html,scalp solutions overnight scalp renewal serum
/eng/cosmetic_ec5c649487.html,Beplain Mung Bean Pore Tight-Up Serum
/eng/cosmetic_c9d6649485.html,Beplain Vita C Watermelon Serum
/eng/cosmetic_9623649452.html,The Ordinary Multi-Peptide Serum for Hair Density 30ml
/eng/cosmetic_3bdb649440.html,MBR cell power vital serum
/eng/cosmetic_79a1649424.html,Alive Lab Houttuynia Cordata Hush Serum 150ml
/eng/cosmetic_c5dd649401.html,Undefined NEW 2024 R&R Sun Serum
/eng/cosmetic_b3a3649393.html,Anua Niacinamide 10% + TXA 4% Dark Spot Correcting Serum
/eng/cosmetic_0046649384.html,FYNE Hyaluron Peptide Plumping and Restoring Serum
/eng/cosmetic_b298649379.html,Fermentation Booster Serum
/eng/cosmetic_f131649359.html,Green Tea Seed Hyaluronic Serum
/eng/cosmetic_8301649348.html,L'OR\u00c9AL PARiS Serum Age Perfect Anti Altersflecken
/eng/cosmetic_53c2649347.html,L'OR\u00c9AL Age Perfect Rose \u00d6l Serum \u20ac20
/eng/cosmetic_d3e3649345.html,L'OR\u00c9AL PARiS Serum Bright Reveal Niacinamid
/eng/cosmetic_2d5c649342.html,Pur Ceretin Boost Age Defying Retinol Serum
/eng/cosmetic_1fe8649340.html,10% PURE VITAMIN C SERUM (C10
/eng/cosmetic_4c02649339.html,RETINOL B3 PURE RETINOL SERUM (A 0.29% retinol+2% niacinamide)
/eng/cosmetic_ff14649320.html,Ultra Sheer moisturizing face serum sunscreen 60+
/eng/cosmetic_6ad7649311.html,Wardah Uv shield essential gel sunscreen serum spf35
/eng/cosmetic_69cd649283.html,"FARMRX Cosmetics Co., Ltd. Bakuchiol Serum"
/eng/cosmetic_f3ba649276.html,Advanced Clinicals Vitamin C Anti-aging Serum
/eng/cosmetic_b767649269.html,Black Pine 3D Eye-Lift Super Serum
/eng/cosmetic_895c649250.html,Odacite EYE CONTOUR BA+S SERUM CONCENTRATE WITH ROLLERBALL
/eng/cosmetic_e15e649248.html,Susanne Kaufmann Eye Rescue Serum
/eng/cosmetic_530b649222.html,Jan Marini C-ESTA Serum $114
/eng/cosmetic_efac649199.html,cocokind Postbiotic Acne Serum
/eng/cosmetic_0061649195.html,Image Ormedic Balancing Antioxidant Serum
/eng/cosmetic_8bf5649191.html,Topicals Faded Brightening and Clearing Serum
/eng/cosmetic_35f8649190.html,Incellderm Serum Ex
/eng/cosmetic_62cc649183.html,Abib Jericho Rose Bifida Serum Firming Drop
/eng/cosmetic_2636649146.html,BIO BALANCE Super serum PUR RETINOL 0.3% and Vitamin E 2%
/eng/cosmetic_d9fa649121.html,Lash Sensational Sky High Boosting Serum
/eng/cosmetic_d1dd649098.html,Ariul Watermelon glow serum
/eng/cosmetic_6b99649092.html,COOLA Sunless Tan Anti-Aging Face Serum
/eng/cosmetic_83c3649058.html,Skinly Moisturising serum
/eng/cosmetic_001f649038.html,Rohto Mentholatum Dermacept C25 Serum
/eng/cosmetic_9a92649016.html,Jouviance Anti-Age HA 1.5% Plumping anti-aging serum
/eng/cosmetic_e239649012.html,Grounded 20% vitamin c serum hyaluronic acid facial serum
/eng/cosmetic_b853649009.html,Grounded Egyptian gold retinol serum hyaluronic acid facial serum
/eng/cosmetic_4a66648976.html,Pacifica Scalp Love Rosemary Mint Serum
/eng/cosmetic_fb5d648972.html,Scalp + Hair Therapy Fullness Restore Scalp Serum
/eng/cosmetic_c6d4648961.html,Roc RETINOL CORREXION\u00ae Line Smoothing Daily Serum
/eng/cosmetic_6cf2648960.html,RoC Retinol Correxion Deep Wrinkle Serum
/eng/cosmetic_cc8d648953.html,RoC Multi Correxion Revive + Glow Daily Serum
/eng/cosmetic_00a0648949.html,Pura D'or 20% Vitamin C Serum
/eng/cosmetic_86b7648948.html,Bliss Bright Idea Vitamin C + Tri-Peptide Brightening Serum
/eng/cosmetic_ebaf648943.html,Anua Peach 70 Niacin Serum Mask
/eng/cosmetic_ad9a648930.html,Medicube DEEP A Deep Reviving Bakuchiol Retinol Serum
/eng/cosmetic_4492648929.html,Medicube Age-R Glutathione Glow Serum
/eng/cosmetic_226e648922.html,Medicube Age-R Collagen Booster Gel Serum
/eng/cosmetic_cbe5648919.html,Urban Skin Rx After Breakout Fade + Clarify Serum
/eng/cosmetic_969c648912.html,Vital Perfection LiftDefine Radiance Serum \uffe517600
/eng/cosmetic_fc69648908.html,"PRINCIPIA S\u00e9rum Principia Retinol 0,3% + Vitamina E RN-0,3 30ml"
/eng/cosmetic_94e7648904.html,PHARMADEX TRI-MOLECULAR HYALURONIC ACID SERUM_HIGH MOLECULAR HYALURONIC ACID SERUM
/eng/cosmetic_08b8648903.html,PHARMADEX TRI-MEOLECULAR HYALURONIC ACID SERUM_MEDIUM MOLECULAR HYALURONIC ACID SERUM
/eng/cosmetic_4cd1648902.html,PHARMADEX TRI-MOLECULAR HYALURONIC ACID SERUM_LOW MOLECULAR HYALURONIC ACID SERUM
/eng/cosmetic_7b4a648895.html,Cellbycell Azulene Complex Serum
/eng/cosmetic_9f32648885.html,Gosiv Hyal\u00fcronik Asit Serumu
/eng/cosmetic_9f7a648883.html,Gosiv C Vitamini Serum
/eng/cosmetic_5351648882.html,Gosiv Leke Kar\u015f\u0131t\u0131 Serumu
/eng/cosmetic_40f7648879.html,Advanced Clinicals 5% Niacinamide Serum
/eng/cosmetic_02ed648867.html,HYDRANCE BOOST SERUM
/eng/cosmetic_de59648820.html,Balance Me Bakuchiol smoothing serum
/eng/cosmetic_1c63648813.html,Herbal Recovery Bi-Phase Serum
/eng/cosmetic_e939648809.html,The Ordinary Multi-Peptide Lash and Brow Serum \u2022 5ml
/eng/cosmetic_287a648801.html,Re-Nutriv Ultimate Diamond Transformative Brilliance Eye Serum $195
/eng/cosmetic_ae5a648790.html,COSRX Face serum
/eng/cosmetic_ef89648769.html,MZ Skin The Calming Rescue Serum
/eng/cosmetic_ce39648738.html,Rohto Skinaqua Nexta Shield Serum UV Essence SPF50+\/PA++++
/eng/cosmetic_42de648705.html,Liz Earle Superskin\u2122 Advanced Firming Serum-in-Moisturiser (New)
/eng/cosmetic_6202648686.html,ATOMY ABSOLUTE SERUM ATOMY
/eng/cosmetic_3bfd648636.html,Timeless SKIN CARE COENZYME Q10 SERUM Q10
/eng/cosmetic_2a2f648635.html,UL\u00c9 OH LA PLUMP QUENCHING SERUM
/eng/cosmetic_aa19648632.html,MELAB3 SERUM: INTENSE ANTI-DARK SPOT SERUM FOR HYPERPIGMENTATION
/eng/cosmetic_3497648621.html,Dado Sens Sensacea intensive serum \u20ac25
/eng/cosmetic_b4f4648619.html,Tulus Niacinamide serum
/eng/cosmetic_7e1b648570.html,The Lifting Eye Serum
/eng/cosmetic_dba7648545.html,Cellular Expert Lift Serum \u20ac20
/eng/cosmetic_d8b0648497.html,Echos Line Seliar Karbon 9 Charcoal Crystal serum
/eng/cosmetic_debd648480.html,cCTILL OMNIPOTENCE Brightening & Tightening Radiant Eye Serum
/eng/cosmetic_7cae648479.html,McCTILL OMNIPOTENCE\u00a0 \u00a0Ultra Restorative Radiant Serum
/eng/cosmetic_162f648459.html,Serum Body Wash - Ultra Sensitive
/eng/cosmetic_cd77648456.html,ilso Super Melting Serum Softener
/eng/cosmetic_0d40648429.html,Lupure Vitamin C 15% Face Serum with Ferulic Acid
/eng/cosmetic_0c67648428.html,Lupure Vitamin C 15% Face Serum with Ferulic Acid
/eng/cosmetic_1378648415.html,LE LIFT S\u00c9RUM (3.5-DA
/eng/cosmetic_1b59648412.html,LE BLANC S\u00c9RUM HEALTHY LIGHT CREATOR
/eng/cosmetic_b2c2648400.html,Post-Acne Mark Correcting Serum
/eng/cosmetic_abaa648370.html,Votary Night Star Serum Meta Active Complex 3-9-12
/eng/cosmetic_8a93648340.html,Remedies Sensitive Restore & Smooth Serum
/eng/cosmetic_21e5648334.html,THE NEW LIFTING FIRMING SERUM
/eng/cosmetic_4abf648332.html,The Regenerating Serum
/eng/cosmetic_4650648279.html,Pai Fade Forward Dark Spot Serum
/eng/cosmetic_b9f9648278.html,VIRTUE Damage Reverse Serum
/eng/cosmetic_6270648266.html,NUMBUZIN No.5 Vitamin Concentrated Serum
/eng/cosmetic_c9a3648233.html,Cosmetic Skin Solutions Supreme Olive Serum
/eng/cosmetic_0387648222.html,Dr. Barbara Sturm LIFTING SERUM
/eng/cosmetic_1793648209.html,Better Screen\u2122 UV Serum SPF 50+ Facial Sunscreen with Collagen Peptide
/eng/cosmetic_93fe648158.html,Cocokind Ceramide Barrier Nourishing Daily Serum
/eng/cosmetic_0062648119.html,Creightons Salicylic Acid Intense Serum 2% Salicylic (30ml)
/eng/cosmetic_5fb6652075.html,ROUND LAB 1025 DOKDO Toner
/eng/cosmetic_137e652025.html,Pipiqu 5% Centella Acne Calming Essence Toner + Tranexamic Acid
/eng/cosmetic_159e651980.html,FACE REPUBLIC Vita Glow Niacin Toner
/eng/cosmetic_b6f7651975.html,Face Republic AHA\/BHA Toner
/eng/cosmetic_82ab651868.html,LANBENA ACNE TREATMENT TONER
/eng/cosmetic_8a47651856.html,SAUASINE Turmeric Facial Toner
/eng/cosmetic_d238651855.html,GIRLPAL Helichrysum Toner
/eng/cosmetic_62e5651854.html,OEDO Rose Peptide Nourish Clear Toner
/eng/cosmetic_cb80651715.html,Plum rice water & Niacinamide Toner
/eng/cosmetic_dd0a651712.html,Holifrog Microflora toner
/eng/cosmetic_5a5c651699.html,LANBENA ACNE TREATMENT TONER
/eng/cosmetic_c75f651502.html,Dermacos Dermapure energizing smoothing toner
/eng/cosmetic_c5e5651419.html,SCINIC The Simple Calming Toner
/eng/cosmetic_138e651393.html,cosmegen salicylic acid toner
/eng/cosmetic_e2cc651186.html,Wardah Toner hydrarose petal
/eng/cosmetic_d14f651185.html,Azarine Hydrating toner
/eng/cosmetic_37fe651139.html,EIEM BEAUTY Calm & Soothing Toner 100ml
/eng/cosmetic_384f651136.html,"dear, Klairs Supple Preparation Unscented Toner"
/eng/cosmetic_87f9650948.html,Milaganics Toner with Chamomile and AHA
/eng/cosmetic_9dcd650821.html,Bolden Brightening Glycolic Acid Toner
/eng/cosmetic_fa90650783.html,The Originote Cica-B5 Soothing Essence Toner
/eng/cosmetic_5a6a650652.html,Rovectin Cica Care Purifying Toner 260ml
/eng/cosmetic_8de3650562.html,avant Proactive Mandelic Acid Restoring & Anti-Pollution Toner
/eng/cosmetic_08ac650403.html,Kaine Kombu Balancing Ampoule Toner (150ml)
/eng/cosmetic_a6fd650397.html,Thayer\u2019s 2% AHA Toner
/eng/cosmetic_6365650323.html,Soon Jung Cica Relief Toner (200ml)
/eng/cosmetic_b6b3650230.html,TN Dickinsons Witch Hazel Moisturising Toner
/eng/cosmetic_e0a2650218.html,Tonique Confort Hydrating Toner with Hyaluronic Acid
/eng/cosmetic_fd75650153.html,Pyunkang Yul Essence Toner
/eng/cosmetic_1b01650019.html,iUNIK Vitamin Hyaluronic Acid Vitalizing Toner
/eng/cosmetic_7802649959.html,Jeuvenile Hyaluronic Acid Moisturizing Toner Aqua
/eng/cosmetic_a89c649821.html,TRIMAY Lacto Houttuynia Madeca Calming Toner
/eng/cosmetic_dcf3649671.html,NPURE Acne Face Toner Centella Asiatica (Cica Series) New Formula
/eng/cosmetic_5fda649668.html,NPURE Acne Face Toner Centella Asiatica (Cica Series) New Formula
/eng/cosmetic_25e3649535.html,May Coop Raw Cream Skin Toner
/eng/cosmetic_1af2649501.html,LABODRE BALANCING TONER MIST
/eng/cosmetic_be2b649284.html,Farm Rx Pineapple Plus Instant Glow Toner
/eng/cosmetic_e125649245.html,Dr. Althea Cica Skin Calming Toner
/eng/cosmetic_ee54649189.html,Cocokind Rosewater Facial Toner
/eng/cosmetic_5643649139.html,Nacific Hyal booster toner
/eng/cosmetic_f394649090.html,Dime SUPER SKIN TONER
/eng/cosmetic_157b648894.html,Cellbycell Azulene Soothing Toner
/eng/cosmetic_9683648751.html,INTOFACE 10X Ceramide Barrier Up Moisturizer Toner (115ml)
/eng/cosmetic_d8d0648692.html,BIOAQUA 7X Ceramide Skin Barrier Repair Moisturize Toner
/eng/cosmetic_6c57648500.html,Fraijour Retin-Collagen 3D Core Toner
/eng/cosmetic_24ea648492.html,Pomegranate & Immortelle Anti-ageing Toner
/eng/cosmetic_d4bc648432.html,Essentials Acne Toner
/eng/cosmetic_9408648369.html,T\u00f4nico Hidratante para o rosto Bioage Bio-Hidrat Toner - 120ml
/eng/cosmetic_d626648264.html,numbuzin No. 4 Pore Zero Peeled Egg Toner Pad
/eng/cosmetic_79f8647947.html,HYGGEE Own Vegan Calming Toner (250ml)
/eng/cosmetic_377e647799.html,The Lab Oligo Hyaluronic Acid 5000 Toner (200ml)
/eng/cosmetic_9e11647760.html,Revox B77 Just Retinol Rejuvenating Toner
/eng/cosmetic_bb23647709.html,belif Stress shooter cica soothing toner 200mL belif 200ml
/eng/cosmetic_8575647531.html,Glytone Rejuvenating Mini Peel Gel
/eng/cosmetic_e67a647530.html,Glytone Rejuvenating Lotion 15
/eng/cosmetic_8ebf647342.html,PURITO \ud4e8\ub9ac\ud1a0 \uc6d0\ub354 \ub9b4\ub9ac\ud504 \uc13c\ud154\ub77c \ud1a0\ub108 \uc5b8\uc13c\ud2f0\ub4dc Wonder Releaf Centella Toner Unscented
/eng/cosmetic_20e6647332.html,Beauty  Bay 5% NIACINAMIDE + VITAMIN C TONER
/eng/cosmetic_798f647166.html,Mixsoon Master Soft Toner
/eng/cosmetic_ed5e647119.html,DERMA FACTORY houttuynia cordata 84% toner pad
/eng/cosmetic_89fc647071.html,BYOMA Hydrating Milky Toner
/eng/cosmetic_7093646879.html,NARD Ceramide Repair Toner (500ml)
/eng/cosmetic_3604646877.html,NARD Deep Moisture Pore Toner (500ML)
/eng/cosmetic_b4bc646769.html,The Creme Shop Hello Kitty Pure Cure Strawberry Milk Toner
/eng/cosmetic_6115646709.html,ONmacabim NR \u2013 LOTION TONER 250 ml
/eng/cosmetic_d054646659.html,NUMBUZIN No.5+ Vitamin Boosting Essential Toner
/eng/cosmetic_cd04646618.html,HEIMISH \ufffcMatcha Biome Redness Relief Hydrating Toner
/eng/cosmetic_2b26646554.html,biome ceramide face toner
/eng/cosmetic_076c646522.html,MIZON Hyalugen Water Toner
/eng/cosmetic_977e646474.html,DERCENT \ub354\uc13c\ud2b8 \ub098\uc774\uc544\uc2e0\uc544\ub9c8\uc774\ub4dc 5\ud37c\uc13c\ud2b8 \ud2b8\ub77c\ub125\uc0ac\ubbf9\uc560\uc528\ub4dc 2\ud37c\uc13c\ud2b8 \ud1a0\ub108 Niacinamide 5% + Tranexamic Acid 2% Toner
/eng/cosmetic_3036646398.html,Natural Derma Project \ub0b4\ucd94\ub7f4\ub354\ub9c8\ud504\ub85c\uc81d\ud2b8 \uadf8\ub9b0 \ucf00\uc774\ud37c \ud1a0\ub108 \uc5d0\uc13c\uc2a4 Green Caper Toner Essence
/eng/cosmetic_0242646379.html,SAUVAGE TONER LOTION
/eng/cosmetic_470b646195.html,THANK YOU FARMER - BaKuVita Treatment Toner
/eng/cosmetic_c0ef646111.html,Rahua SCALP & SKIN TONER
/eng/cosmetic_b532646110.html,Rahua SCALP & SKIN TONER
/eng/cosmetic_3663646072.html,VEGREEN Wild Yam Extract Mucin Essence Toner
/eng/cosmetic_6a4f645998.html,isntree toner
/eng/cosmetic_8110645910.html,Directions White Toner
/eng/cosmetic_3591645904.html,Philip Kingsley Density Stimulating Scalp Toner
/eng/cosmetic_4e5b645873.html,FLASKIN \ud50c\ub77c\uc2a4\ud0a8 \ud558\uc580\uc300 \ud6a8\uc18c\ud544 \ub2e8\ubc31\uc9c8 \ud1a0\ub108 Rice Enzyme Protein Toner
/eng/cosmetic_ee43645835.html,Atomy A.C. Expert Toner
/eng/cosmetic_ffe7645750.html,PUREFORET \ud4e8\uc5b4\ud3ec\ub808 \uc57d\uc0b0\uc131 \uc218\ubd84\ucc44\uc6c0 \ud788\uc54c\ub8e8\ub860\uc0b0 \ub300\uc6a9\ub7c9 \uc2a4\ud0a8 \ud1a0\ub108 Ultra Hydrating Hyaluronic Acid Toner
/eng/cosmetic_f046645708.html,Torriden Ultra Moisture Essence Toner
/eng/cosmetic_4a1d645702.html,Emina Bright Stuff Face Toner formula 2023
/eng/cosmetic_70a2645672.html,Andalou Naturals 1000 Roses Biome Balancing Toner
/eng/cosmetic_e53b645660.html,About Me \uc5b4\ubc14\uc6c3\ubbf8 \uc232 \uc9c4\uc815 \uc218\ubd84 \ud1a0\ub108 SOOP Calming Aqua Toner
/eng/cosmetic_741b645656.html,ilso \uc77c\uc18c \ub370\uc77c\ub9ac \ubaa8\uc774\uc2a4\ucc98 \ubc84\ube14 \ud1a0\ub108 Daily Moisture Bubble Toner
/eng/cosmetic_1d75645582.html,urbanand \uc5b4\ubc18\uc564 \ud035 \ud1a0\ub108 Quick Toner
/eng/cosmetic_fc8f645548.html,Evolcare Toner
/eng/cosmetic_1e22645418.html,Klairs Supple Preparation Unscented Toner
/eng/cosmetic_32ce645404.html,Barr Cosmetics Cera Intensive Barrier Toner
/eng/cosmetic_b1bc645318.html,EIEM BEAUTY Calm & Soothing Toner 100ml
/eng/cosmetic_128b645202.html,Puca Pure&Care Tea Tree OiL Toner
/eng/cosmetic_8d56645193.html,FIRST AID BEAUTY Oil-Minimizing Toner with Salicylic Acid
/eng/cosmetic_fcd2645161.html,COSRX AHA\/BHA Clarifying Treatment Toner
/eng/cosmetic_4ec4644990.html,Anua Peach 77% Naiacin Essence Toner 250ml
/eng/cosmetic_a331644987.html,Apolosophy Face Hydrating Toner Oparfymerad 200 ml
/eng/cosmetic_4fee644981.html,Apolosophy Pro-Age Ros\u00e9 Cleansing Toner 200 ml
/eng/cosmetic_efaf644921.html,Ilso Daily Moisture Bubble Toner
/eng/cosmetic_1378644822.html,Balea Beauty Expert Glow toner Vitamin C + Panthenol
/eng/cosmetic_589f644780.html,I'm From Rice Toner
/eng/cosmetic_10c8644672.html,Dermorepubliq Toner Alpha Arbutin + Tranexamic Acid
/eng/cosmetic_7dd0644626.html,numbuzin No.3 Super Glowing Essence Toner
/eng/cosmetic_2587644599.html,Derma Factory BE:ZERO Mild Toner
/eng/cosmetic_24b4644591.html,WELLAGE Real Hyaluronic 100 Toner
/eng/cosmetic_c133644562.html,THINKCO schizandra soothing calming toner
/eng/cosmetic_5e88644548.html,celimax Cica BHA Blemish Toner Pad
/eng/cosmetic_9ec3644547.html,Mediheal Watermide Toner Pad
/eng/cosmetic_3517644404.html,Faberlic Omegahit face toner
/eng/cosmetic_82af644348.html,Biobeautylab Blemish and pore clearing toner
/eng/cosmetic_9b97644285.html,JOYRUQO Fermented Balanced Skin Calming Essence Toner
/eng/cosmetic_3679644277.html,Kayman Beauty Hyalumelon Mist Toner
/eng/cosmetic_2914644199.html,ADDEFFECT Propolis Plus Toner (50ml)
/eng/cosmetic_dd34644145.html,Village 11 Factory N Skin Formula Toner - Besleyici & G\u00fc\u00e7lendirici Tonik
/eng/cosmetic_6815643985.html,SUNGBOON EDITOR Green Tomato Pore Lifting Ampoule Toner
/eng/cosmetic_b778643951.html,Cream Skin Refillable Toner & Moisturizer with Ceramides and Peptides
/eng/cosmetic_a411643887.html,Moody 7D Hydro Burst Hydrating Face Mist & Essence Toner with Hyaluronic Acid Vitamin B5 & Rice Water for Hydrated & Plumped Skin
/eng/cosmetic_cf57643723.html,MA:NYO Blackhead & Pore Toner
/eng/cosmetic_3ff3643716.html,Vegan by Happy Skin Original Skin Essence Toner
/eng/cosmetic_bf6a643588.html,Maruderm Hair Repair Toner | Onar\u0131c\u0131 Sa\u00e7 Bak\u0131m Toni\u011fi 200 ML | Y\u0131pranm\u0131\u015f Zay\u0131f Sa\u00e7lar
/eng/cosmetic_8eae643587.html,Maruderm Anti-Dandruff Hair Toner | Kepe\u011fe Kar\u015f\u0131 Etkili Sa\u00e7 Toni\u011fi 200 ML | Normal\/Ya\u011fl\u0131 Sa\u00e7lar
/eng/cosmetic_b211643586.html,Maruderm Anti - Hair Loss Toner | Biotin & Kafein D\u00f6k\u00fclme Kar\u015f\u0131t\u0131 Sa\u00e7 Toni\u011fi Sa\u011fl\u0131kl\u0131 Uzamaya Yard\u0131mc\u0131 200 ML
/eng/cosmetic_6ac1643578.html,NEXTBEAU Wish Planner Cica Toner 200ml
/eng/cosmetic_50bf643577.html,NEXTBEAU Wish Planner AHA\/ BHA Peeling Toner (200ml)
/eng/cosmetic_8841643576.html,NEXTBEAU Collagen Solution Intensive Toner (310ml)
/eng/cosmetic_26ec643575.html,NATURIE Hatomugi Skin Conditioner Lotion\/ Toner (500ml) [New Formula]
/eng/cosmetic_4d74643497.html,Glow Recipe Watermelon Glow PHA + BHA Pore-Tight Toner
/eng/cosmetic_b2dc643482.html,Nuface Acne Prone Care Toner
/eng/cosmetic_cf21643416.html,MEDIHEAL THE N.M.F AQUA TONER
/eng/cosmetic_30c0643380.html,The Purest Solutions Exfoliating And Clarifying Toner Glycolic Acid %5 AHA+BHA
/eng/cosmetic_88b2643349.html,Nirvana botanics Glow Facial Toner (for Open Pores)
/eng/cosmetic_af10643317.html,PRETTYSKIN Multi Hydra B5 Calming & Repairing Toner
/eng/cosmetic_69ac643251.html,catrice glow skin renewal toner 100ml
/eng/cosmetic_776e643250.html,Catrice peeling toner
/eng/cosmetic_d2c4643223.html,ROUND LAB 1025 DOKDO Toner
/eng/cosmetic_1e17643203.html,sungboon editor Green Tomato Pore Lifting Ampoule Toner
/eng/cosmetic_1551643101.html,Incellderm RADIANSOME 100 MICROFLUIDIZER ESSENTIAL TONER 100
/eng/cosmetic_5fc9643022.html,New Me AgelessLift Essence Toner
/eng/cosmetic_e36b643008.html,Bella Terra Mineral Cosmetics Pore Refining Toner
/eng/cosmetic_f509642814.html,Glow2OH 7% AHA Exfoliating Dark Spot Toner
/eng/cosmetic_0920642605.html,The Natural Ritualist Clarifying Toner
/eng/cosmetic_2e48642589.html,NEXTBEAU Wish Planner Cica Toner 200ml
/eng/cosmetic_8d66642588.html,VT COSMETICS CICA Skin toner 510ml
/eng/cosmetic_4307642501.html,"Delia Cosmetics Soothing Face Toner (Chamomile, khark cane, arnica)"
/eng/cosmetic_11b1642500.html,LUFT AHA Purifying Toner
/eng/cosmetic_5e8b642343.html,Coni super moisturizing hyaluronic acid toner
/eng/cosmetic_9821642338.html,CHER Anti Acne Toner
/eng/cosmetic_1dd4642205.html,Boscia Resurfacing Treatment Toner with Apple Cider Vinegar
/eng/cosmetic_3852642169.html,blissfull beauty brightening vitamin c toner
/eng/cosmetic_771a642119.html,Make P:rem Inteca Soothing Toner
/eng/cosmetic_31b2642056.html,Doctors Madecell Derma Repair B5 Toner 280ml
/eng/cosmetic_5117642032.html,Joah Heal Me Cica Toner Pads
/eng/cosmetic_b4c4642025.html,Sensimin Protective Toner
/eng/cosmetic_d99e641706.html,ILDONG FIRSTLAB PROBIOTIC FACIAL TONER SET
/eng/cosmetic_8fd2641675.html,UMA Absolute Anti Aging Aloe Rise Toner
/eng/cosmetic_5670641661.html,Eaoron hyaluronic toner
/eng/cosmetic_fe61641587.html,Suiskin Seed to Toner
/eng/cosmetic_3d2c641562.html,ABIB Heartleaf Calming Toner (200ML)
/eng/cosmetic_8ded641457.html,LUDEYA Lifting power infusing toner
/eng/cosmetic_7233641424.html,FACEO B5 Hydrating Toner
/eng/cosmetic_ce79641390.html,Triumph & Disaster Logic Toner
/eng/cosmetic_cfc1641286.html,IsNtree Hyaluronic Acid Toner
/eng/cosmetic_259a641268.html,Benton Heartleaf Toner
/eng/cosmetic_d89a641213.html,COSRX Full Fit Propolis Synergy Toner
/eng/cosmetic_91bb641210.html,ONE THING Cica Ceramide Toner
/eng/cosmetic_01e2641205.html,Dear Me Beauty Skin Barrier Toner Essence
/eng/cosmetic_e6c8641017.html,AHC Hyaluronic Dewy Radiance Toner 100ml
/eng/cosmetic_360b640991.html,"Numbuzin Super Glowing Essence Toner, No. 3, 6.76 fl oz (200 ml)"
/eng/cosmetic_f529640969.html,Gentle Hour Exfoliating Toner BRIGHTER DAYS (150ml)
/eng/cosmetic_0be6640924.html,nacific fresh herb origin toner
/eng/cosmetic_d3af640916.html,I'm From Rice Toner
/eng/cosmetic_607a640914.html,cos.kim 2% 8D Hyaluronic Acid Complex Toner 250 ml
/eng/cosmetic_3a38640913.html,cos.kim 2% BHA\/Rosa Hydrosol Toner 250 ml
/eng/cosmetic_8a7f640908.html,Skin401 Salicylic Acid BHA Clarify Toner 200 ml
/eng/cosmetic_3133640850.html,Azarine Polypeptide Fresh Vitality Toner
/eng/cosmetic_8b0e640794.html,Anua Heartleaf 77% Soothing Toner 250ml
/eng/cosmetic_3cbf640755.html,AZARINE Daily Beginner Exfoliating Toner
/eng/cosmetic_ea30640706.html,AZARINE MOISTURE RICH HYDRATING TONER
/eng/cosmetic_2f74640696.html,NUMBER eI8ht Hydrating & Smoothing Toner Pad
/eng/cosmetic_2ed3640447.html,natural made charcoal pore toner pad
/eng/cosmetic_43c5640397.html,Bellame Charcoal 3-in1 Toner
/eng/cosmetic_5460640336.html,AZARINE Mild Purifying Toner
/eng/cosmetic_c9c1640303.html,"Kaine Kombu Balancing Ampoule Toner, 150ml"
/eng/cosmetic_14e1640207.html,Green Tea Hyaluronic Acid Toner
/eng/cosmetic_2809640163.html,Foodmate Toner Foodmate
/eng/cosmetic_37c9639911.html,Insfree Green tea toner
/eng/cosmetic_55b6639906.html,Bioaqua Rice Ra Pulp - Toner
/eng/cosmetic_c71e639874.html,COSRX AHA\/BHA Clarifying Treatment Toner
/eng/cosmetic_c1f6639854.html,"balea Toner Beauty Expert Hydration, 100 ml"
/eng/cosmetic_8b51639813.html,FIRSTSKIN SKIN REFINING TONER
/eng/cosmetic_ee92639751.html,YOU Radiance Glow Toner Essence
/eng/cosmetic_bd7e639726.html,Numbuzin No.5+ Niacinamide Concentrated Toner Pad
/eng/cosmetic_b3ed639617.html,Essenso Skin toner Lavender water
/eng/cosmetic_a8a2639548.html,Too Cool For School Blue-Green Algae Boosting Toner
/eng/cosmetic_3156639535.html,IsNtree Hyaluronic Acid Toner
/eng/cosmetic_a337639511.html,URBAN VEDA SOOTHING HYDRATING TONER
/eng/cosmetic_415f639497.html,numbuzin No.3 Super Glowing Essence Toner
/eng/cosmetic_15ad639433.html,Neulii Jeju Camellia Moisture Toner
/eng/cosmetic_4f8b639161.html,THE ORIGINOTE B5 SOOTHING TONER
/eng/cosmetic_f6a8639110.html,Dr rashel 24k gold radiance&anti aging essence toner
/eng/cosmetic_d5d6639105.html,Cream Skin Cerapeptide Toner & Moisturizer
/eng/cosmetic_18bb638998.html,PRETTY WELL 2% PHA BHA GENTLE EXFOLIATING TONER
/eng/cosmetic_0c21638958.html,HydroPeptide Pre-Treatment Toner: Balance & Brighten
/eng/cosmetic_ce05638949.html,UIQ Biome Barrier Toner
/eng/cosmetic_dc20638819.html,I'm From Rice Toner
/eng/cosmetic_7333638795.html,Abib Rebalancing toner
/eng/cosmetic_c99a638694.html,B.LAB Matcha Hydrating Facial Toner
/eng/cosmetic_3ba3638473.html,IsNtree Hyaluronic Acid Toner
/eng/cosmetic_e6eb638436.html,It's SKIN Collatoning Toner
/eng/cosmetic_da67638432.html,The Originote Ceraluronic Essence Toner
/eng/cosmetic_c1fa638382.html,Glad2glow Soothing toner
/eng/cosmetic_ed17638358.html,Anua Heartleaf 77% Smoothing Toner
/eng/cosmetic_1243638313.html,dewha Cica Rejuvenating Toner
/eng/cosmetic_9e84638191.html,RESIST Advanced Replenishing Toner
/eng/cosmetic_5603638168.html,MOLVANY Artichoke Soothing Toner Pad
/eng/cosmetic_9048638124.html,Secret Key Witch-hazel Pore Clear Toner
/eng/cosmetic_d380638093.html,Dr.Barbara Sturm - Balancing Toner
/eng/cosmetic_47bc637963.html,Emina Ms. Pimple Acne Solution Exfoliating Toner
/eng/cosmetic_fd30637955.html,Anua - Peach 77 Niacin Essence Toner
/eng/cosmetic_137c637902.html,ADVANCED LIGHT-PERFECTING TONER
/eng/cosmetic_1a7c637628.html,Sukin Rose hydrating mist toner
/eng/cosmetic_8420637594.html,Luxe Organix Aqua Lock Toner
/eng/cosmetic_36d0637498.html,Emina Ms. Pimple Acne Solution Face Toner
/eng/cosmetic_4ef6637366.html,PESTLO The Brightest Re-Bright Toner Serum
/eng/cosmetic_0b50637292.html,Neulii Jeju Dongbeak Moisture Toner
/eng/cosmetic_87b1637291.html,Skin1004 Madagascar Centella Probio-Cica Essence Toner
/eng/cosmetic_016f637290.html,Skin1004 Madagascar Centella Probio-Cica Essence Toner
/eng/cosmetic_47ab637289.html,Barr Centella Calming Ampoule Toner
/eng/cosmetic_4d7a637277.html,E HYDRATING TONER
/eng/cosmetic_d65f637183.html,Glad2Glow Propolis 5% Hyaluronic Acid Barrier Essence Toner
/eng/cosmetic_4803637181.html,SKINTIFIC 4D Hyaluronic Acid (HA) Barrier Essence Toner
/eng/cosmetic_1299636974.html,SKINTIFIC Pure Centella Acne Calming Toner
/eng/cosmetic_56e7636929.html,SKIN1004 Madagascar Centella Hyalu-Cica Brightening Toner | 30 ML \/ 1.01 FL.OZ
/eng/cosmetic_a9a8636788.html,Smooti Skin Watermelon Dew Toner Mist
/eng/cosmetic_f721636754.html,Resilience Lift Platinum Reviving Toner
/eng/cosmetic_d5d0636672.html,BYOMA Brightening Toner
/eng/cosmetic_67b0636510.html,Skin1004 Madagascar Centella Probio-Cica Essence Toner
/eng/cosmetic_c5ba636370.html,Skin Need Light Toner
/eng/cosmetic_beee636368.html,Skin Need Deep Toner
/eng/cosmetic_4184636365.html,Skin Need Just Toner
/eng/cosmetic_639f636354.html,Mediheal Watermide Toner Pads
/eng/cosmetic_ba10636283.html,ISNTREE KYALUONIC ACID TONER PLUS
/eng/cosmetic_6a77636282.html,IsNtree Hyaluronic Acid Toner
/eng/cosmetic_aa36636268.html,vvbetter AHA Boosting Toner
/eng/cosmetic_601e635629.html,Some By Mi Beta Panthenol Toner
/eng/cosmetic_68bd635492.html,Plum 3% Niacinamide Toner With Rice Water - Vitamin B3 With Japanese Fermented Rice Water
/eng/cosmetic_9d3b635460.html,Benton Deep Green Tea Toner 150ml
/eng/cosmetic_c716635364.html,cream co. daily toner
/eng/cosmetic_63d3635310.html,Genosys Snow booster toner
/eng/cosmetic_10e4635135.html,Medi-Peel Meso Collagen Toner
/eng/cosmetic_3c84635120.html,mixsoon H.C.T. Toner
/eng/cosmetic_028f634998.html,fascy lab Anti-Sebum Cica Toner 200ML
/eng/cosmetic_0f4f634973.html,BB BB Amino 8% CICA 100ml 8% CICA REPAIRING ESSENCE TONER
/eng/cosmetic_01db634621.html,Skreen - Green Skincare in Reusable Bottle Rose Deep Hydrating Toner
/eng/cosmetic_866e634536.html,Patyka \u041f\u0430\u0442\u0438\u043a\u0430 \u0423\u0441\u043f\u043e\u043a\u0430\u0438\u0432\u0430\u044e\u0449\u0438\u0439 \u043c\u043e\u043b\u043e\u0447\u043d\u044b\u0439 \u0442\u043e\u043d\u0438\u043a Soothing Milky Toner
/eng/cosmetic_2cce634452.html,Milaganics Witch Hazel Toner
/eng/cosmetic_8f72634344.html,cream co. daily toner
/eng/cosmetic_c97e634183.html,Synergy Therm Exfoliate Toner
/eng/cosmetic_d452634102.html,ALIVE:LAB Sweet Rice Firming Toner
/eng/cosmetic_994c634101.html,ALIVE:LAB Injin Mugwort Calming Toner
/eng/cosmetic_3ebd634099.html,ALIVE:LAB Green Tangerine Brightening Toner
/eng/cosmetic_bdf8634021.html,TKLAB 3% Tranexamic acid Whitening Toner 100ml
/eng/cosmetic_83b5634012.html,TKLAB Hyaluronic Acid Soothing Hydration Toner 100ml
/eng/cosmetic_2850633950.html,Intensive Hydrating Essence Toner Light
/eng/cosmetic_10a6633947.html,HYALUCMPLX INTENSIVE HYDRATING ESSENCE TONER
/eng/cosmetic_6ce7633818.html,Wild Rose AHA Toner
/eng/cosmetic_4010633817.html,Purifying Palmarosa Toner
/eng/cosmetic_768f633781.html,Kikumasamune Sake High Moisture Skin Lotion Toner
/eng/cosmetic_70bf633549.html,LaVie Naturelle Rose Activating Toner
/eng/cosmetic_3aeb633534.html,\u0422\u043e\u043d\u0435\u0440 \u0441 \u044d\u043a\u0441\u0442\u0440\u0430\u043a\u0442\u043e\u043c \u0440\u0438\u0441\u0430 BioAqua Rice Raw Pulp Toner
/eng/cosmetic_0584633427.html,Elemis Rehydrating Ginseng Toner
/eng/cosmetic_f5e9633417.html,SWISSVITA Acne Skin Balancing Toner
/eng/cosmetic_32e9633403.html,murad environmental shield toner
/eng/cosmetic_f262633323.html,RESIST Advanced Replenishing Toner Skin Remodeling Complex
/eng/cosmetic_7a5c633313.html,SNP Peptaronic Toner
/eng/cosmetic_5589633287.html,AHC AHC PEONY BRIGHT CLEARING TONER
/eng/cosmetic_ec49633263.html,Cos de BAHA Peptide Complex Facial Toner with Matrixyl 3000 & Argireline for Face\/Neck
/eng/cosmetic_fb30633223.html,Fendy Rose toner
/eng/cosmetic_7a1f633095.html,GOOD MOLECULES Niacinamide Brightening Toner
/eng/cosmetic_09d6633093.html,Soon Jung pH5.5 Relief Toner 200ml (New Version)
/eng/cosmetic_5c8e633012.html,Plant therapy Rose & Witch Hazel Facial Toner
/eng/cosmetic_1f62632953.html,Miraculum Asta.Plankton C Revitalizing Face Toner C 200ml
/eng/cosmetic_2d3b632950.html,MIRACULUM BAKUCHIOL botanique R\u00c9TINO ANTI-AGE REJUVENATING FACE TONER 200ml
/eng/cosmetic_11bc632935.html,Kayman Beauty Hyalumelon Mist Toner
/eng/cosmetic_6915632781.html,ONE THING Cica Ceramide Toner
/eng/cosmetic_3b8b632525.html,Beauty Vault Premium Rejuvenating Toner
/eng/cosmetic_8c6a632441.html,Without Skin Care Toner
/eng/cosmetic_e835632437.html,Argital Allergen free violet invigorating toner
/eng/cosmetic_dd16632399.html,DEW OF THE GODS Ultratonic Watermelon Extract Toner
/eng/cosmetic_516d632381.html,\ufffcNPURE Toner Licorice \/ Milky Spotlight \/ Brightening Toner \/ Toner Wajah Cerah Glowing \/ Fine Mist \/
/eng/cosmetic_a9af632379.html,"\ufffcMoriganic Exfosure Face Toner With AHA, BHA, Mugwort and Backuchiol - (Exfoliator Toner) - 100 ml"
/eng/cosmetic_5d67632372.html,Revolution Skin 2% Salicylic Acid Liquid Exfoliant Toner
/eng/cosmetic_776a632314.html,CREAM CO. BHA\/PHA Niacinamide Toner (NT 200 ML)
/eng/cosmetic_b7c0632295.html,Ziaja Vegan manuka tree purifying astringent face toner
/eng/cosmetic_0e65632066.html,Avoskin Toner Your Skin Bae Marine Collagen
/eng/cosmetic_71df632065.html,Npure Noni probiotics Toner
/eng/cosmetic_e3cd632018.html,NEULII Jeju Dongbaek Moisture Toner
/eng/cosmetic_46eb632014.html,Face Republic Hydro Balance Toner Solution
/eng/cosmetic_9dc9652039.html,Roe powder mineral sunscreen
/eng/cosmetic_0d2a652031.html,Anessa Perfect UV Sunscreen Mild Milk UV SPF50 PA++++
/eng/cosmetic_8e64652019.html,"Equate Beauty All Day Moisturizing Sunscreen Lotion for Normal Skin, Broad Spectrum SPF 15, 6 Fl oz"
/eng/cosmetic_aea9652005.html,HADA LABO GOKUJYUN PHYSICAL SUNSCREEN CREAM SPF 50+ PA++++
/eng/cosmetic_3cec651787.html,Banana Boat SPORT 360 COVERAGE SUNSCREEN MIST SPF 50+
/eng/cosmetic_b819651786.html,Sun Bum Original SPF 45 Sunscreen Face Mist
/eng/cosmetic_b07d651777.html,"SunScoop Even Tone Sunscreen SPF 50, PA ++++"
/eng/cosmetic_8b16651776.html,"SunScoop Glow Sunscreen SPF 60, PA +++"
/eng/cosmetic_9c2a651735.html,SunScoop Hydrating Face & Body Fluid Sunscreen Spray | SPF 60 PA++++
/eng/cosmetic_6e0e651732.html,Deconstruct Face Gel Sunscreen SPF 55+ & PA+++
/eng/cosmetic_3aa5651731.html,"Sunscoop Oil-Control Gel Sunscreen | SPF 50+, PA++++"
/eng/cosmetic_7dc3651729.html,"Deconstruct Tinted Mineral Sunscreen SPF 55+, PA++++"
/eng/cosmetic_7dcc651728.html,SunScoop Glow Even Tone Sunscreen SPF 50 PA++++ | Tinted Foundation-Like Finish
/eng/cosmetic_5b88651719.html,Cosrx Ultra-Light Invisible Sunscreen
/eng/cosmetic_fdf6651716.html,SunScoop Hydrating Fluid Sunscreen (For Body)
/eng/cosmetic_6636651698.html,The face Hydrating sunscreen
/eng/cosmetic_839d651642.html,Clear Skin SPF 50 Face Sunscreen for acne prone oily skin
/eng/cosmetic_e6d2651641.html,ANTHELIOS MINERAL ZINC OXIDE SUNSCREEN SPF 50
/eng/cosmetic_ef82651635.html,Clear Daily Soothing UV Defense Sunscreen SPF 50
/eng/cosmetic_87cc651574.html,Incellderm Aqua Protection Sunscreen SPF 50+
/eng/cosmetic_6639651553.html,Blue Lizard Kids Mineral Sunscreen Stick
/eng/cosmetic_4c0f651539.html,Amaterasun Transparent sunscreen moisturizer spf 43 pa+++
/eng/cosmetic_40f7651503.html,Purito Daily Go-To Sunscreen
/eng/cosmetic_1acf651477.html,HEALTHY SKIN LAB PROTECT TINTED MOISTURIZER & MINERAL SUNSCREEN SPF 50
/eng/cosmetic_8a06651442.html,EIEM Beauty Natural Sunscreen 50 mL
/eng/cosmetic_2bfa651378.html,Vshell Clear and moist sunscreen spray
/eng/cosmetic_33c8651326.html,Sunscreen Canmake 02 SPF50+ PA++++
/eng/cosmetic_b1a2651300.html,Sunplay Ultra protection Sunscreen spray SPF 50+ pa++++
/eng/cosmetic_79b1651193.html,Amaterasun Physical sunscreen spf 50+
/eng/cosmetic_389b651129.html,Little Fairy Secret Wish Radiance Sunscreen SPF 50 PA++++
/eng/cosmetic_5f07651124.html,Epidermique Episoleil Clarifying Sunscreen SPF 45
/eng/cosmetic_d6a9651043.html,CINERE HIGH PROTECTION MATTE FINISH SUNSCREEN CREAM SPF 50+ FOR OILY SKIN - 50ML
/eng/cosmetic_bcc8651038.html,Dr schAtz Sunscreen cream spf 50 PA+++
/eng/cosmetic_f758651022.html,"Jergens Natural Glow Face Moisturizer Fair To Medium Tone, Self Tanner, Daily Face Sunscreen - SPF 20"
/eng/cosmetic_7837650995.html,Bzu Bzu Sunscreen Lotion
/eng/cosmetic_7410650878.html,TATCHA THE SILK SUNSCREEN SPF50 $64
/eng/cosmetic_8d14650877.html,TATCHA THE SILK SUNSCREEN SPF50 $64
/eng/cosmetic_94f4650876.html,TATCHA SILKEN SUNSCREEN SPF35
/eng/cosmetic_1775650872.html,TATCHA THE SILK SUNSCREEN SPF50
/eng/cosmetic_4ebe650861.html,Just Skin Tinted Moisturizer Sunscreen Broad Spectrum SPF 15
/eng/cosmetic_3d36650819.html,Beauty pie Traceless Mineral Broad Spectrum SPF 30 Sunscreen + Primer
/eng/cosmetic_a7d9650791.html,Barrier Protect Mineral Sunscreen SPF 30
/eng/cosmetic_a6b9650788.html,Anessa ANESSA MINERAL UV SUNSCREEN MILD GEL SPF35 PA+++
/eng/cosmetic_711e650780.html,uv active poreless sunscreen spf50+
/eng/cosmetic_b8f8650763.html,ANTHELIOS MINERAL ZINC OXIDE SUNSCREEN SPF 50
/eng/cosmetic_b4ef650721.html,Babyton natural cosmetics Sport Sunscreen 30 spf
/eng/cosmetic_1214650709.html,SunScoop Mineral Sunscreen
/eng/cosmetic_d97c650698.html,Dot & Key Watermelon cooling sunscreen
/eng/cosmetic_fc6a650548.html,Hawaiian Tropic Skin Defense Sunscreen Lotion SPF 30
/eng/cosmetic_8597650547.html,Banana boat Protection and Vitamins Sunscreen SPF 30
/eng/cosmetic_ee3f650533.html,Coppertone Complete Face Sunscreen SPF 45
/eng/cosmetic_9718650479.html,SKINTIFIC Aqua Light Daily Sunscreen
/eng/cosmetic_910a650466.html,THE FACE Hydrating Sunscreen SPF 35 PA++++
/eng/cosmetic_fc7d650383.html,Possible SunSolution sunscreen
/eng/cosmetic_11d8650360.html,SOMETHINC Copy Paste Tinted Sunscreen  SPF 40 PA++++ Perle 10ml (Mya)
/eng/cosmetic_0aaf650298.html,SCARLETT Ultra Light Daily Sunscreen SPF 50+ PA++++ 50ml (Mya)
/eng/cosmetic_24fb650276.html,Y.O.U YOU SUNBRELLA Airy Outdoor Sunscreen Spray SPF 50 PA++++
/eng/cosmetic_49b8650258.html,Purito Daily soft touch sun screen 50 sfp
/eng/cosmetic_09c2650255.html,Number Ei8ht UV Physical Tone Up Sunscreen Essence spf50+ pa++++
/eng/cosmetic_f0cf650232.html,Sun Bum Daily Body 50 SPF Sunscreen
/eng/cosmetic_f993650198.html,Cell Fusion C Laser UV Sunscreen SPF50+ PA+++
/eng/cosmetic_06be650142.html,Daily UV Defense Mineral Sunscreen Broad Spectrum SPF 45
/eng/cosmetic_7e04650134.html,THE ORIGINOTE Niaceramide Sunscreen Mist SPF 50 PA++++ (Mya)
/eng/cosmetic_1fa4650118.html,Anessa Mineral UV Sunscreen Mild Gel SPF35 PA+++ (For Sensitive Skin & Babies) 90ml
/eng/cosmetic_008e650087.html,Lanbelle Fresh Up Soothing and Cooling Sunscreen
/eng/cosmetic_94c1650011.html,DERMACEPT RX ACNE SUNSCREEN (SPF 47)
/eng/cosmetic_b722649970.html,Blue Lizard Sensitive Mineral Sunscreen Spray SPF 50+
/eng/cosmetic_8c85649937.html,Minimalist SPF 50 Sunscreen Stick
/eng/cosmetic_4b18649936.html,Quench Bravocado SPF 50+ PA++++ Sunscreen Gel | Korean Skin care
/eng/cosmetic_cf7a649911.html,Pipette Mineral Sunscreen Stick SPF 50
/eng/cosmetic_c878649903.html,New Zealand Cancer Society Sunscreen SPF50
/eng/cosmetic_6992649900.html,Trader Joe\u2019s TRADER JOE'S DAILY FACIAL SUNSCREEN BROAD SPECTRUM SPF 40
/eng/cosmetic_f92e649885.html,Bab\u00e9 Laboratorios Super Fluid Sunscreen Hyaluronic Acid SPF 50
/eng/cosmetic_94ed649884.html,Babe Super Fluid Mattifying Sunscreen SPF 50
/eng/cosmetic_998f649870.html,Advanced Hydration SPF 50 Sunscreen
/eng/cosmetic_569e649779.html,Cay Skin Mo'Bay Mineral Sunscreen Drops SPF 30
/eng/cosmetic_c647649775.html,NATURALLY SERIOUS Mineral Sun Defense Moisturizer Broad Spectrum Sunscreen SPF 30
/eng/cosmetic_9049649769.html,Invisible Finish Daily Mineral Sunscreen Cream SPF 30
/eng/cosmetic_8851649705.html,Luxe Organix Aqua Daily Sunscreen SPF50+ PA*** UVA\/UVB Protection 50ml
/eng/cosmetic_4bc3649700.html,Anessa Perfect UV Sunscreen Sensitive Skin Mild Milk
/eng/cosmetic_42be649699.html,CeraVE Hydrating Mineral Sunscreen SPF 50 Face Lotion
/eng/cosmetic_f816649698.html,Cerave Hydrating Mineral Sunscreen SPF 30 Face Sheer Tint
/eng/cosmetic_99ca649697.html,Sheer Mineral Sunscreen Stick Broad Spectrum SPF 50
/eng/cosmetic_d1e3649696.html,Sheer Mineral Sunscreen Broad Spectrum SPF 50 Cetaphil
/eng/cosmetic_54d3649694.html,UV Aqua Rich SPF 50 Moisturizing Sunscreen Biore
/eng/cosmetic_c9f0649568.html,Luxcrime ultra fine sunscreen spray SPF 50 PA+++
/eng/cosmetic_35b3649565.html,ThermaSun Mineral Zinc Facial Sunscreen SPF50
/eng/cosmetic_0c7f649564.html,Zinc Five-0 Baby Mineral Sunscreen SPF50
/eng/cosmetic_a51b649563.html,Zinc Five-0 Kids Mineral Sunscreen SPF50
/eng/cosmetic_1c7f649552.html,Zinc Five-0 Mineral Face and Body Sunscreen SPF 50
/eng/cosmetic_c1c5649525.html,maru derm pink tone up sunscreen
/eng/cosmetic_5f40649478.html,Supergoop Mineral Unseen Sunscreen SPF 40
/eng/cosmetic_0655649403.html,Elta MD UV AOX Elements SPF 50 Tinted Mineral Face Sunscreen
/eng/cosmetic_191f649383.html,"Sheer Mineral Sunscreen, SPF 50"
/eng/cosmetic_1825649381.html,"Officina Naturae ONSUN Sunscreen SPF 30, 75 ml"
/eng/cosmetic_3115649312.html,UV MATTE BRIGHTENING SUNSCREEN SPF50+ PA+++ 30ML
/eng/cosmetic_f5f4649217.html,MISTINE pro ULTRA PROTECTION CLEAR&LIGHT SUNSCREEN MILK SPF50+ PA++++
/eng/cosmetic_74b9649182.html,Celimax \u0421\u0435\u0431\u043e\u0440\u0435\u0433\u0443\u043b\u0438\u0440\u0443\u044e\u0449\u0438\u0439 \u043b\u0451\u0433\u043a\u0438\u0439 \u0441\u043e\u043b\u043d\u0446\u0435\u0437\u0430\u0449\u0438\u0442\u043d\u044b\u0439 \u043a\u0440\u0435\u043c Celimax Oil Control Light Sunscreen SPF50+PA++++
/eng/cosmetic_31cd649171.html,EVY Sunscreen mousse SPF 50
/eng/cosmetic_dff2649046.html,Thinkbaby Safe Sunscreen SPF 50+
/eng/cosmetic_9ecb649042.html,invity youth activating invisible mineral sunscreen
/eng/cosmetic_3c70649039.html,anessa Sunscreen pink gold 2024
/eng/cosmetic_8033649023.html,Supergoop Mineral Unseen Sunscreen SPF 40
/eng/cosmetic_f61d648970.html,Live Tinted HUEGuard Invisible Sunscreen Stick SPF 50
/eng/cosmetic_ef29648789.html,Clear Face Break-Out Free Liquid Lotion Sunscreen Broad Spectrum SPF 50
/eng/cosmetic_0998648718.html,SHEER MINERAL SUNSCREEN FACE LIQUID BROAD SPECTRUM SPF 50
/eng/cosmetic_b8bb648696.html,Glowbiotics MD Tinted Sunscreen SPF 30
/eng/cosmetic_12da648695.html,ZO SKIN SUNSCREEN+PRIMER BROAD-SPECTRUM SPF30
/eng/cosmetic_cbae648628.html,Xi XiU Sunscreen Xtra Protection SPF 50 PA+++
/eng/cosmetic_26c4648604.html,luv it sunscreen spf50
/eng/cosmetic_aacb648603.html,Youthful self-care Youthful sunscreen
/eng/cosmetic_e0f9648602.html,Youthful skincare Youthful sunscreen
/eng/cosmetic_1ca6648564.html,ISDIN ERYFOTONA  Ageles Ultralight tinted mineral sunscreen SPF50 $50
/eng/cosmetic_53c5648485.html,NA ANESSA PERFECT UV SUNSCREEN MILD MILK NA SPF50+PA++++
/eng/cosmetic_838e648483.html,NA ANESSA PERFECT UV SUNSCREEN SKINCARE GEL NA SPF50+PA++++
/eng/cosmetic_94f2648469.html,NA 5X ANESSA PERFECT UV SUNSCREEN SKINCARE MILK NA SPF50+PA++++
/eng/cosmetic_65a7648331.html,truhabit sunscreen stick
/eng/cosmetic_eca7648316.html,mamaearth hydragel sunscreen spf50
/eng/cosmetic_0e3a648165.html,ONE THING Centella Moisturizing Sunscreen
/eng/cosmetic_31ef648103.html,Alastin HydraTint Pro Mineral Broad Spectrum Sunscreen SPF 36
/eng/cosmetic_442b648092.html,SKINBETTER sunbetter TONE SMART SPF75 Sunscreen Lotion $75
/eng/cosmetic_6d2c648091.html,sunbetter SHEER SPF 70 Sunscreen Lotion
/eng/cosmetic_143e648076.html,Daily UV Defense Mineral Sunscreen Broad Spectrum SPF 45
/eng/cosmetic_58e1648024.html,Aiken SPF 50 pa+++ sunscreen hydra plus
/eng/cosmetic_b6e5647925.html,N ANESSA PERFECT UV SUNSCREEN SKINCARE GEL N
/eng/cosmetic_5d98647865.html,oasea protective tinted mineral glow sunscreen
/eng/cosmetic_1d24647780.html,Conatural Sunscreen
/eng/cosmetic_19b4647742.html,SKIN1004 Madagascar Centella Tone Brightening Tone-Up Sunscreen SPF50+\/PA++++
/eng/cosmetic_b0a6647740.html,Synergy Therm Daily use SunScreen
/eng/cosmetic_0f28647673.html,For skins sake Weightless Sunscreen SPF 50 PA++++
/eng/cosmetic_885b647662.html,Cicadin rescue mild sunscreen spf50 pa 40 ml
/eng/cosmetic_74fc647581.html,A Bit Hippy Anti Skin Irritation Sunscreen SPF40
/eng/cosmetic_8632647580.html,Torriden Dive-In Mild Sunscreen
/eng/cosmetic_c573647542.html,Expert Care Daily Moisturizing Sun PrOATection Physical Sunscreen
/eng/cosmetic_6b6d647535.html,ANESSA PERFECT UV SUNSCREEN SKINCARE MILK NA SPF50+ \u00b7 PA++++
/eng/cosmetic_ab7b647478.html,Moell Physical Sunscreen
/eng/cosmetic_183f647445.html,Protect + Hydrate Sunscreen Broad Spectrum Body Lotion SPF 60 30ml \/ 354ml
/eng/cosmetic_8312647425.html,Protect + Hydrate Sunscreen Broad Spectrum Face Lotion SPF 60
/eng/cosmetic_4177647393.html,AQUALOGICA Glow+ Infused Water Sunscreen with Papaya & Vitamin C
/eng/cosmetic_bbd0647391.html,Facetology Sunscreen
/eng/cosmetic_5b3a647259.html,Uvel advance sunscreen Advance sunscreen
/eng/cosmetic_427a647186.html,Purescreen+ Invisible Daily Defense Mineral Sunscreen for Face with SPF 30
/eng/cosmetic_12a6647164.html,Frankly cicahae sun screen
/eng/cosmetic_8787647153.html,The Originote Ceramella Sunscreen SPF 50 PA++++
/eng/cosmetic_029a647103.html,Cerave Ultra-Light Moisturizing Lotion with Sunscreen 30 For Normal to Oily Skin
/eng/cosmetic_cad0647064.html,Jovisse Aqua Brightening Moist Protection Sunscreen SPF 50 PA+++
/eng/cosmetic_1389647057.html,Iope MEN COMPOUND SUNSCREEN
/eng/cosmetic_3444646946.html,Biocos Hello Sun Sunscreen
/eng/cosmetic_d1f7646906.html,Purescreen  Mineral UV Tint Face Liquid Sunscreen Neutrogena
/eng/cosmetic_411c646894.html,Topix replenix Hydrating Antioxidant Sunscreen SPF 50+
/eng/cosmetic_b7ca646875.html,clear face oil-free sunscreen
/eng/cosmetic_50d7646598.html,IDC Sunscreen
/eng/cosmetic_c774646551.html,LUXCRIME Ultra Light Sunscreen Essence SPF 50 PA++++
/eng/cosmetic_fb18646543.html,Prequel SUN BARRIER Mineral Sunscreen Broad Spectrum SPF 50 PA++++
/eng/cosmetic_d5d2646459.html,Sunscreen emulsion body + face spf 50
/eng/cosmetic_cddf646359.html,"ROUND LAB Birch Moisturizing Sunscreen SPF 50, PA++++"
/eng/cosmetic_4ccb646260.html,EIEM BEAUTY Natural Hybrid Sunscreen
/eng/cosmetic_c093646259.html,Skin1004 Centella Madagascar Hyalu Cica Fit Sunscreen SPF 50
/eng/cosmetic_4433646218.html,Supergoop PLAY 100% Mineral Sunscreen Stick SPF 50
/eng/cosmetic_bb20646126.html,Nirvana botanics Sunscreen
/eng/cosmetic_9f8c646071.html,Banana boat Ultra sport sunscreen
/eng/cosmetic_d2b4646025.html,KAHF Triple Protection Sunscreen Moisturizer
/eng/cosmetic_f536645996.html,Pipette Mineral Sunscreen SPF 50
/eng/cosmetic_d4a1645993.html,Thinksport Safe Sunscreen SPF 50+
/eng/cosmetic_aa49645980.html,Sensitive Mineral SPF 50 Sunscreen
/eng/cosmetic_9216645945.html,Saeed ghani Oil-Free Tinted Sunscreen With Niacinamide Serum
/eng/cosmetic_be26645809.html,The Quick Flick SPF50 Whipped Sunscreen & Body Moisturiser Mousse
/eng/cosmetic_1bfd645446.html,PO Care Intensive Facial Moisturizing Mineral Sunscreen SPF50+\/PA++++
/eng/cosmetic_0cd7645445.html,PO Care Aloe Advance Moisturizing Mineral Sunscreen Lotion SPF50+\/PA++++
/eng/cosmetic_0be3645386.html,Aqualogica Illuminate + dewy sun screen
/eng/cosmetic_9f71645375.html,Round Lab Birch Juice Moisturizing Sunscreen SPF50+ PA++++ 50ml
/eng/cosmetic_d1c2645331.html,Reef Safe Zinc Hydrating Sunscreen SPF50
/eng/cosmetic_3107645330.html,Reef Safe Zinc Body Sunscreen SPF50
/eng/cosmetic_fd3e645329.html,Reef Safe Zinc Sunscreen for Acne Prone Skin SPF50
/eng/cosmetic_479f645327.html,Reef Safe Zinc Sunscreen with Vitamin C SPF50
/eng/cosmetic_eff0645326.html,ReefSafe Reef Safe Zinc Sport Sunscreen SPF50
/eng/cosmetic_f8d1645325.html,ReefSafe Reef Safe Zinc Face Sunscreen SPF50
/eng/cosmetic_19ec645324.html,ReefSafe Reef Safe Baby Zinc Sunscreen SPF50
/eng/cosmetic_0047645262.html,LACSIAN \ub77c\ub044\uc2dc\uc548 Perfect Shield UV Protection Sunscreen \ud37c\ud399\ud2b8 \uc274\ub4dc UV \ud504\ub85c\ud14d\uc158 \uc120\ud06c\ub9bc
/eng/cosmetic_c3f6645234.html,AVCA \uc544\ube0c\uce74 Tone Up No Sebum Inorganic Sunscreen \ud1a4\uc5c5 \ub178\uc138\ubc94 \ubb34\uae30\uc790\ucc28 \uc120\ud06c\ub9bc
/eng/cosmetic_cab6645083.html,NanoSkin Perfect Sunscreen SPF50+
/eng/cosmetic_a43c644986.html,HYALURON MOIST SUNSCREEN SPF50+ PA++++
/eng/cosmetic_6d2b644936.html,ATOMY Sunscreen SPF 50 PA+++
/eng/cosmetic_e71e644793.html,Mizumi UV Water Serum Sunscreen SPF50+\/PA++++
/eng/cosmetic_3da1644792.html,MizuMi UV Water Defense Pro Sunscreen SPF50+\/PA++++
/eng/cosmetic_a770644778.html,EltaMD UV Clear Face Sunscreen SPF 46 oil free
/eng/cosmetic_c7fd644745.html,The Originote Niaceramide Sunscreen Mist SPF 50 PA+++
/eng/cosmetic_e069644684.html,Alleyoop Sunsational Tinted Moisturizer Sunscreen for Face Broad Spectrum SPF 50
/eng/cosmetic_4f43644676.html,PURITO Daily Soft Touch Sunscreen SPF50+ PA++++ 60ml
/eng/cosmetic_2750644629.html,Lomira Hydrasoothe sunscreen gel
/eng/cosmetic_8a91644544.html,first aid beauty Mineral Sunscreen Zinc Oxide Broad Spectrum SPF 30
/eng/cosmetic_c0d1644355.html,iUNIK CENTELLA CALMING DAILY SUNSCREEN 60ml
/eng/cosmetic_2670644223.html,Supergoop Triple Prep Weightless Multitasking Moisturizer SPF 40 Face Sunscreen
/eng/cosmetic_74db644214.html,disaar sunscreen fps 60 vitamin c nicotinamide
/eng/cosmetic_02f5644106.html,NEOGEN day light protection airy sunscreen broad spectrum SPF 50
/eng/cosmetic_6c08644057.html,ISIS Pharma Uveblock Dry Touch Spf 30 sunscreen
/eng/cosmetic_dd9c643956.html,Thinkbaby Safe Sunscreen
/eng/cosmetic_837f643955.html,Thinkbaby Safe Sunscreen
/eng/cosmetic_83cc643952.html,Lightsaver Sunscreen
/eng/cosmetic_c729643926.html,belif The True Cream - Aqua Bomb Sunscreen 2-in-1 SPF 50 and Moisturizer
/eng/cosmetic_76ae643921.html,Jealousness UV SUNSCREEN Repair Essence SPF50
/eng/cosmetic_67ed643650.html,Keys Soulcare PROTECT YOUR LIGHT DAILY MOISTURIZER SPF 30 SUNSCREEN WITH SQUALANE AND NIACINAMIDE
/eng/cosmetic_6bc6643641.html,The Cafun\u00e9 Jojoba Sunscreen Fluid Cream
/eng/cosmetic_707d643519.html,Verdio Tone Up Essence Sunscreen - Rose Tinted SPF50+
/eng/cosmetic_5142643449.html,ATOMY Absolute Essence Sunscreen SPF50
/eng/cosmetic_c024643342.html,Mamaya Papaya Brightening Soap Plus Sunscreen
/eng/cosmetic_e39d643290.html,Lopren Cosmetics Spf 50+ Antiblemish Sunscreen Cream (g\u00fcne\u015f kremi)
/eng/cosmetic_8ecd643014.html,KOA Mineral Sunscreen
/eng/cosmetic_ba20642998.html,Odacite TINTED SPF 50 MINERAL DROPS FLEX-PERFECTING\u2122 SUNSCREEN
/eng/cosmetic_de87642992.html,BLK Cosmetics Daydream Tinted Sunscreen
/eng/cosmetic_4047642940.html,Fenty beauty Sun screen
/eng/cosmetic_2685642930.html,Velvet vanity sunscreen
/eng/cosmetic_b07c642922.html,Cher Sunscreen spf50
/eng/cosmetic_ccb1642920.html,Cher tinted sunscreen
/eng/cosmetic_7c13642915.html,"Coppertone Sunscreen Lotion, Every Tone, SPF 50, 7 fl oz (207 ml)"
/eng/cosmetic_e559642603.html,Vitality Institute VI Derm Mineral spf 30 sunscreen
/eng/cosmetic_8016642586.html,DAZZLE ME Attack on Sun! Sunscreen SPF 50 PA ++++
/eng/cosmetic_fee7642532.html,CeraVe\u00ae Sunscreen Stick SPF 50
/eng/cosmetic_fb90642525.html,Supergoop! Unseen Sunscreen SPF 40
/eng/cosmetic_9806642475.html,Black Girl Sunscreen Black Girl Suncreen
/eng/cosmetic_abe6642398.html,Long Lasting Sunscreen
/eng/cosmetic_f1bd642393.html,expert care physical sunscreen
/eng/cosmetic_291e642386.html,Cell Fusion C Brightening Tone Up Sunscreen 100 spf50 pa++++ (50g) 2023
/eng/cosmetic_c84c642382.html,Cliniderm Gentle Protective Lotion SPF 45 Gentle Sunscreen
/eng/cosmetic_6ceb642367.html,VIBRANT GLAMOUR SUNSCREEN CREAM WHITENING SPF50+\/PA+
/eng/cosmetic_de0c642199.html,Odbo Yogurt Sunscreen SPF50+PA++++
/eng/cosmetic_ba4c642094.html,Anti-UV sunscreen Anti-UV sunscreen
/eng/cosmetic_c917642067.html,SOMETHINC COPY PASTE Tinted Sunscreen SPF40 PA++++
/eng/cosmetic_ae56642007.html,Luxe Organix Aqua Daily Sunscreen with SPF 50+ PA*** UVA\/UVB Protection
/eng/cosmetic_6af9642005.html,Dermax Professional Acne X UV Gel Water-based Sunscreen
/eng/cosmetic_e4d6641946.html,Cos De BAHA \ufffcCos De BAHA MS Mineral Sunscreen SPF 50+ PA++++
/eng/cosmetic_60dd641769.html,SunBioLogic Naturally Tinted Sunscreen SPF 30+
/eng/cosmetic_623e641668.html,GlowLabs Physical Sunscreen
/eng/cosmetic_a490641598.html,Sensitive Mineral Sunscreen SPF 30
/eng/cosmetic_feb5641585.html,Iunik Centella Calming Daily Sunscreen
/eng/cosmetic_b829641482.html,Bio-essence Bio-water Hydrating Sunscreen Spf50+
/eng/cosmetic_a247641454.html,RoundLab Birch Moisturizing Sunscreen w\/ SPF 50+ PA++++
/eng/cosmetic_8bf9641315.html,Equate Sport Sunscreen Broad Spectrum SPF 100
/eng/cosmetic_82b9641165.html,Skin deep Sunscreen stick
/eng/cosmetic_ca8e641052.html,Dear Me Beauty Skin Barrier Sunscreen Gel SPF 50 PA++++
/eng/cosmetic_f188641018.html,DR. DENNIS GROSS All Physical Ultimate Defense Broad Spectrum Sunscreen SPF 50 PA ++++
/eng/cosmetic_d554640931.html,Resh Lab UV Shield Natural Sunscreen SPF50+ PA++++
/eng/cosmetic_07bc640808.html,Aqualogica Glow+ Dewy Sunscreen with Papaya & Vitamin C - SPF 50 PA+++ for UVA\/B
/eng/cosmetic_3faf640760.html,BAB\u00c9 Laboratorios Super Flow Tinted Sunscreen SPF 50
/eng/cosmetic_f807640757.html,Isntree Hyaluronic Acid Natural Sun Cream Moisturizing Sunscreen
/eng/cosmetic_3a1e640623.html,Dr ZinX Organic Scalp Mineral Sunscreen SPF50 Zinc + Thuja (Hinokitiol)
/eng/cosmetic_e9e7640622.html,Dr ZinX Organic Extra Sensitive Mineral Sunscreen SPF50 Zinc + Thuja (Hinokitiol)
/eng/cosmetic_afc7640621.html,Dr ZinX Organic Vitamin C Mineral Sunscreen SPF50 Zinc + Thuja (Hinokitiol)
/eng/cosmetic_3dbe640620.html,Dr ZinX Organic TINTED Mineral Sunscreen for Acne Prone Skin SPF50 Zinc + Thuja (Hinokitiol)
/eng/cosmetic_2d7a640618.html,Dr ZinX Organic Mineral Sunscreen for Acne Prone Skin SPF50 Zinc + Thuja (Hinokitiol)
/eng/cosmetic_c608640541.html,Dr. Seths Ceramide & Vitamin C Sunscreen - 80gm
/eng/cosmetic_0224640445.html,Klean beauty Melt in sunscreen
/eng/cosmetic_357c640324.html,brinton uv doux sunscreen
/eng/cosmetic_5b80640314.html,The Derma co Hyaluronic Sunscreen stick
/eng/cosmetic_3d5d640291.html,Foxtale Matte Sunscreen
/eng/cosmetic_e34b640289.html,Purehana Sunscreen
/eng/cosmetic_8768640273.html,AROMATICA Soothing Aloe Mineral Sunscreen SPF50+\/PA++++
/eng/cosmetic_a720640256.html,SOME BY MI V10 Hyal Antioxidant Sunscreen SPF50+\/PA++++
/eng/cosmetic_b571640255.html,Tocobo Sunscreen stick
/eng/cosmetic_1af4640254.html,Tocobo Sunscreen stick
/eng/cosmetic_b3b8640244.html,Azarine Cicamide Barrier Sunscreen Moisturiser SPF35 PA+++
/eng/cosmetic_da8f640164.html,Azarine Calm My Acne Sunscreen Moisturiser SPF35 PA+++
/eng/cosmetic_79ed640074.html,Then I Met You Essence Light Sunscreen SPF 50
/eng/cosmetic_cbce640044.html,Mamaearth Aqua glow hydrating sunscreen gel
/eng/cosmetic_b182640003.html,"e.l.f. Holy Hydration! Face Cream - Broad Spectrum SPF 30 Sunscreen, Moisturizes & Softens Skin, Quick-Absorbing & Ultra-Hydrating, 1.8 Oz (50g)"
/eng/cosmetic_4237639969.html,3w clinic sunscreen clinic sunscreen
/eng/cosmetic_49af639872.html,Lotus herbals daily multifunction sunscreen spf 70 PA+++
/eng/cosmetic_e662639858.html,Jovees Sunscreen
/eng/cosmetic_bece639824.html,EMINA Sunscreen Sun Battle SPF45 PA+++
/eng/cosmetic_0385639820.html,BROAD SPECTRUM SUNSCREEN
/eng/cosmetic_9b55639802.html,B&B dermaceuticals Lunar gel based sunscreen
/eng/cosmetic_d7cb639786.html,Anthelios ULTRA SPF50+ Face Sunscreen For Dry Skin 50ml
/eng/cosmetic_336f639770.html,Ultra Facial Cream Sunscreen SPF 30
/eng/cosmetic_a716639618.html,Syntax Cetaderm sc gel sunscreen
/eng/cosmetic_315d639563.html,Sekkisei Clear Wellness UV Sunscreen Mild Milk SPF 50+ PA+++
/eng/cosmetic_bba3639477.html,Revolution Skincare SPF 50 Shimmer Protect Sunscreen
/eng/cosmetic_d763639320.html,Cleanance sunscreen
/eng/cosmetic_2282639289.html,Klean beauty Melt in Hydrating Sunscreen
/eng/cosmetic_a6b9639286.html,"Bare Republic Mineral Matte Sunscreen SPF 30 Sunblock Face Lotion, Sheer and Light Finish, 1.7 Fl Oz"
/eng/cosmetic_10b6639285.html,Sun Zapper Zinc Oxide Sunscreen Stick Mineral
/eng/cosmetic_a181639192.html,DR. DENNIS GROSS SKINCARE Instant Radiance Sun Defense Sunscreen Broad Spectrum SPF 40
/eng/cosmetic_dff2639175.html,groundplan relaxive sunscreen
/eng/cosmetic_a5f5639172.html,melixir Vegan Airfit Sunscreen spf50
/eng/cosmetic_cc17639148.html,BYOMA Moisturizing Gel Sunscreen
/eng/cosmetic_7487639147.html,GLAD2GLOW Ultra Light Sunscreen Gel SPF 50 PA+++
/eng/cosmetic_cc18639134.html,Neobrella Sunscreen SPF 60
/eng/cosmetic_7bef639106.html,Sadoer unseen sunscreen spf50+ Pa+++ Sadoer
/eng/cosmetic_eaae639058.html,Heimish Artless Glow Tinted Sunscreen Shine Beige
/eng/cosmetic_b145638992.html,"Vanicream Facial moisturizer, mineral sunscreen with ceramides, for sensitive skin, SPF30"
/eng/cosmetic_9f04638966.html,Aiken prebiotic sunscreen
/eng/cosmetic_a323638924.html,Estelin Sunscreen ultra light hydrating invisible
/eng/cosmetic_17cf652072.html,Aloederm Aloe moisturizer cream
/eng/cosmetic_519b651954.html,LIYALAN Retinol Moisturizer Cream
/eng/cosmetic_69ac651885.html,LIYALAN Retinol Moisturizer Cream
/eng/cosmetic_3e00651818.html,Vinosource-hydra Grape Water Gel Moisturizer
/eng/cosmetic_89b8651773.html,Paris AGE PERFECT SKIN CARE Rosy Tone Cooling Night Moisturizer
/eng/cosmetic_2be2651702.html,EIEM BEAUTY WATER BANK MOISTURIZER 100 g
/eng/cosmetic_4f6b651689.html,Skin Script Peptide Restoration Moisturizer
/eng/cosmetic_8f29651666.html,Mud & Lotus Skincare Balancing Moisturizer
/eng/cosmetic_649d651665.html,Mud & Lotus Skincare Hydrating Moisturizer
/eng/cosmetic_26b7651496.html,Obagi Hydrate Facial Moisturizer
/eng/cosmetic_7085651342.html,Moisturizer
/eng/cosmetic_7dd1651150.html,"Daily Facial Moisturizer, Fragrance Free Face Lotion"
/eng/cosmetic_535c651062.html,good.clean.goop The Nutrient-Rich Daily Moisturizer
/eng/cosmetic_d389651025.html,Little seed farm Goats milk moisturizer
/eng/cosmetic_bc47651014.html,Glossier Priming Moisturizer Lightweight Buildable Face Cream (NEW FORMULA)
/eng/cosmetic_b6bf651001.html,ISLA BEAUTY Face Base Priming Moisturizer
/eng/cosmetic_c6c5650960.html,Neulii Squalane Desertica Moisturizer Cream
/eng/cosmetic_4b7a650863.html,Coola Clear Skin Oil-Free Moisturizer SPF30
/eng/cosmetic_7f21650854.html,Dr. Jart+ Premium BB Tinted Moisturizer with Niacinamide and SPF 40
/eng/cosmetic_be50650777.html,REDNESS RELIEVING DAILY FACIAL MOISTURIZER SPF 40
/eng/cosmetic_e80f650757.html,REVUELE Ceramide Face Moisturizer (SPF 25)
/eng/cosmetic_74b6650688.html,Jeremy's Facial Moisturizer
/eng/cosmetic_9cb6650565.html,Tarte Blur tinted moisturizer broad spectrum SPF 30
/eng/cosmetic_82bd650309.html,Nutritious Airy Lotion Moisturizer $39
/eng/cosmetic_8ad4650179.html,Sensitive Face Moisturizer Cream
/eng/cosmetic_1703650178.html,"Alpyn Beauty Super Peptide & Ghostberry Moisturizer for Eczema, Barrier and Wrinkle Repair"
/eng/cosmetic_821a650112.html,Elf Holy Hydration! Gel-Yeah Moisturizer
/eng/cosmetic_85f4650032.html,curology cream moisturizer
/eng/cosmetic_1040649995.html,Skincare Junkie Megadose Super Antioxidant Face Moisturizer
/eng/cosmetic_8114649966.html,Zeroid Pimprove Moisturizer
/eng/cosmetic_0557649901.html,Good Molecules Lightweight Daily Moisturizer
/eng/cosmetic_8b19649736.html,HYDRA ZEN OIL-FREE GEL MOISTURIZER
/eng/cosmetic_8887649733.html,it Cosmetics Secret Sauce Anti-aging Moisturizer
/eng/cosmetic_ae07649732.html,IT cosmetics CONFIDENCE IN A CREAM ANTI-AGING HYDRATING MOISTURIZER
/eng/cosmetic_6550649628.html,Eminence Bakuchiol and Niacinamide Moisturizer
/eng/cosmetic_6853649602.html,Just Skin Tinted Moisturizer SPF 15
/eng/cosmetic_b66d649575.html,Tinted Moisturizer Oil Free Natural Skin Perfector Broad Spectrum SPF 20
/eng/cosmetic_fad0649538.html,Province Apothecary Nourishing and Revitalizing Moisturizer
/eng/cosmetic_3151649528.html,Lea Black Beauty\u00ae CBD Daily Face Moisturizer
/eng/cosmetic_4ba8649330.html,Beauty Moisturizer + Skin Shield
/eng/cosmetic_1137649328.html,"Beaty Freeman Beauty, Moisturizer + Skin Shield"
/eng/cosmetic_b92f649300.html,Paula\u2019s Choice C5 Super Boost Moisturizer
/eng/cosmetic_a5b6649298.html,Paula\u2019s Choice C5 Super Boost Moisturizer
/eng/cosmetic_ca5c649261.html,Mara SeaDream Firming Algae Creme Moisturizer with Sea Moss + Peptides
/eng/cosmetic_5504649260.html,Philosophy Hope In A Jar Smooth-Glow Multi-Tasking Moisturizer
/eng/cosmetic_3dda649184.html,Sonik Scents Skin Nice Cream Moisturizer Ceramide 7x
/eng/cosmetic_abba649130.html,M-61 Hydraboost HA Gel Moisturizer
/eng/cosmetic_be07649118.html,Clarity Rx Return to Calm CBD Moisturizer
/eng/cosmetic_0879649109.html,Cerave Ultra-Light Gel Moisturizer
/eng/cosmetic_4f32649107.html,Drmtlgy Physical Tinted Moisturizer SPF44
/eng/cosmetic_20d9649091.html,RoC MULTI CORREXION\u00ae REVIVE + GLOW MOISTURIZER SPF 30
/eng/cosmetic_09c3648958.html,RoC MULTI CORREXION\u00ae HYDRATE + PLUMP MOISTURIZER SPF 30
/eng/cosmetic_afba648957.html,RoC Barrier Renew PM Moisturizer
/eng/cosmetic_8486648956.html,RoC Barrier Renew PM Moisturizer
/eng/cosmetic_b224648955.html,RoC MULTI CORREXION\u00ae EVEN TONE + LIFT DAILY MOISTURIZER SPF 30
/eng/cosmetic_40c5648954.html,RoC MULTI CORREXION\u00ae REVIVE + GLOW MOISTURIZER
/eng/cosmetic_0b42648947.html,TruSkin Vitamin C brightening moisturizer
/eng/cosmetic_0078648799.html,Jenpharm Dermive moisturizer
/eng/cosmetic_3f8f648709.html,Organic traveller Brightening moisturizer
/eng/cosmetic_74fb648688.html,Tower 28 SOS Daily Skin Barrier Redness Recovery Moisturizer
/eng/cosmetic_db76648682.html,BEAMCREAM SMOOTHING BODY MOISTURIZER
/eng/cosmetic_d501648617.html,Tulus Probio gel moisturizer
/eng/cosmetic_5a09648520.html,"iNNBEAUTY PROJECT Extreme Cream Anti-Aging, Firming, & Lifting Moisturizer"
/eng/cosmetic_5067648513.html,Bhumi Ceramide Hydra Lock Moisturizer
/eng/cosmetic_d0da648481.html,McCTILL OMNIPOTENCE Ultra Restorative Radiant Moisturizer
/eng/cosmetic_db59648448.html,SKINFIX barrier+ Triple Lipid-Peptide Cream (Vegan) Moisturizer Tested & Recommended by Unbiased Derms
/eng/cosmetic_85c4648447.html,For Men\u2122 Maximum Hydrator Activated Water-Gel Concentrate (Mens Moisturizer)
/eng/cosmetic_b20a648414.html,Skindoze moisturizer
/eng/cosmetic_0a85648401.html,BIYU Daily light moisturizer new formula
/eng/cosmetic_a64a648301.html,ILIA Mini The Base Face Milk Essence & Lightweight Moisturizer with Hyaluronic Acid
/eng/cosmetic_5e1b648239.html,FaceGym Active Collagen Wonder Moisturizer
/eng/cosmetic_50f3648215.html,Toleriane Double Repair Moisturizer
/eng/cosmetic_44fd648101.html,ALASTIN Ultra Light Moisturizer with TriHex Technology
/eng/cosmetic_bcba648051.html,Regenerist Ultra Rich Face Moisturizer -unscented
/eng/cosmetic_e292648048.html,HygieneLab face moisturizer
/eng/cosmetic_03eb648032.html,24 Karat Gold Firming Moisturizer
/eng/cosmetic_6e99647998.html,Toleriane Rosaliac AR Visible Redness Reducing Moisturizer
/eng/cosmetic_166c647933.html,Perricone md VITAMIN C ESTER Photo-Brightening Moisturizer Broad Spectrum SPF 30
/eng/cosmetic_1d5c647932.html,Perricone MD High Potency Classics Face Finishing & Firming Tinted Moisturizer Broad Spectrum SPF30
/eng/cosmetic_6750647930.html,Perricone MD HIGH POTENCY FACE FINISHING & FIRMING MOISTURIZER SPF 30
/eng/cosmetic_9d26647927.html,Perricone MD COLD PLASMA PLUS+ DAILY DEFENSE MOISTURIZER BROAD SPECTRUM SPF 35
/eng/cosmetic_d957647880.html,Vinosource-Hydra SOS Intense Hydration Moisturizer
/eng/cosmetic_9fbd647749.html,Glad2glow YUJA SYMWHITE 377 DARK SPOT MOISTURIZER
/eng/cosmetic_dcbe647650.html,Lancer Gravity Defying Moisturizer with Firming Complex
/eng/cosmetic_6a8f647640.html,PCA SKIN Clearskin lightweight moisturizer $59
/eng/cosmetic_cf91647639.html,EltaMD AM Restore Moisturizer $44
/eng/cosmetic_1d72647520.html,Elta MD AM Restore Moisturizer 2024
/eng/cosmetic_0b91647338.html,Hanasui Ceramic Probiotics moisturizer gel
/eng/cosmetic_814f647260.html,Night Moisturizer
/eng/cosmetic_4b93647040.html,RoC Barrier Renew PM Moisturizer
/eng/cosmetic_3c73646947.html,bareMinerals COMPLEXION RESCUE Tinted Moisturizer Mineral SPF 30
/eng/cosmetic_25f6646925.html,Joy Hydra refresh gel moisturizer
/eng/cosmetic_799d646907.html,Peach Silces Oil Control Mattifying Moisturizer
/eng/cosmetic_065b646802.html,eltamd AM restore moisturizer
/eng/cosmetic_c1d8646770.html,The Creme Shop Hello Kitty 24\/7 Hydration Lock Lightweight Moisturizer
/eng/cosmetic_f88f646680.html,Favora rauhoittava kosteusvoide soothing moisturizer
/eng/cosmetic_252d646641.html,Water Bank Blue Hyaluronic Gel Moisturizer
/eng/cosmetic_7282646484.html,Toleriane Dermallergo Night Moisturizer for Sensitive Skin
/eng/cosmetic_85a7646446.html,Intoface 10X Ceramide Barrier Up Moisturizer Cream Pelembab Wajah Krim ceramide
/eng/cosmetic_bb31646323.html,De8 Advanced Repair Daily Moisturizer
/eng/cosmetic_4ce4646216.html,Supergoop Triple Prep Weightless Multitasking Moisturizer SPF 40
/eng/cosmetic_991f646017.html,"Calm + Restore Gel Moisturizer, Skin Soothing"
/eng/cosmetic_ba8e645997.html,VANICREAM Facial Moisturizer Broad Spectrum SPF 30 SPF30
/eng/cosmetic_21e5645935.html,Complete Moisturizer for Sensitive Skin SPF 15
/eng/cosmetic_adaf645934.html,Ultra Calming Daily Moisturizer SPF15
/eng/cosmetic_2d59645870.html,Biovene Hyaluronic Acid Day Glow Hydration Brightening Moisturizer
/eng/cosmetic_8a5c645838.html,Sofly So Fly Bright & Hydrate Moisturizer
/eng/cosmetic_3692645824.html,Pretti5 INTENSIVE WATER-GLOW MOISTURIZER
/eng/cosmetic_c47f645820.html,Skincyclopedia Polyglutamic acid complex Face Serum Peptide Moisturizer
/eng/cosmetic_e450645758.html,Cream co. Moisturizer
/eng/cosmetic_815e645577.html,dual moisturizer
/eng/cosmetic_987e645552.html,jenpharm dermive oil free moisturizer
/eng/cosmetic_4ef8645537.html,MATTER OF FACT MINIMALIST HYDRATING MOISTURIZER $68
/eng/cosmetic_bcdc645472.html,Hanasui Ceramide 10x Probiotic Moisturizer
/eng/cosmetic_bb94645430.html,"THE PASTELS SHOP \""Cera-HA\"" Moisturizer (50ML)"
/eng/cosmetic_7ee6645412.html,Hanasui Moisturizer
/eng/cosmetic_9d88645374.html,"RESIST Barrier Repair Advanced Moisturizer, 50ml"
/eng/cosmetic_624f645301.html,Cosrx Advanced Snail 92 Facial Moisturizer
/eng/cosmetic_b219645265.html,Humanrace 7D Mystifying Gel Moisturizer
/eng/cosmetic_18c8644971.html,Erha Ultracalm Skin Barrier Face Moisturizer
/eng/cosmetic_b3d4644914.html,Rising Star MUA Lullaby Lip\u2122 Nighttime Lip Moisturizer
/eng/cosmetic_9bf5644836.html,Y.O.U HydraRescue B5 Gel Moisturizer 50g
/eng/cosmetic_39e9644768.html,Kosas BB Burst Tinted Moisturizer Gel Cream with Copper Peptides
/eng/cosmetic_caca644743.html,Elsheskin moisturizer Pink
/eng/cosmetic_9138644742.html,Embryolisse Multi-function moisturizer
/eng/cosmetic_7354644731.html,EIEM BEAUTY Water Bank Moisturizer
/eng/cosmetic_2f79644693.html,itcosmetics CONFIDENCE IN A GEL CREAM OIL-FREE MOISTURIZER
/eng/cosmetic_d8df644692.html,Lumene Nordic Sensitive Weightless Moisturizer
/eng/cosmetic_4d88644646.html,"KAHI Wrinkle Bounce All-in-One Hydrating Multi-Balm for Face, Lips, Eyes and Neck - Daily Moisturizer Stick with Moisture Mist"
/eng/cosmetic_1122644645.html,Daily Facial Moisturizer SPF15
/eng/cosmetic_6a74644631.html,CLEAR Oil-Free Moisturizer
/eng/cosmetic_661c644621.html,Dr. Loretta Concentrated Firming Moisturizer
/eng/cosmetic_570e644596.html,Feel Beauty Probiotic Moisturizer
/eng/cosmetic_49ab644546.html,Avila Firming Facial Moisturizer - Boost Collagen and Deeply Hydrate Skin
/eng/cosmetic_b8bc644540.html,Glossier Priming Moisturizer Buildable hydrating creme
/eng/cosmetic_873e644346.html,Blistex intensive moisturizer
/eng/cosmetic_a2e7644326.html,Hyggee Relief Sun Moisturizer SPF50+ PA++++
/eng/cosmetic_8934644069.html,Bareminerals MINI COMPLEXION RESCUE\u00ae TINTED MOISTURIZER WITH HYALURONIC ACID AND MINERAL SPF 30
/eng/cosmetic_5b00644004.html,New Me Daily moisturizer spf 50
/eng/cosmetic_e2e3643987.html,Jealousness Gold Helichrysum Moisturizer
/eng/cosmetic_d4e7643984.html,NARS Pure Radiant Tinted Moisturizer
/eng/cosmetic_4882643962.html,Organic Traveller moisturizer
/eng/cosmetic_b1bf643957.html,Hira Ali C2 moisturizer
/eng/cosmetic_75c8643909.html,LUXE ORGANIX Hyaluron White Double Collagen Hydra-Cooling Moisturizer 50g
/eng/cosmetic_656c643840.html,Jarte Beauty Cica Care Gel Moisturizer
/eng/cosmetic_3bc1643815.html,Syne skin zero moisturizer
/eng/cosmetic_2098643802.html,"Mamaearth Oil-Free Moisturizer For Face With Apple Cider Vinegar For Acne Prone Skin,"
/eng/cosmetic_161f643794.html,Syca tinted moisturizer
/eng/cosmetic_20c5643769.html,Dr.Jart VITAL HYDRA SOLUTION\u2122 WATER CREAM GLOW MOISTURIZER WITH HYALURONIC ACID
/eng/cosmetic_340a643753.html,Water Bank Blue Hyaluronic Gel Moisturizer with Mint Extract
/eng/cosmetic_3ada643752.html,Water Bank Blue Hyaluronic Cream Moisturizer for Moisture Barrier Repair
/eng/cosmetic_77fa643749.html,Redness Relieving Night Moisturizer
/eng/cosmetic_66f3643705.html,NOBLE PANACEA THE BRILLIANT RADIANT RESILIENCE MOISTURIZER
/eng/cosmetic_85f1643669.html,Wardah Acnederm Day Moisturizer
/eng/cosmetic_d381643664.html,Calm + Restore Facial Moisturizer for Sensitive Skin - Fragrance Free
/eng/cosmetic_75e7643617.html,Just Skin Tinted Moisturizer SPF 15
/eng/cosmetic_9232643499.html,Glow Recipe Watermelon Pink Juice Oil-Free Moisturizer
/eng/cosmetic_c40d643473.html,The INKEY List BIO-ACTIVE CERAMIDE REPAIRING AND PLUMPING MOISTURIZER
/eng/cosmetic_3859643462.html,scora moisturizer
/eng/cosmetic_488e643353.html,soothing clear oil-free face moisturizer
/eng/cosmetic_d193643277.html,IOPE Stem iii moisturizer
/eng/cosmetic_8699643009.html,Bella Terra Mineral Cosmetics Daily Moisturizer
/eng/cosmetic_0664642971.html,Cor\u00e9elle Rice bran facial moisturizer
/eng/cosmetic_d197642966.html,milk vegan milk moisturizer
/eng/cosmetic_adef642954.html,Q+A Amino acid oil-free moisturizer
/eng/cosmetic_6291642818.html,CLEARSTEM HYDRAGLOW - Stem Cell Moisturizer
/eng/cosmetic_9132642740.html,Shunly Zn20 + SPF40 Light Moisturizer
/eng/cosmetic_a61a642705.html,DAILY SKIN MOISTURIZER
/eng/cosmetic_bda6642635.html,GiGi Lipacid Moisturizer for oily skin
/eng/cosmetic_1c62642598.html,Caire The grownup moisturizer
/eng/cosmetic_0927642580.html,CREAM CO. Cloud Moisturizer
/eng/cosmetic_f2ae642547.html,Nuria Defend Matte Finish Daily Moisturizer with All-Mineral SPF 30
/eng/cosmetic_d3f4642545.html,Nuria Calm Daily Moisturizer
/eng/cosmetic_e43b642456.html,Ceramides Daily Moisturizer 55ml
/eng/cosmetic_ee97642325.html,Mary Kay Time wise Antioxidant Moisturizer
/eng/cosmetic_ff6a642233.html,Aesthetic Hydration Cosmetics Face Moisturizer Essential Eye Cream for Face Anti-Aging Hydrating1.01 Fl Oz
/eng/cosmetic_ee0a642211.html,Gentle Clear Mattifying Acne Moisturizer
/eng/cosmetic_bb8d642209.html,shielded super charged moisturizer
/eng/cosmetic_66dd642170.html,Ipca Acne oc moisturizer
/eng/cosmetic_46da642158.html,Advanced Peptides & Flora-Collagen\u2122 Moisturizer
/eng/cosmetic_9590642065.html,Skin Side Hyaluronic Acid Daily Moisturizer
/eng/cosmetic_caed642002.html,LUXE ORGANIX Cica Rescue Gentle Brightening Derma Relief Moisturizer
/eng/cosmetic_2d7c641998.html,ACNES Oil-Control Moisturizer
/eng/cosmetic_9aab641997.html,OXECURE Ultra Gentle Moisturizer
/eng/cosmetic_5a38641995.html,Human Nature Hyaluronic Acid Gel Day Moisturizer
/eng/cosmetic_11f1641994.html,LUXE ORGANIX Power Glow Bright Revive Vitamin C Drip Moisturizer
/eng/cosmetic_e515641992.html,LUXE ORGANIX Hyaluron White Double Collagen Hydra-Cooling Moisturizer
/eng/cosmetic_15d5641974.html,BiON Intense Moisturizer & Eye Cream
/eng/cosmetic_545b641962.html,e.l.f. Cosmetics Holy Hydration! Gel-Yeah Moisturizer
/eng/cosmetic_8f37641951.html,Colorescience Barrier Pro\u2122 Essential Moisturizer
/eng/cosmetic_a193641918.html,Tinted Moisturizer Natural Skin Perfector SPF 30
/eng/cosmetic_6b18641887.html,Tinted Moisturizer Sheer Cream Bronzer
/eng/cosmetic_2f83641764.html,OLGA LORENCIN Pep Revive Daily Moisturizer
/eng/cosmetic_40e6641631.html,Solawave Solabiome Nourishing Moisturizer
/eng/cosmetic_03b6641497.html,Formula Rx Barrier plus moisturizer
/eng/cosmetic_36a7641445.html,CALM Rescue & Repair Intensive Moisturizer
/eng/cosmetic_6bd0641444.html,Oil-Free Moisturizer
/eng/cosmetic_4f69641443.html,Resist Barrier Repair Advanced Moisturizer
/eng/cosmetic_2dfa641402.html,Bag Balm Skin Moisturizer with Lanolin
/eng/cosmetic_4a6e641401.html,Seed Phytonutrients Natural Body Moisturizer
/eng/cosmetic_8cff641359.html,Bare Minerals COMPLEXION RESCUE\u00ae NATURAL MATTE TINTED MOISTURIZER MINERAL SPF 30
/eng/cosmetic_d6b6641311.html,Standard Self Care Hyaluronic Daily Moisturizer
/eng/cosmetic_62e3641280.html,Grown Alchemist Age-Repair Moisturizer
/eng/cosmetic_decd641253.html,Jin Jung Sung Soothing Non-sticky Face Moisturizer Hyrbrid Eye Cream
/eng/cosmetic_29e8641180.html,Peach & Lily Peptide Pro Firming Moisturizer
/eng/cosmetic_ee24641007.html,Almond Clear 2-IN-1 HYDRATING GEL | ULTRA-LIGHTWEIGHT MOISTURIZER
/eng/cosmetic_12b5640819.html,Arbonne Dermresults Advanced Moisturizer
/eng/cosmetic_c4ba640800.html,Augustinus Bader The Ultimate Soothing Cream Refillable Moisturizer
/eng/cosmetic_7098640776.html,Revitalizing Supreme+ Night Moisturizer
/eng/cosmetic_828a640668.html,COSNORI Whitening Dress Tone-up Cream - Skin Radiance Face Moisturizer
/eng/cosmetic_c191640550.html,Skin actives Dewy daily moisturizer
/eng/cosmetic_e696640456.html,Superdefense\u2122 Night Recovery Moisturizer
/eng/cosmetic_570b640455.html,Even Better Clinical\u2122 Brightening Moisturizer
/eng/cosmetic_d6ee640441.html,CERAVE Moisturizer
/eng/cosmetic_c6bd640415.html,First aid beauty Oil control moisturizer
/eng/cosmetic_d1e5640410.html,Exuviance Glycolic expert moisturizer
/eng/cosmetic_fc3a640219.html,Paula's Choice Redness Relief SPF 30 Mineral Moisturizer for Normal to Dry Skin
/eng/cosmetic_3ddd640114.html,BIOV\u00c8NE BARCELONA VITAMIN C DAY BOOST Age-Correcting Moisturizer
/eng/cosmetic_b8c0640111.html,BIOV\u00c8NE BARCELONA RETINOL DAY LIFT Firming Moisturizer
/eng/cosmetic_2cd6640073.html,Azarine Advanced Youth Barrier Moisturizer
/eng/cosmetic_1759640040.html,Supergoop Superscreen Daily Moisturizer SPF 40
/eng/cosmetic_2593640015.html,DR. SHETH'S Haldi and hyaluronic acid oil free moisturizer
/eng/cosmetic_7a69639963.html,Derma co Vitamin E moisturizer
/eng/cosmetic_34f9639931.html,Azarine Intense Luminous Barrier Moisturizer
/eng/cosmetic_c93c639928.html,Moisturizer
/eng/cosmetic_e3ae639871.html,Plum oil free moisturizer
/eng/cosmetic_4dc8639870.html,lakme peach milk moisturizer
/eng/cosmetic_dc16639859.html,Aqualogica radiance+ oil free moisturizer with watermelon and niacinamide for radiant skin
/eng/cosmetic_6357639857.html,the bath box aquabloom moisturizer
/eng/cosmetic_c0c5639852.html,isana luquid moisturizer
/eng/cosmetic_2e39639835.html,Dot & key Rice water gel moisturizer
/eng/cosmetic_624c639682.html,Skin Game Kind Watery Moisturizer
/eng/cosmetic_4977639681.html,Skin Game Kind Cream Moisturizer
/eng/cosmetic_4af7639678.html,Somethic Calm Down Skinpair R Cover Cream Moisturizer
/eng/cosmetic_f006639676.html,Somethinc Ceramic Skin Saviour Moisturizer Gel
/eng/cosmetic_e771639620.html,Skin Silk Regenerative Moisturizer
/eng/cosmetic_e4fa639607.html,Schaf Moisturizer
/eng/cosmetic_c077639440.html,Azarine Pure Radiance Barrier Moisturizer
/eng/cosmetic_e59b639302.html,Bluelene Daily Moisturizer
/eng/cosmetic_0620639255.html,San Diego Skincare HydraSilk Moisturizer
/eng/cosmetic_d11d639127.html,Somerville Glow Moisturizer
/eng/cosmetic_7f39639074.html,Aphogee Balancing Moisturizer
/eng/cosmetic_7e17638962.html,Toleriane Sensitive Creme Hydrating Soothing Moisturizer
/eng/cosmetic_323a638726.html,Heimish Moringa Ceramide Collagen Enriched Moisturizer
/eng/cosmetic_5e0d638706.html,HYDRATING SOOTHING MOISTURIZER
/eng/cosmetic_8f9a638681.html,cream co Cloud Moisturizer (CMO 50 ML)
/eng/cosmetic_331c638626.html,Florence by Mills - Plump To It! Hydrating Facial Moisturizer
/eng/cosmetic_9213638541.html,Acne oil control matte moisturizer
/eng/cosmetic_e329638482.html,CosMedix Harmonize Microbiome Boosting Moisturizer
/eng/cosmetic_6d9c638475.html,Golden Door Hydrating Moisturizer
/eng/cosmetic_33f0638468.html,Somethinc Calm Down moisturizer
/eng/cosmetic_c221638165.html,DrFormulas Niacinamide Zinc PCA Serum Moisturizer for Face with Aloe
/eng/cosmetic_278d638068.html,Smooth & Renew Retinol Face Moisturizer
/eng/cosmetic_67c1637953.html,Water Bank Blue Hyaluronic Cream Moisturizer
/eng/cosmetic_9615637934.html,Covey Last but not least moisturizer
/eng/cosmetic_a120637837.html,"Cetaphil, Eczema, Restoraderm Soothing Moisturizer, Fragrance Free, 10 fl oz (296 ml)"
/eng/cosmetic_1899637665.html,Ideal Radiance Moisturizer Cream
/eng/cosmetic_47a8637589.html,Oxecure Acne Clear Oil Control Moisturizer
/eng/cosmetic_5f57637446.html,Blissful beauty Pakistan Barrier repair moisturizer
/eng/cosmetic_e551637371.html,Ultima II Delicate Translucent Face Powder With Moisturizer 24 gr (Indonesia)
/eng/cosmetic_6260637361.html,Selfless by Hyram Niacinamide & Maracuj\u00e1 Daily Barrier Support Moisturizer
/eng/cosmetic_473d637338.html,MudMasky Serum-infused moisturizer
/eng/cosmetic_0658637313.html,CREAM CO. Cloud Moisturizer
/eng/cosmetic_2912637151.html,Mustika Ratu Brightening Bengkoang Moisturizer
/eng/cosmetic_762c637050.html,Skin Need Oil Free Moisturizer Sunblock
/eng/cosmetic_9196636980.html,CLEAR Oil-Free Moisturizer
/eng/cosmetic_020c636971.html,SKINTIFIC Truffle Biome Skin Reborn Cream Gel Moisturizer
/eng/cosmetic_ad45636708.html,The Originote Hyalucera Moisturizer
/eng/cosmetic_3644636521.html,Jergens Cloud Cr\u00e8me Body Moisturizer
/eng/cosmetic_e0d6636458.html,ANUA Heartleaf 70% Soothing Cream (Moisturizer) 100ml
/eng/cosmetic_a522636438.html,Berica Skincare Products Super Moisturizer Cream
/eng/cosmetic_de71636424.html,Be Minimalist Vitamin B5 10% Moisturizer
/eng/cosmetic_bdda636423.html,Dr. Sheth's Vitamin C and Creamide Oil Free Moisturizer
/eng/cosmetic_259d636345.html,Malin and Goetz Vitamin E Face Moisturizer
/eng/cosmetic_dea5636198.html,Solskin Denmark Second Skin Tinted Moisturizer
/eng/cosmetic_10bb636028.html,Acure Ultra Hydrating 12 Hour Facial Moisturizer
/eng/cosmetic_6baf636026.html,Christina Moss Naturals Facial Moisturizer \u2013 Unscented
/eng/cosmetic_0d0b636025.html,Christina Moss Naturals Facial Moisturizer Original Anise
/eng/cosmetic_8980636003.html,Amala Hydro Comfort Omega-Rich Moisturizer
/eng/cosmetic_2663635991.html,Perricone MD Hypoallergenic Clean Correction Barrier Repair Nourishing Moisturizer
/eng/cosmetic_69a4635979.html,Spoiled Child L28 ANTI-AGING RESTORING MOISTURIZER
/eng/cosmetic_865c635977.html,Spoiled Child N33 CLARIFYING OIL-FREE MOISTURIZER
/eng/cosmetic_b349635975.html,Morphe Glowstunner Hydrating Tinted Moisturizer SPF 30 Broad Spectrum Sunscreen
/eng/cosmetic_d475635956.html,Nutritious Airy Lotion Moisturizer
/eng/cosmetic_ae22635898.html,COSRX Snail Mucin 92% Moisturizer
/eng/cosmetic_78e7652077.html,BIOAQUA Hydrating And Collagen Gel Washout Sleeping Mask
/eng/cosmetic_8d88652057.html,RtopR Mango Vitamin C Hydrating Eye Mask
/eng/cosmetic_6651652056.html,Fair King Green Seaweed Firming Eye Mask
/eng/cosmetic_158e652055.html,Fair King RED GINSENG NOURISHING AND REPAIRING EYE MASK
/eng/cosmetic_052f652053.html,MeiYanQiong Collagen Black Pearl Moisturizing Eye Mask
/eng/cosmetic_1c0f652050.html,BSKM NIACINAMIDE BRIGHTENING MASK
/eng/cosmetic_77ab652021.html,Mediheal Aqua soothing mask
/eng/cosmetic_4b5f651981.html,FACE REPUBLIC Dazzle MeTime Lemon Mask
/eng/cosmetic_589a651979.html,FACE REPUBLIC Nourish Me Time Argan Mask
/eng/cosmetic_a0eb651978.html,FACE REPUBLIC Cool MeTime Aloe Mask
/eng/cosmetic_4b24651974.html,FACE REPUBLIC Sleeping Beauty Face Mask Rejuvenating Honey Nutrient
/eng/cosmetic_0e96651973.html,Face Republic Sleeping Beauty Face Mask Hydrating Cucumber Extract
/eng/cosmetic_22d2651972.html,FACE REPUBLIC Sleeping Beauty Face Mask Brightening Lemon Extract
/eng/cosmetic_429b651963.html,Fair King Green Tea Moist Repair Hand Mask
/eng/cosmetic_c519651916.html,BSKM Aloe Vera Ice Cleansing Mask
/eng/cosmetic_2d4b651915.html,BSKM Brown Sugar Exfoliating Mask
/eng/cosmetic_cf20651867.html,LIYalan Turmeric Clay Mask
/eng/cosmetic_cc21651866.html,SADOER Peach Bubble Clay Mask
/eng/cosmetic_dfa9651865.html,SADOER Cucumber Bubble Clay Mask
/eng/cosmetic_4810651863.html,SAUVASINE Turmeric Clay mask
/eng/cosmetic_a50a651861.html,LAIKOU japan Sakura Mud Mask
/eng/cosmetic_ff6e651860.html,YLNALO Green Tea Purifying Clay Mask
/eng/cosmetic_ec1f651859.html,YouBaiJia Cosmetics Green tea mask cleansing mask
/eng/cosmetic_433e651853.html,LIYALAN Dead Sea Mud Mask
/eng/cosmetic_6122651852.html,Lanbena Acne treatment clay mask
/eng/cosmetic_1639651851.html,Dr.Sugarm Green Tea Cleansing Mask
/eng/cosmetic_9f4f651847.html,LAIKOU 24 Gold Snail Tearing Mask
/eng/cosmetic_9771651844.html,HEMEIEL Marigold Cleansing Peel Off Facial mask
/eng/cosmetic_8499651843.html,LANBENA Blackhead Remover Mask
/eng/cosmetic_0e44651841.html,OEDO Propolis Volcanic Mud Blackhead Mask
/eng/cosmetic_d42e651840.html,MeiYanQiong Volcanic Mud Black Mask
/eng/cosmetic_22bc651839.html,Fair King Green Tea Facial Mask
/eng/cosmetic_9a1c651838.html,GIRLPAL Rose Deep Hydration Sleeping Mask
/eng/cosmetic_a291651837.html,GIRLPAL Helichrysum Deep Hydration Sleeping Mask
/eng/cosmetic_3930651835.html,MABREM Resurrection Grass Sleeping Mask
/eng/cosmetic_81d1651834.html,SADOER Gold Shiny Repair Facial Mask
/eng/cosmetic_fa8b651831.html,LIYALAN Sleeping Face Mask
/eng/cosmetic_f34a651830.html,BSKM Black Tea Sleeping Mask
/eng/cosmetic_f9be651829.html,BIOAOUA Collagen Firming Good Night Mask
/eng/cosmetic_310a651828.html,LAIKOU SNAIL Sleeping face mask
/eng/cosmetic_4304651756.html,My Clarins RE-CHARGE Hydra-Replumping Night Mask
/eng/cosmetic_4ac5651690.html,Skin Script Golden Honey Nourishing Mask
/eng/cosmetic_241e651674.html,Mud & Lotus Skincare Balancing Exfoliating Mask - Professinoal Use
/eng/cosmetic_dac4651673.html,Mud & Lotus Skincare Revitalize Exfoliating Mask - Professional Use
/eng/cosmetic_57ea651644.html,"WATER360 BY WATSONS, Mineral Spring Water Boost Sleeping Mask 220ml"
/eng/cosmetic_d2c2651631.html,"GentleMask BHA Acne BHA Pro Body Wash, 300ml"
/eng/cosmetic_2b37651625.html,Tirtir Mask fit make-up cool fixer
/eng/cosmetic_7449651463.html,Aprilskin CARROEINE PORE CLAY MASK
/eng/cosmetic_45e4651461.html,Tirtir MASK FIT RED CUSHION
/eng/cosmetic_8b12651397.html,MENOKIN 30 Seconds Quick Bubble Mask - REPAIR
/eng/cosmetic_cc41651396.html,MENOKIN 30 Seconds Quick Bubble Mask - CLEAR
/eng/cosmetic_7ab8651382.html,Premium Idebenone Blackberry Complex Essence Mask
/eng/cosmetic_d00e651381.html,Mary & May Collagen Peptide Vital Mask
/eng/cosmetic_0ea1651379.html,Ludeya Micro-Needle Moisturizing Hydrogel Mask
/eng/cosmetic_32f9651361.html,"Isntree Mugwort Calming Clay Mask, 100ml"
/eng/cosmetic_2d5f651312.html,CHARLOTTE TILBURY GODDESS SKIN CLAY MASK
/eng/cosmetic_f7ac651287.html,L300 Pure calm niacinamide overnight mask
/eng/cosmetic_16f5651275.html,Rare Paris ELIXIR INTENSE MASK
/eng/cosmetic_364e651269.html,ATS perstige Calmesh All-in-one Mask
/eng/cosmetic_eddb651219.html,MINON Amino Moist Mask
/eng/cosmetic_898c651181.html,Matsu Deep hydrating mask
/eng/cosmetic_7549651049.html,Equportee Dual Balancing Firming Mask
/eng/cosmetic_0dfe651047.html,L\u2019Or\u00e9al Paris Pure Clay Marine Algae Anti-Blemish Face Mask
/eng/cosmetic_a9d3651016.html,grace & stella energy drink eye masks (gold)
/eng/cosmetic_24ad651009.html,Beekman 1802 Milk Glaze Lactic Acid Pore Purging Clay Mask
/eng/cosmetic_d3dd650890.html,Meloso Total Solution Rice Mask
/eng/cosmetic_aed4650887.html,CLEANANCE Mascarilla Detox mask
/eng/cosmetic_9cb0650867.html,ATS Repair Therapy Mask
/eng/cosmetic_4bd7650856.html,Elthy Mystic Miracle Face Mask
/eng/cosmetic_d613650850.html,Yadah DAILY VEGE MASK PACK-SEAWEED
/eng/cosmetic_b4c6650849.html,Yadah DAILY VEGE MASK PACK-KOMBUCHA
/eng/cosmetic_9704650805.html,"product \u30d8\u30a2\u30ef\u30c3\u30af\u30b9 \u30c0\u30de\u30b9\u30af\u30ed\u30fc\u30ba wildcrafted, organic & natural hair wax limited edition damask rose"
/eng/cosmetic_cd65650778.html,Mediheal Hyaluronate Watermide Essential mask
/eng/cosmetic_3764650712.html,Bouncy and firming sleeping mask
/eng/cosmetic_1708650683.html,Tir tir Mask fit tone up cream
/eng/cosmetic_f1a9650681.html,Tirtir MASK FIT RED CUSHION
/eng/cosmetic_03f2650636.html,AIO Intensive Ultra Repair Mask
/eng/cosmetic_9b87650504.html,Quality 1ST Super VC100 White Derma Laser Mask
/eng/cosmetic_fa36650462.html,Higher Education Hydrating Probiotic Sleeping Mask
/eng/cosmetic_7e5f650223.html,Paradox Moisture express hair mask
/eng/cosmetic_dad4650162.html,hydra hair mask
/eng/cosmetic_0e38650045.html,SUN UV FACE SPECIALIST DERMA SKIN CLEAR SPF 50+ 40ML
/eng/cosmetic_0372649954.html,PHILIP KINGSLEY SWIMCAP WATER-RESISTANT MASK
/eng/cosmetic_4195649947.html,"Sudtana BERGAMOT, COCONUT & SESAME NOURISHING HAIR MASK OIL"
/eng/cosmetic_535e649916.html,"Sudtana BERGAMOT, COCONUT & SESAME NOURISHING HAIR MASK OIL"
/eng/cosmetic_a898649883.html,Artistry Skin Nutrition Skin Nutrition Sleeping Mask
/eng/cosmetic_3c83649860.html,Celimax Noni clay mask
/eng/cosmetic_076e649828.html,My scheming Premier Luminous Ampoule mask
/eng/cosmetic_c617649762.html,Dr. Idriss MAJOR FADE Flash Mask
/eng/cosmetic_6258649579.html,sophistance RITUAL NIGHT MASK
/eng/cosmetic_fd64649513.html,Tirtir Mask fit cool sun cushion spf 50++++
/eng/cosmetic_f8d1649473.html,Ilisya Centella Collagen Eye Mask
/eng/cosmetic_ed9e649464.html,Dr. Jart DERMASK PRO VITAL HYDRA SOLUTION\u2122 GLOW FACE MASK WITH HYALURONIC ACID
/eng/cosmetic_137e649462.html,Dr. Jart CERAMIDIN\u2122 CREAM-INFUSED FACE MASK
/eng/cosmetic_f9cb649371.html,Formal Bee Propolis Vita C Real Honeymoon Glow Mask
/eng/cosmetic_dc86649316.html,Golden rose essential full volume&lenght intense black maskara
/eng/cosmetic_34f6649301.html,Dr. CPU AC Clear Ampoule Mask
/eng/cosmetic_2f12649255.html,The Saem Gem Miracle Pink Pearl Bubble Mask
/eng/cosmetic_fda7649221.html,Maione Flexible Liposome Mask
/eng/cosmetic_c32d649173.html,JIGOTT HYALURONIC ACID REAL AMPOULE MASK
/eng/cosmetic_87bb649168.html,JIGOTT CUCUMBER REAl AMPOULE MASK
/eng/cosmetic_730f649164.html,JIGOTT HONEY REAL AMPOULE MASK
/eng/cosmetic_cadb649163.html,JIGOTT Camellia Real Ampoule Mask
/eng/cosmetic_9638649162.html,JIGOTT PLACENTA REAL AMPOULE MASK
/eng/cosmetic_7b01648829.html,Grace & Stella Collagen Boosting Eye Mask
/eng/cosmetic_287e648798.html,Special Care Mask Foot
/eng/cosmetic_a604648650.html,Prose Custom Pre-Shampoo Hair Mask
/eng/cosmetic_e083648586.html,Medicube Collagen Radiance Mask
/eng/cosmetic_57db648585.html,Medicube ZERO Zero Pore Cooling Mask
/eng/cosmetic_c423648584.html,Ye:pre Green Tea Lifting Mud Stick Mask
/eng/cosmetic_dda4648583.html,Medicube RED Red Centellaca Mask
/eng/cosmetic_17c1648582.html,Medicube CICA Super Cica Calming Mask
/eng/cosmetic_156f648581.html,Medicube DEEP Deep Peptide Radiance Mask
/eng/cosmetic_c16e648498.html,Echos line Seliar Karbon 9 Charcoal mask
/eng/cosmetic_ca1b648482.html,cCTILL OMNIPOTENCE \u00a0 Ultra Restorative Radiant Hydrogel Repair Mask
/eng/cosmetic_cb24648478.html,cCTILL Hyaluronic Rose Deep Hydro Mask
/eng/cosmetic_a7e6648465.html,banobagi bio lacto sleeping mask
/eng/cosmetic_bb97648382.html,"Torriden CELLMAZING 5D Collagen Firming Gel Mask,"
/eng/cosmetic_1d61648372.html,overnight mask
/eng/cosmetic_f18c648276.html,Bertagne 7 day repair mask
/eng/cosmetic_dd7b648272.html,ROVECTIN Dr. Mask Pore
/eng/cosmetic_66c4648263.html,Numbuzin No.3 Tingle-Pore Softening Sheet Mask
/eng/cosmetic_5418648123.html,DORSKIN Matcha Glow Dream Mask
/eng/cosmetic_dbef648099.html,APB MORINGA CLAY MASK
/eng/cosmetic_c5bf648001.html,PHYTO COLORATION 3 COLOR PROTECTING MASK
/eng/cosmetic_d265647840.html,Rosy Cheeks clay mask
/eng/cosmetic_5971647823.html,Formula 10.0.6 Draw It All Out Skin-detoxing Peel Mask Charcoal + Plum
/eng/cosmetic_d086647688.html,M\u00e1scara hidratante  mango mask Vizzela
/eng/cosmetic_a1e8647672.html,FOREO Call It a Night UFO\u2122 mask
/eng/cosmetic_26c6647671.html,FOREO Make My Day UFO\u2122 mask
/eng/cosmetic_20b5647670.html,Polynia Orange brightening mask
/eng/cosmetic_2b15647669.html,Polynia Pomegranate revitalizing mask
/eng/cosmetic_0b13647647.html,Golden rose Miracle lash ultra black maskara ye\u015fil (cruelty free)
/eng/cosmetic_3888647574.html,Grow Gorgeous INTENSE THICKENING HAIR & SCALP MASK
/eng/cosmetic_a373647573.html,Grow Gorgeous REPAIR STRENGTHENING HAIR & SCALP MASK
/eng/cosmetic_914e647557.html,Su:m37\u00b0 Water-full Marine Relief Gel Mask 3 Step Kit
/eng/cosmetic_8ae7647517.html,Water Sleeping Mask_EX
/eng/cosmetic_f355647514.html,Water Sleeping Mask $32
/eng/cosmetic_1f6d647510.html,JMsolution ACTIVE GOLDEN CAVIAR NOURISHING MASK e\u00dfinee
/eng/cosmetic_48b7647509.html,JM Solution Active Golden Caviar Nourishing Mask
/eng/cosmetic_d912647506.html,NUMBUZIN No.6 Deep Sleep Mask Serum
/eng/cosmetic_40af647504.html,Farm Stay Cica Farm Night Repair Sleeping Mask
/eng/cosmetic_b911647417.html,overnight mask
/eng/cosmetic_bca7647322.html,Nutritious Melting Soft Creme\/Mask
/eng/cosmetic_bb0a647242.html,i'm unau Bakuchiol Vanilla Rewind Mask Pack (27ml)
/eng/cosmetic_2f26647140.html,Currentbody Hydrogel face mask
/eng/cosmetic_cd31647135.html,DERMA FACTORY houttuynia cordata 84% daily sheet mask
/eng/cosmetic_46e7647089.html,Super Aqua-Mask
/eng/cosmetic_5c05647088.html,Filorga HYDRA-FILLER MASK
/eng/cosmetic_9786647029.html,MOMUS Tranexamic Acid Whitening Eye Mask
/eng/cosmetic_af09647016.html,Kundal Derma C.P.R Ampoules mask
/eng/cosmetic_cf3d646988.html,Joji Avocado hydration facial mask
/eng/cosmetic_181c646928.html,CLEF Multi-Herbal Repairing Mask
/eng/cosmetic_fae8646927.html,CLEF Probiotic Nourishing Mask
/eng/cosmetic_eeaf646926.html,CLEF Brown Rice Renewing Scrub Mask
/eng/cosmetic_71c3646924.html,CLEF Canadian Purple Clay Purifying Mask
/eng/cosmetic_426c646923.html,Clef Pomegranate Instant Calming Mask
/eng/cosmetic_d1c2646839.html,AA Aloe pink regeneruj\u0105cy krem-maska na noc
/eng/cosmetic_aa28646836.html,Olival Hydro Cica Face Mask
/eng/cosmetic_53f7646783.html,MAXCLINIC Synergy Effect BTX Mask
/eng/cosmetic_2aa9646747.html,Tula Skincare Self-care Sunday Nourishing Face Mask
/eng/cosmetic_a961646678.html,Milk touch Hedera Helix Daily & Quick Soothing Mask
/eng/cosmetic_9388646676.html,Express Beauty Moisturizing & Nourishing Face Mask with honey
/eng/cosmetic_0693646675.html,Express Beauty Moisturizing & Refreshing Face Mask with aloe
/eng/cosmetic_d001646673.html,Express Beauty Face Mask for Intensive Moisturization with Cucumber
/eng/cosmetic_1900646649.html,ISOI Moisture Dr. Cream Mask Sheet
/eng/cosmetic_ac3a646642.html,8 THE THALASSO \u30a8\u30a4\u30c8\u30b6\u30bf\u30e9\u30bd \u30ea\u30c3\u30c1\u30b3\u30fc\u30c8 \u30cf\u30a4\u30e2\u30a4\u30b9\u30c8 \u30d8\u30a2\u30de\u30b9\u30af Rich Coat High Moist Hair Mask
/eng/cosmetic_46dc646637.html,By Beauty Bay MOISTURE COMPLEX + ALGAE FACE MASK
/eng/cosmetic_9040646636.html,water sleeping mask
/eng/cosmetic_a2ea646623.html,Dr.Belter Intensa\/ Ultrafresh refining mask
/eng/cosmetic_3df1646610.html,Br:Lab Ectocalming Arc Ampoule Sheet Mask
/eng/cosmetic_577c646584.html,CLAYGE \u30af\u30ec\u30fc\u30b8\u30e5 \u30d7\u30ec\u30df\u30a2\u30e0\u30d8\u30c3\u30c9\u30b9\u30d1\u30de\u30b9\u30af Premium Head Spa Mask
/eng/cosmetic_9973646583.html,CLAYGE \u30af\u30ec\u30fc\u30b8\u30e5 \u30d7\u30ec\u30df\u30a2\u30e0\u30ea\u30da\u30a2\u30de\u30b9\u30af Premium Repair Mask
/eng/cosmetic_d04d646577.html,CLAYGE \u30af\u30ec\u30fc\u30b8\u30e5 \u30af\u30ec\u30a4\u30d8\u30c3\u30c9\u30b9\u30d1\u30de\u30b9\u30afDN Deep Spa Mask (D Series)
/eng/cosmetic_b37a646576.html,CLAYGE \u30af\u30ec\u30fc\u30b8\u30e5 \u30af\u30ec\u30a4\u30d8\u30c3\u30c9\u30b9\u30d1\u30de\u30b9\u30afSN Head Spa Mask (S Series)
/eng/cosmetic_4303646565.html,claynal \u30af\u30ec\u30a4\u30ca\u30eb \u30b9\u30e0\u30fc\u30b9\u30b9\u30d1\u30d8\u30a2\u30de\u30b9\u30af Smooth Spa Hairmask
/eng/cosmetic_92b7646532.html,Amber Vegan Darkful purifying mask
/eng/cosmetic_fdbd646491.html,THINKCO snail recovery mask
/eng/cosmetic_0e18646451.html,Dr.Jart+ Dermask Ultra Jet Peeling Solution Dr.Jart+
/eng/cosmetic_29ed646386.html,smas peptide silk mask
/eng/cosmetic_8a47646370.html,Yves Rocher Bright Botanical Sleeping Mask
/eng/cosmetic_d7cc646271.html,Tunemakers Conditioning mask
/eng/cosmetic_e756646174.html,Por shine clear mask
/eng/cosmetic_2c06646168.html,"Nuxe Exfoliating Mask, Insta-Masque 50 ml Exfoliating Mask"
/eng/cosmetic_d326646122.html,SUMHAIR Protein Rose Meringue Hair Mask
/eng/cosmetic_41ad645963.html,IntoSkin RX.COLLABO AQUA COLLAGEN HYDRATION MASK
/eng/cosmetic_b9f7645887.html,HYDRATING SERUM MASK
/eng/cosmetic_06a8645860.html,village 11 factory Miracle Youth Sheet Mask - Collagen
/eng/cosmetic_6ecf645826.html,Pretti5 HYDRO-RESCUE REPAIRING NIGHT MASK
/eng/cosmetic_344e645813.html,SKINTIFIC 5X Ceramide Soothing Sheet Mask
/eng/cosmetic_10c9645772.html,Agrado Keratin Hair Mask
/eng/cosmetic_b4cd645754.html,Christophe Robin regenerating mask with rare prickly pear seed oil
/eng/cosmetic_7d79645466.html,OYAX Honey Facial Mask
/eng/cosmetic_de1b645455.html,Clinic High Gold modeling mask pack
/eng/cosmetic_71ea645406.html,AYUNCHE Enrich Bonding Mask
/eng/cosmetic_0b2d645361.html,Mudmasky POREFECTION\u00ae SERUM-INFUSED PRIMER
/eng/cosmetic_a3c0645347.html,Tirtir Mask Fit Red Cushion 24N Latte
/eng/cosmetic_70af645322.html,Jomae Queen Q Purely White Skin Brightening Facial Treatment Mask
/eng/cosmetic_7a1a645277.html,Joanna Czech skincare The face mask
/eng/cosmetic_011e645251.html,Mon\u00e9 Professional 04 keratinelixir spray mask
/eng/cosmetic_e746645246.html,EXPRESS BEAUTY Royal jelly Face mask
/eng/cosmetic_16a2645248.html,EXPRESS BEAUTY Royal jelly Face mask
/eng/cosmetic_3142645247.html,EXPRESS BEAUTY Royal jelly Face mask
/eng/cosmetic_0cc6645230.html,RETINOL YOUTH RESTORATION FACIAL MASK
/eng/cosmetic_1a33645210.html,MEDIHEAL Collagen Essential Mask Sheet
/eng/cosmetic_5329645186.html,Admire My Skin 2% Salicylic Acid Beauty Mask
/eng/cosmetic_97c7645180.html,BYPHASSE SUBLIM PROTECT HAIR MASK KERATIN 250ML
/eng/cosmetic_b753645126.html,WM EXTRA COLLAGEN FIRMING SLEEPING MASK
/eng/cosmetic_2401645107.html,SOLARTIUM GROUP Mask Hidra Acne
/eng/cosmetic_40c5645070.html,Kallist COLLAGEN LIFT HAIR MASK
/eng/cosmetic_4e44644998.html,BI CARE Q10 Age defense tuchmaske
/eng/cosmetic_34ae644817.html,Bee beauty Karpuz y\u00fcz maskesi(cruelty free)
/eng/cosmetic_ba41644711.html,Hydrating Gel Cream Mask Glacier Water + Pink Peony Calms
/eng/cosmetic_814e644698.html,Nutricentials CELLTREX ALWAYS RIGHT recovery mask
/eng/cosmetic_6f96644696.html,Bee beauty Butterfly ka\u011f\u0131t maske (cruelty free)
/eng/cosmetic_f53f644651.html,MIRI GLOWING BRIGHTENING MASK
/eng/cosmetic_091f644582.html,DRMTLGY Barrier repair mask
/eng/cosmetic_f0b3644551.html,AESTURA A-Cica 365 Soft Calming Mask Pad
/eng/cosmetic_b7dd644513.html,RIRE Vitamin Lip Sleeping Mask (10g)
/eng/cosmetic_20dc644511.html,CARE:NEL Berry Lip Night Mask
/eng/cosmetic_e7e3644498.html,HALLOASIS MOISTURE HILL MASK
/eng/cosmetic_65b3644494.html,Mitomo - Gold & Cherry Blossoms Essence Mask
/eng/cosmetic_037e644493.html,GLAMFOX Retinol +Collagen Serum Mask 23g
/eng/cosmetic_c63a644436.html,EMORON HYALURONIC ACID COLLAGEN HYDRATING FACE MASK
/eng/cosmetic_2f49644418.html,The Inkey List Kaolin Mask
/eng/cosmetic_22dc644417.html,One Two Free Cleansing Clay Mask
/eng/cosmetic_15dd644384.html,I'm From Mugwort Mask
/eng/cosmetic_6c5a644329.html,VT Cosmetics Cica Reti-A Mask
/eng/cosmetic_b11c644290.html,JOYRUQO Soothing Repairing Freeze-Dried Mask
/eng/cosmetic_19c4644211.html,Apolosophy Active+ Repairing Overnight mask 75 ml
/eng/cosmetic_9333644172.html,AIROLGY Rejuvenating Gel Mask
/eng/cosmetic_70bb644140.html,Apolosophy Active+ Hydroxy Acid Peeling Mask 30ml
/eng/cosmetic_4940644061.html,\uc544\ub984\ub2e4\uc6c0 Facial mask
/eng/cosmetic_530c644036.html,Orgaid Organic Sheet Mask - Greek Yogurt & Nourishing (4-Pack)
/eng/cosmetic_e25b644005.html,New Me Ultra Bubbling Mask
/eng/cosmetic_fa8f643994.html,Medicube Ringer Mask
/eng/cosmetic_da71643927.html,Biba de Sousa The Zinc Mask with Goji Berry Prebiotic
/eng/cosmetic_7cfb643847.html,Lululun Pure Moist Face Mask (Blue)
/eng/cosmetic_08dd643844.html,Revolution Haircare R-Peptide 4x4 Leave-In Repair Mask
/eng/cosmetic_9243643828.html,Younique You ology eye mask
/eng/cosmetic_d615643742.html,Cosrx Balancium Comfort Ceramide Soft Cream Sheet Mask
/eng/cosmetic_1248643733.html,Athena Goddesskin Charcoal Clay Mask
/eng/cosmetic_6044643715.html,Mudmasky Vitamin Infused Eye Serum
/eng/cosmetic_11d6643674.html,Rice Wash Off Mask
/eng/cosmetic_6513643665.html,COSMODERM Niacinamide Salicylic Acid Detoxifying Clay Mask
/eng/cosmetic_396f643651.html,KEYS SOULCARE HARMONY MASK WITH MANUKA HONEY
/eng/cosmetic_0283643634.html,Charlotte Meentzen Age Control Overnight-Beautymaske
/eng/cosmetic_8a67643593.html,Maruderm Har Repair Mask | Sa\u00e7 Onar\u0131c\u0131 Sa\u00e7 Maskesi 300 ML | Y\u0131pranm\u0131\u015f Zay\u0131f Sa\u00e7lar
/eng/cosmetic_637a643590.html,Maruderm Anti-Dandruff Hair Mask | Kepe\u011fe Kar\u015f\u0131 Etkili Sa\u00e7 Maskesi 300 ML | Normal\/Ya\u011fl\u0131 Sa\u00e7lar
/eng/cosmetic_02f9643589.html,Maruderm Anti- Hair Loss Mask | Sa\u00e7 D\u00f6k\u00fclme Kar\u015f\u0131t\u0131 Sa\u00e7 Maskesi 300 ML
/eng/cosmetic_a160643584.html,Maruderm Ginseng Extract + Jojoba Oil Nourishing Clay Mask 100 ML
/eng/cosmetic_150b643583.html,Maruderm Salicylic Acid + Tea Tree Oil Clarifying Clay Mask for Blackheads \/ Pore
/eng/cosmetic_72ff643582.html,Maruderm Coffee Extract + Green Tea Extract Refreshing Claying Mask
/eng/cosmetic_bc2c643572.html,JM Solution Water Luminous NMN Mask Premium
/eng/cosmetic_ec80643556.html,Fusion Mask Intense Repair Mask for Damaged Hair
/eng/cosmetic_dec8643555.html,Shea Moisture Coconut&Hibiscus Curl&Shine Hair Mask
/eng/cosmetic_6a31643501.html,lip sleeping mask
/eng/cosmetic_607e643484.html,Shiroru Pururun face mask
/eng/cosmetic_4232643464.html,H\u00d6BEPERGH GLOWING RESTORATIVE FACE MASK
/eng/cosmetic_1ce1643410.html,NESCENS Bioidentische Restoring Maske - Gesicht
/eng/cosmetic_ab61643392.html,CARE PLUS skin whitening mask
/eng/cosmetic_5536643391.html,CARE PLUS centella asiatica calming mask
/eng/cosmetic_0a73643367.html,MEDITHERAPY CICA ROLLING MASK PACK LACTO BIFIDA
/eng/cosmetic_cd99643334.html,Toleriane Ultra Gauze Mask
/eng/cosmetic_ba8a643269.html,BIODANCE Bio Collagen Real Deep Mask Sheet
/eng/cosmetic_a24a643224.html,Round Lab 1025 Dokdo Moisturizing Water Gel Mask
/eng/cosmetic_dcee643222.html,Torriden Dive-In Low Molecule Hyaluronic Acid Mask Sheet
/eng/cosmetic_c302643202.html,SOME BY MI Real Honey Luminous Care Mask
/eng/cosmetic_3f08643200.html,SOME BY MI Retinol Intense Reactivating Mask
/eng/cosmetic_0e8d643198.html,Some By Mi Yuja niacin 30 days blemish care serum mask
/eng/cosmetic_1430643196.html,SOME BY MI REAL SNAIL SKIN BARRIER CARE MASK 1PCS
/eng/cosmetic_96ec643195.html,SOME BY MI REAL SUPER MATCHA PORE CARE MASK
/eng/cosmetic_ef26643194.html,SOME BY MI REAL VITAMIN BRIGHTENING CARE MASK
/eng/cosmetic_ad63643192.html,SOME BY MI REAL GLUTATHIONE BRIGHTENING CARE MASK
/eng/cosmetic_d22d643189.html,SOME BY MI REAL HYALURON HYDRA CARE MASK
/eng/cosmetic_c0e8643187.html,SOME BY MI CICA CALMING Real Care Mask
/eng/cosmetic_5cce643185.html,SOME BY MI REAL ALOE SOOTHING CARE MASK
/eng/cosmetic_d57d643183.html,Some by mi Real Cica Calming Care Mask
/eng/cosmetic_a505643181.html,LUXE ORGANIX POWER GLOW SERUM BOOST SHEET MASK 25ML
/eng/cosmetic_edf5643180.html,LUXE ORGANIX AGE REVERSE SERUM BOOST SHEET MASK
/eng/cosmetic_617c643175.html,BRIGHT HEALTHY RADIANCE INSTANT RADIANCE SHEET MASK
/eng/cosmetic_2346643173.html,ABIB MILD ACIDIC PH SHEET MASK HONEY FIT
/eng/cosmetic_c445643170.html,TORRIDEN Dive-In Low Molecule Hyaluronic Acid Mask
/eng/cosmetic_d508643166.html,ABIB MILD ACIDIC PH SHEET MASK AQUA FIT
/eng/cosmetic_8ec9643165.html,ABIB MILD ACIDIC pH SHEET MASK HEARTLEAF FIT
/eng/cosmetic_c10e643113.html,Rejuran Healer Skin Protection Mask
/eng/cosmetic_6c62643056.html,"Jealousness CC Brightening Moisturizing Bubble Mask, 150ml"
/eng/cosmetic_5efa643011.html,De Tuinen Groene Klei masker
/eng/cosmetic_42ce642960.html,fresh Black Tea Firming Overnight Mask
/eng/cosmetic_bd35642858.html,THREE Balancing Versatile Lip Mask
/eng/cosmetic_8329642820.html,Clearstem Hydraberry moisture mask
/eng/cosmetic_e565642726.html,Oh!oh! Moist mask
/eng/cosmetic_8f09642626.html,BLACK TEA INSTANT PERFECTING MASK
/eng/cosmetic_00bc652073.html,Aloederm Firm and rejuvenate aloe cream
/eng/cosmetic_7cf2652048.html,LANBENA Scar Removal Stretch Marks Cream
/eng/cosmetic_95f6652038.html,Schwarzkopf Keratin Color Permanent Hair Color Cream (Color cream and developer)
/eng/cosmetic_a860652030.html,Erborian Super BB full coverage BB cream
/eng/cosmetic_3c7a652017.html,Revitalift Filler Day Cream SPF50
/eng/cosmetic_c39b652015.html,Acnes Lab Acne Repair Cream
/eng/cosmetic_da16652010.html,Hatomugui Cream
/eng/cosmetic_0f2d651984.html,FACE REPUBLIC Blooming Collagen Eye Booster Eye cream
/eng/cosmetic_6e56651977.html,FACE REPUBLIC Klassic Fit BB Cream Natural SPF30
/eng/cosmetic_7902651976.html,FACE REPUBLC Blooming Time Bakuchiol Cream
/eng/cosmetic_cb35651967.html,Dr.Rashel Aloe Vera Moisture Cream
/eng/cosmetic_fbba651966.html,OEDO Rose Polypeptide Moist Hand Cream
/eng/cosmetic_6bc0651965.html,OEDO Snow Lotus Snake Oil Tender Hand Cream
/eng/cosmetic_2473651964.html,Meizhuang Zhiku Avocado Hand Cream
/eng/cosmetic_c1e6651962.html,RtopR Olive Hand Cream
/eng/cosmetic_3229651961.html,GSC Sun Cream SPF50+ Face (UK)
/eng/cosmetic_cf44651960.html,FETCHING Hand Cream
/eng/cosmetic_1810651959.html,LIYALAN Turmeric Cream
/eng/cosmetic_f65b651957.html,LIYALAN Aloe Vera Cream
/eng/cosmetic_729a651956.html,Fair King Tea Tree Snail Repair Cream
/eng/cosmetic_d339651955.html,NOGIS Retinol Cream for Face
/eng/cosmetic_6775651953.html,Dermanika Hand comfort cream
/eng/cosmetic_ca57651951.html,MIUROUS Moisture Cream Hydra Fresh Complex
/eng/cosmetic_5e29651950.html,MIUROUS White Cream Instant Melting Cream
/eng/cosmetic_1612651947.html,BREYLEE Vitamin C Face Cream
/eng/cosmetic_9945651946.html,BREYLEE Hyaluronic Acid Cream
/eng/cosmetic_50fa651945.html,Breylee Retinol Face Cream
/eng/cosmetic_1805651944.html,BREYLEE Pomegranate Day Cream Whitening Brighten Skin SPF 30
/eng/cosmetic_4b0e651943.html,BREYLEE Pomegranate Night Cream Whiting Brighten skin
/eng/cosmetic_bbe4651942.html,MeiYanQiong Shea Butter Snow Light Moist Essence Cream
/eng/cosmetic_537c651941.html,MeiYanQiong Medicated Freckle Cream
/eng/cosmetic_93cb651940.html,MCHOIX Retinol & Collagen Cream
/eng/cosmetic_e50a651939.html,MCHOIX Neck Firming Cream
/eng/cosmetic_8a1b651938.html,LIYALAN Night Cream Skin Renewing
/eng/cosmetic_0622651937.html,Liyalan Day Cream
/eng/cosmetic_786f651933.html,MeiYanQoing Beauty Face Cream
/eng/cosmetic_2fb4651932.html,MeiYanQiong Tender Brightening and Moisturizing Cream
/eng/cosmetic_657d651931.html,MeiYanQiong Whitening Bright Skin Cream
/eng/cosmetic_c579651929.html,SAUVASINE TURMERIC Face Cream
/eng/cosmetic_b4d6651928.html,BSKM HEXAPEPTIDE MOISTURIZINH CREAM
/eng/cosmetic_01f1651913.html,OEDO PLANT Extraction Repair Acne Cream NOURISHING AND REPAIR
/eng/cosmetic_50ae651911.html,breylee acne treatment cream
/eng/cosmetic_c103651910.html,BSKM Acne MOISTURZING CREAM
/eng/cosmetic_c3eb651908.html,LIYALAN Anti Acne Cream Rich in Tea Tree Oil & Salicylic Acid
/eng/cosmetic_e6ff651884.html,Seacret soft feel sun cream
/eng/cosmetic_57d5651880.html,OEDO snail moist nourishing facial cream
/eng/cosmetic_5c4c651799.html,Gold Bond Diabetics' Dry Skin Relief Medicated Foot Cream
/eng/cosmetic_3b22651797.html,Gold Bond Healing Foot Cream
/eng/cosmetic_dc7c651769.html,Simple Soothing Water Face Cream facial moisturiser
/eng/cosmetic_ffd2651755.html,My Clarins RE-BOOST Hydra-Energising Cream
/eng/cosmetic_572d651753.html,Yuskin Sisora Cream
/eng/cosmetic_e62e651667.html,Mud & Lotus Skincare Eye Cream
/eng/cosmetic_37f2651659.html,Mud & Lotus Skincare Facial Cleansing Cream
/eng/cosmetic_a035651652.html,Madagascar centella air-fit sunscream light spf30 PA++++ (50ml)
/eng/cosmetic_0948651650.html,Supergoop!\u00ae CC Screen 100 Mineral CC Cream SPF50 $44
/eng/cosmetic_8d80651616.html,lasting gel creamy foundation
/eng/cosmetic_776f651611.html,Ciente Sun Kids Sun Protect Cream 50 SPF
/eng/cosmetic_56d1651592.html,UVIDEA XL CREAM 50
/eng/cosmetic_49aa651560.html,Le mieux Just Glow BB Cream - SPF 50
/eng/cosmetic_9a1c651536.html,AP- beauty M.D. (Dual Repair Lift Cream)
/eng/cosmetic_9d4c651506.html,Marin soothing hydration cream
/eng/cosmetic_e618651500.html,Jouer Cosmetics Barrier cream
/eng/cosmetic_9172651495.html,Skinfix barrier+ Strengthening and Moisturizing Triple Lipid-Peptide Refillable Cream with B-L3
/eng/cosmetic_d5a9651457.html,Meditherapy A Clearing Active Panthenol 3% Cream
/eng/cosmetic_c9fc651455.html,Goodal Vita-A Retinol Cream
/eng/cosmetic_c441651425.html,SCINIC Hyaluronic Acid Cream
/eng/cosmetic_215c651421.html,SCINIC The Simple Relief Water Cream
/eng/cosmetic_9815651415.html,Beauty of Joseon Dynasty Cream
/eng/cosmetic_40c4651372.html,J'adore Les Adorables Body Cream
/eng/cosmetic_ed03651359.html,Oribe Straight Away Smoothing Blowout Hair Cream
/eng/cosmetic_3ca4651348.html,VT Cica Vital Cream
/eng/cosmetic_28ed651341.html,LAMELIN Hyaluronic Sun Cream SPF50+PA++++(70ML)
/eng/cosmetic_5c6c651339.html,IUNIK Propolis Vitamin Eye Cream For Eye & face (30ML)
/eng/cosmetic_e8f1651322.html,Age-Less 15 Rejuvenating Cream
/eng/cosmetic_6215651321.html,parsley seed anti-oxidant eye cream
/eng/cosmetic_fc5b651317.html,Tolerance Control Soothing Skin Recovery Cream
/eng/cosmetic_dd88651299.html,Vinosun High Protection Cream SPF30
/eng/cosmetic_a52a651298.html,Vinosun Very High Protection Lightweight Cream SPF 50
/eng/cosmetic_b96a651296.html,Resveratrol Lift Firming Eye Gel Cream
/eng/cosmetic_2826651292.html,MIZON Snail Repair Eye Cream
/eng/cosmetic_2b60651286.html,Purbasari Velvet Lip Cream
/eng/cosmetic_f3eb651265.html,MOC Body Warmer Cream (Fragrance Free)
/eng/cosmetic_4907651264.html,MOC Body Warmer Cream
/eng/cosmetic_bf65651259.html,fflow OilSoo Ampoule Cream
/eng/cosmetic_068c651241.html,Or Hamidbar (Oils Israel) Aromatherapy Base Cream
/eng/cosmetic_3b24651240.html,Yali Hod Natural Base Cream
/eng/cosmetic_0736651209.html,"Parnell Cicamanu Gel Cream, 50ml"
/eng/cosmetic_8911651196.html,COSNORI - Avocado Eye Cream All Face
/eng/cosmetic_929b651195.html,mixsoon Bean Eye Cream
/eng/cosmetic_a09f651194.html,invity youth activating cream cleaner
/eng/cosmetic_cc18651179.html,Haruharu wonder Peptide cream
/eng/cosmetic_533f651176.html,SCINIC Cica Blemish Barrier Soothing Cream
/eng/cosmetic_6b90651175.html,SUNDUK carrot moisture balancing moisturizing cream
/eng/cosmetic_e5d2651174.html,SUNDUK green barley relief moisturizing cream
/eng/cosmetic_9fc6651173.html,DARLING* RED VITA RESCUE Vitamin Complex Regenerating Cream
/eng/cosmetic_bdb3651169.html,FARMSTAY Cica Farm Revitalizing Cream Ampoule
/eng/cosmetic_3e2b651168.html,BEYOND phyto aqua Cream
/eng/cosmetic_09ef651148.html,Preparation H cream
/eng/cosmetic_5b0e651140.html,Methode Swiss Thermal Mineral Infusing Cream
/eng/cosmetic_3d7d651133.html,Real Barrier Cera Moisture Barrier Sun Cream SPF50+\/PA++++
/eng/cosmetic_3c56651131.html,BRINGGREEN Bamboo Hyalu Watery Sun Cream SPF50+\/PA++++
/eng/cosmetic_6cb6651130.html,ROVECTIN Calming \/ Sensitive Lotus Sun Cream SPF 50+\/PA++++
/eng/cosmetic_ee0e651097.html,Nutrition Intense Cr\u00e8me Pieds (Foot Cream)
/eng/cosmetic_08a7651096.html,Himalaya Nourishing Skin Cream Light & Non-Greasy 200Ml
/eng/cosmetic_5954651095.html,Himalaya Baby Cream - Extra soft & Gentle
/eng/cosmetic_7c16651092.html,GREEK YOGHURT Nourishing Probiotic Gel-Cream
/eng/cosmetic_a1cc651091.html,MAMAEARTH Vitamin C Nourishing Cold Cream with Vitamin C & Honey \u2013 200 g
/eng/cosmetic_4b0e651075.html,THE SAEM ECO EARTH Pink Sun Cream SPF 50+ PA++++
/eng/cosmetic_cdd6651039.html,HANYUL HAND CREAM NATURE IN LIFE (YUJA)
/eng/cosmetic_b1dd651037.html,Don Juan Handcrafted Matte Cream 4oz
/eng/cosmetic_5d3a651026.html,"Magic Skin Beautifier BB Cream (Shade 810, Fair)"
/eng/cosmetic_6f76651024.html,Somerville Goat Milk Moisturizing Cream (2024 update)
/eng/cosmetic_24a7651018.html,TONYMOLY Cat's Purrfect Day Cream
/eng/cosmetic_6cf8651017.html,Live Tinted Superhue Brightening Eye Cream
/eng/cosmetic_9d57651011.html,Rohto Mentholatum Acnes Vitamin Cream
/eng/cosmetic_ef49651002.html,Cellular Luminous 630 Anti-Dark Spot Day Cream Face Moisturiser SPF50
/eng/cosmetic_f676650982.html,Time Revolution Night Repair Ampoule Cream 5X
/eng/cosmetic_7ffd650974.html,ROVECTIN CALMING LOTUS WATER CREAM (60ML)
/eng/cosmetic_a21f650973.html,ILLIYOON Ceramide Ato Concentrate Cream 200 ml
/eng/cosmetic_22a2650966.html,iT COSMETICS CC+ CREAM NATURAL MATTE FOUNDATION WITH SPF 40
/eng/cosmetic_2dfe650965.html,emina Cheek Lit Cream Blush (Violet)
/eng/cosmetic_43e8650963.html,ANJO 24K GOLD Cream
/eng/cosmetic_9c21650959.html,Beauty Without Cruelty Supercover Cream Concealer Pencil Fair
/eng/cosmetic_43bb650958.html,"W7 Tea Tree Concealer Stick - Creamy, Skin Soothing Formula For Blemishes & Redness - Long-Lasting Concealer Makeup (Light\/Medium)"
/eng/cosmetic_5584650956.html,Bodylines Natural Concealer Under Eye Cream with Hyaluronic Acid
/eng/cosmetic_8d8d650946.html,Dua Willow Bark Acne & Scar Cream
/eng/cosmetic_4207650933.html,CR\u00c8ME DE BEAUT\u00c9 CLEANSING CREAM
/eng/cosmetic_4f6a650926.html,Eczema Therapy Rescue Relief Treatment Gel Cream
/eng/cosmetic_4d0d650911.html,Holo Taco Hand Cream With Jojoba Oil
/eng/cosmetic_c760650909.html,The fine organics Noni fruit whitening cream
/eng/cosmetic_f935650895.html,eyeNlip Tea Tree Sun Cream 50G
/eng/cosmetic_3a3b650894.html,SKIN 1004 - Madagascar Centella Probio-Cica Bakuchiol Eye Cream
/eng/cosmetic_84ca650875.html,cc cream spf50
/eng/cosmetic_f7c3650868.html,Comem homelab Tone-up Sunscream
/eng/cosmetic_3e26650866.html,USOLAB BIO INTENSIVE REPAIR CREAM
/eng/cosmetic_45af650865.html,USOLAB BIO INTENSIVE VITAMIN K CREAM
/eng/cosmetic_91fe650809.html,rahua CREAM WAX 86ml
/eng/cosmetic_a755650786.html,Pop Plush Creamy Lip Gloss
/eng/cosmetic_d449650781.html,Holika holika Make up sun cream matte tone up SPF 50 PA+++
/eng/cosmetic_96f4650775.html,"ATTITUDE baby leaves Calendula Cream, good night \/ almond milk"
/eng/cosmetic_20ed650767.html,Crealine AR Cream
/eng/cosmetic_7181650758.html,REVUELE Ceramide Hydrating Eye Cream
/eng/cosmetic_0dc4650756.html,REVUELE Ceramide Restorative Hand Cream
/eng/cosmetic_90b4650755.html,REVUELE Ceramide Regenerating Foot Cream
/eng/cosmetic_2e30650753.html,REVUELE Ceramide Moisturizing Cream
/eng/cosmetic_74e2650743.html,"Hello Bello Premium Baby Lotion, Gentle Sweet Cream"
/eng/cosmetic_4a58650742.html,SKIN 1004 Poremizing Light Gel Cream
/eng/cosmetic_2f15650741.html,Skin 1004 TEA-TRICA B5 CREAM
/eng/cosmetic_6972650723.html,Jack Black Sleek Finish Texture Cream
/eng/cosmetic_cddf650720.html,Organic Wear CC Cream (discontinued)
/eng/cosmetic_2e6b650710.html,Vianek Nourrishing eye cream
/eng/cosmetic_8ce2650706.html,Go cranberry light cream
/eng/cosmetic_8abe650669.html,Kids Dry Touch Sun Gel-Cream
/eng/cosmetic_aaed650656.html,ISNTREE TW-Real Eye Cream 30ML
/eng/cosmetic_f2df650654.html,SOME BY MI Retinol Intense Advanced Triple Action Eye Cream 30ml
/eng/cosmetic_bf49650646.html,TONYMOLY \ud1a0\ub2c8\ubaa8\ub9ac The Moist Green Tea Moisture Sun Cream \ub354\ucd09\ucd09 \uadf8\ub9b0\ud2f0 \uc218\ubd84 \uc120\ud06c\ub9bc
/eng/cosmetic_ce3e650632.html,Ultra Facial Cream with Squalane - Refillable
/eng/cosmetic_b7a7650625.html,Skin Caviar Luxe Cream
/eng/cosmetic_57be650624.html,skin caviar luxe cream sheer
/eng/cosmetic_c5bd650614.html,Not Your Mothers Kinky Moves Curl Defining Hair Cream
/eng/cosmetic_4e36650613.html,Paul Mitchell Fast Form Styling Cream-Gel
/eng/cosmetic_d2ca650610.html,"Mustela Baby-Child Hydrating Cream with Olive Oil and Aloe, Fragrance Free"
/eng/cosmetic_56cb650603.html,"The Honest Company Comfort Shampoo + Body Wash, Sweet Cream"
/eng/cosmetic_6682650597.html,Tocobo Collagen Eye Gel Cream (collagen 45ppm)
/eng/cosmetic_9c87650590.html,"The Honest Company Face + Body Lotion, Comfort, Sweet Cream"
/eng/cosmetic_439f650566.html,Monat BB cream spf 40
/eng/cosmetic_66cf650563.html,Chalk Cosmetics DermaFade Scar Cream
/eng/cosmetic_fd99650556.html,Rep\u00eachage HYDRO-COMPLEX\u00ae PFS MOISTURIZING CREAM FOR OILY AND COMBINATION SKIN
/eng/cosmetic_fcc6650551.html,SMOOTH E Cream
/eng/cosmetic_969a650549.html,"Hello Bello Premium Baby Shampoo & Body Wash, Sweet Cream"
/eng/cosmetic_478f650535.html,"ATTITUDE Baby Leaves Calendula Cream, Pear Nectar"
/eng/cosmetic_cf67650531.html,Synergy Therm Bb cream light medium
/eng/cosmetic_4d32650521.html,Olivarrier Baby Organic Ground Cactus Soothing Cream
/eng/cosmetic_d964650481.html,NATIO Restore Replenishing Day Cream
/eng/cosmetic_c4c5650471.html,Cloud watermelon dream cream Dallas
/eng/cosmetic_4e6a650468.html,NIINA SECRETS BASE L\u00cdQUIDA NIINA SECRETS DAILY TINT CREAM foundatition
/eng/cosmetic_52bb650465.html,Clarena EGF Gold Mousse Cream
/eng/cosmetic_5fbe650426.html,Holika Holika CeraBarrier\u2122 Moisture Active Cream
/eng/cosmetic_7af0650414.html,NATIO Aromatherapy Intensive Moisturising Night Cream
/eng/cosmetic_0e68650413.html,NATIO Aromatherapy Intensive Moisturising Day Cream
/eng/cosmetic_6945650410.html,NATIO Ageless Extra Firming Night Cream
/eng/cosmetic_b968650398.html,Yanko Gebi night cream
/eng/cosmetic_9d8a650391.html,Mizon Cica Aloe 96% Soothing Gel Cream
/eng/cosmetic_f8e1650386.html,Baojizhimi face cream
/eng/cosmetic_029a650370.html,Pretty Skin \u0412\u044b\u0440\u0430\u0432\u043d\u0438\u0432\u0430\u044e\u0449\u0438\u0439 \u0441\u043e\u043b\u043d\u0446\u0435\u0437\u0430\u0449\u0438\u0442\u043d\u044b\u0439 \u043a\u0440\u0435\u043c Pretty Skin Diamond Pure Pink Tone-Up Sun Cream SPF50+ PA++++
/eng/cosmetic_f4ed650364.html,wet n wild Color Icon Cream Eyeshadow Makeup Multi-Stick Nudie Culture
/eng/cosmetic_e091650355.html,Sinoz Pink Touch SPF 50+ Tone Up Sun Cream
/eng/cosmetic_b545650354.html,JIGOTT Snail UV Sun Block Cream SPF50 + PA +++ (70ml)
/eng/cosmetic_76c6650322.html,Dr Dennis Gross Vitamin C Lactic Dewy Deep Cream $75
/eng/cosmetic_6285650319.html,Noreva Xerodiane Soothing Anti-Irritation Cream
/eng/cosmetic_5b49650315.html,bioaqua 7x ceramide skin barrier repair moisturize cream
/eng/cosmetic_8121650308.html,Iris Rich Moisturising Lanolin Cream with Vitimin E
/eng/cosmetic_12b1650306.html,Bright Miracle Ultimate Clarity Cream
/eng/cosmetic_17de650305.html,Glow & Lovely Derma Glow Multivitamin Cream
/eng/cosmetic_16d7650300.html,STIMULSKIN PLUS Absolute Renewal Cream
/eng/cosmetic_3d42650299.html,Stimulskin Plus Absolute Renewal Balm Cream
/eng/cosmetic_ffe3650297.html,EMINA DAILY MATTE BB CREAM SPF 25 PA++ 16gr (Mya)
/eng/cosmetic_df39650291.html,Q10 Anti-age Hand Cream
/eng/cosmetic_b337650272.html,OH! OH! CELLULAR CORRECTIVE CREAM
/eng/cosmetic_44b8650269.html,LAWLESS Forget the Filler Skin-Plumping Line-Smoothing Perfecting Cream
/eng/cosmetic_0a6c650266.html,SKINFIX Skin Barrier Restoring Gel Cream with B-L3\u2122 Complex
/eng/cosmetic_e6b4650252.html,RAVIEL \ub77c\ube44\uc5d8 Base-Free Waterfull Tone up Sun Cream \ubca0\uc774\uc2a4\ud504\ub9ac \uc6cc\ud130\ud480 \ud1a4\uc5c5 \uc120\ud06c\ub9bc
/eng/cosmetic_3824650249.html,COSRX \ucf54\uc2a4\uc54c\uc5d1\uc2a4 Aloe Soothing Sun Cream \uc54c\ub85c\uc5d0 \uc218\ub529 \uc120\ud06c\ub9bc
/eng/cosmetic_ee73650248.html,COSRX \ucf54\uc2a4\uc54c\uc5d1\uc2a4 Aloe 54.2 Aqua Tone Up Sun cream \uc54c\ub85c\uc5d0 54.2 \uc544\ucfe0\uc544 \ud1a4\uc5c5 \uc120\uc2a4\ud06c\ub9b0
/eng/cosmetic_3142650246.html,Prreti \ud504\ub808\ud2f0 Daily Tone-Up Cica Sun Cream \ub370\uc77c\ub9ac \ud1a4\uc5c5 \uc2dc\uce74 \uc120\ud06c\ub9bc
/eng/cosmetic_d7a8650245.html,HOLIKA HOLIKA \ud640\ub9ac\uce74\ud640\ub9ac\uce74 Moisture Makeup Sun Cream \uba54\ubaa8\uc774\uc2a4\ucc98 \uba54\uc774\ud06c\uc5c5 \uc120\ud06c\ub9bc
/eng/cosmetic_1a46650244.html,HOLIKA HOLIKA \ud640\ub9ac\uce74\ud640\ub9ac\uce74 Makeup Sun Cream \uba54\uc774\ud06c\uc5c5 \uc120\ud06c\ub9bc
/eng/cosmetic_6e35650242.html,Purlisse BB Cream
/eng/cosmetic_95d4650229.html,Kielh's Ultra Facial Cream Face Cream
/eng/cosmetic_01bb650226.html,Derma factory Be zero sun Cream
/eng/cosmetic_2937650224.html,Beausta Green tone up cream
/eng/cosmetic_0bf7650213.html,PURE MELLOW \ud4e8\uc5b4\uba5c\ub85c\uc6b0 Daily Tone-Up Moist Sun Cream \ub370\uc77c\ub9ac \ud1a4\uc5c5 \ucd09\ucd09 \uc120\ud06c\ub9bc
/eng/cosmetic_de62650212.html,Dr.Banggiwon \ub2e5\ud130\ubc29\uae30\uc6d0 Cicamide Daily Essence Sun Cream \uc2dc\uce74\ub9c8\uc774\ub4dc \ub370\uc77c\ub9ac \uc5d0\uc13c\uc2a4 \uc120\ud06c\ub9bc
/eng/cosmetic_83c8650205.html,moisturizing cream
/eng/cosmetic_038e650204.html,moisturizing cream
/eng/cosmetic_2976650199.html,AFRODITA PROFESSIONAL HYALURON 24H CREAM za normalnu i mje\u0161ovitu ko\u017eu
/eng/cosmetic_4727650196.html,AHOHAW Elazulene Peptablue Anti-Aging Cream
/eng/cosmetic_6637650192.html,Synchroline Rosacure fast gel cream
/eng/cosmetic_bc89650187.html,MEDI-PEEL Red Lacto Collagen Sun Cream
/eng/cosmetic_2ead650183.html,KWAILNARA \uc54c\ub85c\uc5d0 \ubca0\ub77c \ubaa8\uc774\uc2a4\ucc98 \ub9ac\uc5bc \uc218\ub529 \uc120\ud06c\ub9bc Aloe Vera Moisture Real Soothing Sun Cream
/eng/cosmetic_4f2d650182.html,d'Alba Waterfull Essence Sun Cream
/eng/cosmetic_579f650154.html,SKIN 1004 - Madagascar Centella Probio-Cica Bakuchiol Eye Cream
/eng/cosmetic_6418650137.html,Jif Cream Cleaner Regular
/eng/cosmetic_d2dd650130.html,JOSH ROSEBROOK TINTED NUTRIENT DAY CREAM SPF30
/eng/cosmetic_35b2650113.html,elf Holy Hydration! Face Cream
/eng/cosmetic_6c22650103.html,Erno Laszlo Phelityl Reviving Cream
/eng/cosmetic_8f5f650096.html,Parachute Gold hair cream
/eng/cosmetic_f840650076.html,TREECHADA Cream makeup snow light
/eng/cosmetic_f082650059.html,Torriden DIVE IN Mild Sun Cream SPF50+\/PA++++
/eng/cosmetic_c0f8650043.html,Rare Beauty Hand cream
/eng/cosmetic_7fc5650007.html,It's SKIN Collatoning Cream
/eng/cosmetic_af54650004.html,Manyo V collagen cream
/eng/cosmetic_f335650002.html,EMINA Daily Matte BB Cream SPF 25++
/eng/cosmetic_951c649985.html,Dry Skin Day Cream
/eng/cosmetic_9ba9649979.html,BcomBIO Moisturizing Quenching Cream
/eng/cosmetic_5cf0649975.html,Aesthetico Sensitive eye cream
/eng/cosmetic_0217649974.html,Medicube Triple Collagen Cream
/eng/cosmetic_dbaf649973.html,Medicube Collagen Niacinamide Jelly Cream
/eng/cosmetic_4222649944.html,NATIO I Love Jasmine Hand Cream
/eng/cosmetic_497a649921.html,The INKEY List Caffeine De-puffing + Dark Circle Eye Cream
/eng/cosmetic_b5b3649909.html,NATIO I Love Jasmine Hand Cream
/eng/cosmetic_91a2649907.html,Gmeelan Gluta Whitening Lazy Cream
/eng/cosmetic_8b80649905.html,Cien SOS Concentrated Hand Cream
/eng/cosmetic_6cc2649902.html,Kruidvat Sensitive day cream
/eng/cosmetic_ff49649879.html,CLE CCC CREAM
/eng/cosmetic_0413649871.html,Hydroboost HA Moisturising Cream
/eng/cosmetic_d433649858.html,UltraLift Complete Beauty Night Cream
/eng/cosmetic_9dee649852.html,Manetabolism by The Mane Choice Rejuvenation Solution Extra Healthy Leave-In Recovery Cream
/eng/cosmetic_0667649851.html,Av\u00e8ne Xera Calm A.D face and body cream
/eng/cosmetic_4c82649841.html,BioEarth Elemental base cream
/eng/cosmetic_9e61649840.html,PUREEden Pure eden eye cream
/eng/cosmetic_f2f4649838.html,Alvina eye cream Eye cream q10
/eng/cosmetic_bbff649835.html,Indie Lee Brightening Cream
/eng/cosmetic_4267649799.html,Benton Guava Moisture Soothing Cream
/eng/cosmetic_493f649797.html,SIORIS Enriched by natuer Cream
/eng/cosmetic_e857649796.html,Vita Lift Men Expert Eye Cream
/eng/cosmetic_7df6649792.html,Moringa cream Perez moringa
/eng/cosmetic_8cd0649777.html,Von norten face cream Organic face cream
/eng/cosmetic_273e649773.html,calme cream Clarins calm
/eng/cosmetic_1c02649767.html,ph hubby soft matte suncream
/eng/cosmetic_b70d649739.html,REFY Cream Blush
/eng/cosmetic_0ea7649735.html,HYDRA ZEN CREAM
/eng/cosmetic_196c649734.html,Giorgio Armani CREMA NERA SUPREME LIGHT REVIVING CREAM
/eng/cosmetic_516f649726.html,RoC RETINOL CORREXION\u00ae LINE SMOOTHING MAX HYDRATION CREAM
/eng/cosmetic_758b649706.html,CELETEQUE Skin Defense Face and Body Daily Protection Cream SPF 50
/eng/cosmetic_571c649703.html,MEDIHEAL N.M.F Intensive Hydrating Cream
/eng/cosmetic_0d3a649681.html,GROWN ALCHEMIST Regenerating Night Cream
/eng/cosmetic_b636649680.html,pesade the new error hand cream
/eng/cosmetic_69f6649673.html,DAM DAM Tokyo MOCHI MOCHI Luminous Cream
/eng/cosmetic_f842649670.html,Dr. Jackson's Intense Restoring Eye Cream
/eng/cosmetic_6e59649667.html,Dr. Jackson's 02 Night Cream
/eng/cosmetic_73b5649657.html,VANICREAM Moisturizing Cream for Baby
/eng/cosmetic_d178649655.html,VANICREAM\u2122 Foaming Wash for Baby
/eng/cosmetic_c3e4649654.html,Round Lab 1025 Dokdo Suncream 50ml
/eng/cosmetic_16a4649643.html,Sunday Riley ICE CERAMIDE MOISTURISING CREAM
/eng/cosmetic_589c649574.html,tirtir ceramic cream
/eng/cosmetic_5476649533.html,"ANEW - SUPREME RICH CREAM WITH PROTINOL,  Luxurious rejuvenating cream with Protinol for day and night - 50 ml"
/eng/cosmetic_5505649523.html,De\u0432a Moisturizing Care Q10 Face Cream with Coezyme q10 4D Hyaluronic Acid & Shea butter
/eng/cosmetic_4d5c649515.html,La Maison du Savon de Marseille PURESENCE HAND CREAM - DONKEY MILK
/eng/cosmetic_d1c9649504.html,ITK Deep Moisture Rich Cream
/eng/cosmetic_4f7c649503.html,Berry Moisturizing Sun Cream SPF 50+ PA++++
